<?xml version="1.0" encoding="UTF-8" standalone="yes"?>
<contentHaul xmlns:a="http://www.appian.com/ae/types/2009">
    <versionUuid>_a-0000dfd8-6941-8000-9ba2-011c48011c48_181477</versionUuid>
    <communityKnowledgeCenter>
        <name>VM3 Documents</name>
        <uuid>375c1bb7-beec-4a65-ad57-07f060abec67_KC</uuid>
        <description>Record and message attachments for Vehicles</description>
        <parentUuid>SYSTEM_COMMUNITY_ROOT</parentUuid>
        <visibility>
            <advertise>true</advertise>
            <hierarchy>true</hierarchy>
            <indexable>true</indexable>
            <quota>false</quota>
            <searchable>true</searchable>
            <system>false</system>
            <unlogged>false</unlogged>
        </visibility>
        <expirationDays>0</expirationDays>
    </communityKnowledgeCenter>
    <roleMap public="true">
        <role inherit="false" allowForAll="false" name="readers">
            <users/>
            <groups/>
        </role>
        <role inherit="false" allowForAll="false" name="authors">
            <users/>
            <groups/>
        </role>
        <role inherit="true" allowForAll="false" name="administrators">
            <users/>
            <groups>
                <groupUuid>_e-0000def6-d077-8000-9aee-01075c01075c_91</groupUuid>
            </groups>
        </role>
        <role inherit="false" allowForAll="false" name="denyReaders">
            <users/>
            <groups/>
        </role>
        <role inherit="false" allowForAll="false" name="denyAuthors">
            <users/>
            <groups/>
        </role>
        <role inherit="false" allowForAll="false" name="denyAdministrators">
            <users/>
            <groups/>
        </role>
    </roleMap>
    <history>
        <historyInfo versionUuid="_a-0000dfd8-6941-8000-9ba2-011c48011c48_181477"/>
    </history>
</contentHaul>
