<?xml version="1.0" encoding="UTF-8" standalone="yes"?>
<contentHaul xmlns:a="http://www.appian.com/ae/types/2009">
    <versionUuid>_a-0000dfd8-6941-8000-9ba2-011c48011c48_181487</versionUuid>
    <rule>
        <name>VM3_FormatName</name>
        <uuid>4232b83a-1806-41d3-b693-d4edd01ecc1c_FORMATNAME</uuid>
        <description>Given a username, returns the display name in a formatted string</description>
        <parentUuid>b09bd1bc-57bc-4782-98fb-fc6952dd1d23</parentUuid>
        <visibility>
            <advertise>false</advertise>
            <hierarchy>true</hierarchy>
            <indexable>true</indexable>
            <quota>false</quota>
            <searchable>true</searchable>
            <system>false</system>
            <unlogged>false</unlogged>
        </visibility>
        <definition>if(
  and(not(isnull(ri!username)), isusernametaken(ri!username)),
  user(ri!username, "firstName") &amp; " " &amp; user(ri!username, "lastName"),
  ri!username
)
</definition>
        <namedTypedValue>
            <name>username</name>
            <type>
                <name>string</name>
                <namespace>http://www.w3.org/2001/XMLSchema</namespace>
            </type>
            <value/>
        </namedTypedValue>
        <preferredEditor>legacy</preferredEditor>
        <offlineEnabled>false</offlineEnabled>
    </rule>
    <roleMap public="true">
        <role inherit="true" allowForAll="false" name="readers">
            <users/>
            <groups/>
        </role>
        <role inherit="true" allowForAll="false" name="authors">
            <users/>
            <groups/>
        </role>
        <role inherit="true" allowForAll="false" name="administrators">
            <users/>
            <groups/>
        </role>
        <role inherit="false" allowForAll="false" name="denyReaders">
            <users/>
            <groups/>
        </role>
        <role inherit="false" allowForAll="false" name="denyAuthors">
            <users/>
            <groups/>
        </role>
        <role inherit="false" allowForAll="false" name="denyAdministrators">
            <users/>
            <groups/>
        </role>
    </roleMap>
    <history>
        <historyInfo versionUuid="_a-0000dfd8-6941-8000-9ba2-011c48011c48_181487"/>
    </history>
</contentHaul>
