<?xml version="1.0" encoding="UTF-8" standalone="yes"?>
<contentHaul xmlns:a="http://www.appian.com/ae/types/2009">
    <versionUuid>_a-0000dfd8-6941-8000-9ba2-011c48011c48_181495</versionUuid>
    <rule>
        <name>VM3_VehicleDetails</name>
        <uuid>_a-0000def6-d094-8000-9ba2-011c48011c48_40432</uuid>
        <description>"Base" interface module, with all the basic fields of the record. Used by the Summary record view, create/update, and task forms.</description>
        <parentUuid>ccdf69a9-4197-4d0b-bf3f-99bf3ad69a5b</parentUuid>
        <visibility>
            <advertise>false</advertise>
            <hierarchy>true</hierarchy>
            <indexable>true</indexable>
            <quota>false</quota>
            <searchable>true</searchable>
            <system>false</system>
            <unlogged>false</unlogged>
        </visibility>
        <definition>load(
  /* The local variables store the options for the Pick Single / Multiple from List fields    *
   * We only show the active options, plus any inactive options already stored on this record */
  local!engineOptions: if(ri!record.engine.active,#"_a-0000def6-d094-8000-9ba2-011c48011c48_40421"(#"_a-0000def6-d094-8000-9ba2-011c48011c48_40454"(), null),#"_a-0000def6-d094-8000-9ba2-011c48011c48_40421"(#"_a-0000def6-d094-8000-9ba2-011c48011c48_40454"(), ri!record.engine.id)),
  {
    #"SYSTEM_SYSRULES_sectionLayout_v1"(
      label: ri!label,
      contents: #"SYSTEM_SYSRULES_columnsLayout"(
        columns: {
          #"SYSTEM_SYSRULES_columnLayout"(
            contents: {
        #"SYSTEM_SYSRULES_textField"(
          label: "Vehicle Name",
          labelPosition: if(ri!readOnly, "ADJACENT", "ABOVE"),
          instructions: if(ri!readOnly, "", ""),
          helpTooltip: if(ri!readOnly, "", ""),
          placeholder: if(ri!readOnly, "", ""),
          required: not(ri!readOnly),
          value: ri!record.vehicleName,
          saveInto: ri!record.vehicleName,
          readOnly: ri!readOnly,
          validations: if(
            len(ri!record.vehicleName) &lt;= 200,
            "",
            "Value may not be longer than 200 characters. You have entered " &amp; len(ri!record.vehicleName) &amp; " characters."
          )
        ),
        #"SYSTEM_SYSRULES_textField"(
          label: "Model Number",
          labelPosition: if(ri!readOnly, "ADJACENT", "ABOVE"),
          instructions: if(ri!readOnly, "", ""),
          helpTooltip: if(ri!readOnly, "", ""),
          placeholder: if(ri!readOnly, "", ""),
          required: not(ri!readOnly),
          value: ri!record.modelNumber,
          saveInto: ri!record.modelNumber,
          readOnly: ri!readOnly,
          validations: if(
            len(ri!record.modelNumber) &lt;= 200,
            "",
            "Value may not be longer than 200 characters. You have entered " &amp; len(ri!record.modelNumber) &amp; " characters."
          )
        ),
              if(
                ri!creating,
                {},
                {
                  #"SYSTEM_SYSRULES_linkField"(
                    label: "Created By",
                    labelPosition: if(ri!readOnly, "ADJACENT", "ABOVE"),
                    links: #"SYSTEM_SYSRULES_userRecordLink"(
                      label: #"4232b83a-1806-41d3-b693-d4edd01ecc1c_FORMATNAME"(ri!record.createdBy),
                      user: ri!record.createdBy
                    )
                  ),
                  #"SYSTEM_SYSRULES_textField"(
                    label: "Created On",
                    labelPosition: if(ri!readOnly, "ADJACENT", "ABOVE"),
                    value: #"_a-0000def6-d094-8000-9ba2-011c48011c48_40417"(ri!record.createdOn),
                    readOnly: true
                  )
                }
              )
            }
          ),
          #"SYSTEM_SYSRULES_columnLayout"(
            contents: {
        if(
          ri!readOnly,
          #"SYSTEM_SYSRULES_textField"(
            label: "Engine",
            labelPosition: "ADJACENT",
            value: ri!record.engine.value,
            readOnly: true
          ),
          #"SYSTEM_SYSRULES_dropdownField"(
            label: "Engine",
            labelPosition: "ABOVE",
            instructions: "",
            helpTooltip: "",
            placeholderLabel: "--- Select a Value ---",
            choiceLabels: local!engineOptions.value,
            choiceValues: local!engineOptions,
            required: not(ri!readOnly),
            value: ri!record.engine,
            saveInto: ri!record.engine
          )
        ),
              if(
                ri!creating,
                {},
                {
                  #"SYSTEM_SYSRULES_linkField"(
                    label: "Updated By",
                    labelPosition: if(ri!readOnly, "ADJACENT", "ABOVE"),
                    links: #"SYSTEM_SYSRULES_userRecordLink"(
                      label: #"4232b83a-1806-41d3-b693-d4edd01ecc1c_FORMATNAME"(ri!record.updatedBy),
                      user: ri!record.updatedBy
                    )
                  ),
                  #"SYSTEM_SYSRULES_textField"(
                    label: "Updated On",
                    labelPosition: if(ri!readOnly, "ADJACENT", "ABOVE"),
                    value: #"_a-0000def6-d094-8000-9ba2-011c48011c48_40417"(ri!record.updatedOn),
                    readOnly: true
                  )
                }
              )
            }
          )
        }
      )
    ),
    #"_a-0000def6-d094-8000-9ba2-011c48011c48_40428"(
      documents: ri!documents,
      deletedDocuments: ri!deletedDocuments,
      readOnly: ri!readOnly,
      target: if(ri!creating,
        #"_a-0000def6-d094-8000-9ba2-011c48011c48_40410",
        ri!record.folderId
      )
    )
  }
)</definition>
        <namedTypedValue>
            <name>record</name>
            <type>
                <name>VM3_Vehicle</name>
                <namespace>urn:com:appian:types:VM3</namespace>
            </type>
        </namedTypedValue>
        <namedTypedValue>
            <name>creating</name>
            <type>
                <name>boolean</name>
                <namespace>http://www.w3.org/2001/XMLSchema</namespace>
            </type>
        </namedTypedValue>
        <namedTypedValue>
            <name>readOnly</name>
            <type>
                <name>boolean</name>
                <namespace>http://www.w3.org/2001/XMLSchema</namespace>
            </type>
        </namedTypedValue>
        <namedTypedValue>
            <name>documents</name>
            <type>
                <name>CollaborationDocument?list</name>
                <namespace>http://www.appian.com/ae/types/2009</namespace>
            </type>
        </namedTypedValue>
        <namedTypedValue>
            <name>label</name>
            <type>
                <name>string</name>
                <namespace>http://www.w3.org/2001/XMLSchema</namespace>
            </type>
            <value/>
        </namedTypedValue>
        <namedTypedValue>
            <name>deletedDocuments</name>
            <type>
                <name>CollaborationDocument?list</name>
                <namespace>http://www.appian.com/ae/types/2009</namespace>
            </type>
        </namedTypedValue>
        <metadataExpr></metadataExpr>
        <preferredEditor>interface</preferredEditor>
        <offlineEnabled>false</offlineEnabled>
    </rule>
    <roleMap public="true">
        <role inherit="true" allowForAll="false" name="readers">
            <users/>
            <groups/>
        </role>
        <role inherit="true" allowForAll="false" name="authors">
            <users/>
            <groups/>
        </role>
        <role inherit="true" allowForAll="false" name="administrators">
            <users/>
            <groups/>
        </role>
        <role inherit="false" allowForAll="false" name="denyReaders">
            <users/>
            <groups/>
        </role>
        <role inherit="false" allowForAll="false" name="denyAuthors">
            <users/>
            <groups/>
        </role>
        <role inherit="false" allowForAll="false" name="denyAdministrators">
            <users/>
            <groups/>
        </role>
    </roleMap>
    <history>
        <historyInfo versionUuid="_a-0000dfd8-6941-8000-9ba2-011c48011c48_181495"/>
    </history>
</contentHaul>
