<?xml version="1.0" encoding="UTF-8" standalone="yes"?>
<contentHaul xmlns:a="http://www.appian.com/ae/types/2009">
    <versionUuid>_a-0000dfd8-6941-8000-9ba2-011c48011c48_181500</versionUuid>
    <rule>
        <name>VM3_VehicleDashboard</name>
        <uuid>_a-0000def6-d094-8000-9ba2-011c48011c48_40435</uuid>
        <description>Record dashboard for Vehicles</description>
        <parentUuid>ccdf69a9-4197-4d0b-bf3f-99bf3ad69a5b</parentUuid>
        <visibility>
            <advertise>false</advertise>
            <hierarchy>true</hierarchy>
            <indexable>true</indexable>
            <quota>false</quota>
            <searchable>true</searchable>
            <system>false</system>
            <unlogged>false</unlogged>
        </visibility>
        <definition>load(
  local!record: #"b3d215d6-f546-4e63-9aba-d1493bc9990d_GETONERECORD"(ri!id),
  #"SYSTEM_SYSRULES_dashboardLayout_v1"(
    contents: {
      #"_a-0000def6-d094-8000-9ba2-011c48011c48_40432"(
        record: local!record,
        creating: false,
        readOnly: true,
        documents: if(
          isnull(local!record.folderId),
          {},
          folder(local!record.folderId, "documentChildren")
        )
      ),
      #"_a-0000def6-d094-8000-9ba2-011c48011c48_40433"(ri!id)
    }
  )
)</definition>
        <namedTypedValue>
            <name>id</name>
            <type>
                <name>int</name>
                <namespace>http://www.w3.org/2001/XMLSchema</namespace>
            </type>
        </namedTypedValue>
        <preferredEditor>interface</preferredEditor>
        <offlineEnabled>false</offlineEnabled>
    </rule>
    <roleMap public="true">
        <role inherit="true" allowForAll="false" name="readers">
            <users/>
            <groups/>
        </role>
        <role inherit="true" allowForAll="false" name="authors">
            <users/>
            <groups/>
        </role>
        <role inherit="true" allowForAll="false" name="administrators">
            <users/>
            <groups/>
        </role>
        <role inherit="false" allowForAll="false" name="denyReaders">
            <users/>
            <groups/>
        </role>
        <role inherit="false" allowForAll="false" name="denyAuthors">
            <users/>
            <groups/>
        </role>
        <role inherit="false" allowForAll="false" name="denyAdministrators">
            <users/>
            <groups/>
        </role>
    </roleMap>
    <history>
        <historyInfo versionUuid="_a-0000dfd8-6941-8000-9ba2-011c48011c48_181500"/>
    </history>
</contentHaul>
