<?xml version="1.0" encoding="UTF-8" standalone="yes"?>
<contentHaul xmlns:a="http://www.appian.com/ae/types/2009">
    <versionUuid>_a-0000dfd8-6941-8000-9ba2-011c48011c48_181526</versionUuid>
    <queryRule>
        <name>VM3_GetAllVehicles</name>
        <uuid>_a-0000def6-d094-8000-9ba2-011c48011c48_40517</uuid>
        <description>Grabs all Vehicles in inventory</description>
        <folderUuid>ccdf69a9-4197-4d0b-bf3f-99bf3ad69a5b</folderUuid>
        <dataStoreEntityCompositeUuid>e3741c2a-2be0-487d-ac71-658eb60c3c1d@_a-0000def6-d094-8000-9ba2-011c48011c48_40449</dataStoreEntityCompositeUuid>
        <params/>
        <filters/>
        <orderings/>
    </queryRule>
    <roleMap public="false">
        <role inherit="true" allowForAll="false" name="readers">
            <users/>
            <groups/>
        </role>
        <role inherit="true" allowForAll="false" name="authors">
            <users/>
            <groups/>
        </role>
        <role inherit="true" allowForAll="false" name="administrators">
            <users/>
            <groups/>
        </role>
        <role inherit="false" allowForAll="false" name="denyReaders">
            <users/>
            <groups/>
        </role>
        <role inherit="false" allowForAll="false" name="denyAuthors">
            <users/>
            <groups/>
        </role>
        <role inherit="false" allowForAll="false" name="denyAdministrators">
            <users/>
            <groups/>
        </role>
    </roleMap>
    <history>
        <historyInfo versionUuid="_a-0000dfd8-6941-8000-9ba2-011c48011c48_181526"/>
    </history>
</contentHaul>
