<?xml version="1.0" encoding="UTF-8" standalone="yes"?>
<dataStoreHaul xmlns:a="http://www.appian.com/ae/types/2009">
    <versionUuid>_a-0000dfd8-6941-8000-9ba2-011c48011c48_181466</versionUuid>
    <dataStore>
        <uuid>_a-0000def6-d094-8000-9ba2-011c48011c48_40449</uuid>
        <name>VM3 Vehicles</name>
        <description></description>
        <dataSourceKey>java:/jdbc/Appian</dataSourceKey>
        <adaptingExplicitSqlNames>false</adaptingExplicitSqlNames>
        <autoUpdateSchema>false</autoUpdateSchema>
        <entities>
            <entity>
                <uuid>24068b92-c2fa-43bb-93b2-c8ba5d7192c5</uuid>
                <name>VM3_Engine</name>
                <type>{urn:com:appian:types:VM3}VM3_Engine</type>
            </entity>
            <entity>
                <uuid>9299ce79-5696-406f-a05e-5f3d280243e6</uuid>
                <name>VM3_Activity</name>
                <type>{urn:com:appian:types:VM3}VM3_Activity</type>
            </entity>
            <entity>
                <uuid>e3741c2a-2be0-487d-ac71-658eb60c3c1d</uuid>
                <name>VM3_Vehicle</name>
                <type>{urn:com:appian:types:VM3}VM3_Vehicle</type>
            </entity>
        </entities>
    </dataStore>
    <isPublished>true</isPublished>
    <roleMap>
        <role inherit="false" allowForAll="false" name="administrators">
            <users/>
            <groups>
                <groupUuid>_e-0000def6-d077-8000-9aee-01075c01075c_91</groupUuid>
            </groups>
        </role>
        <role inherit="false" allowForAll="false" name="authors">
            <users/>
            <groups/>
        </role>
        <role inherit="false" allowForAll="false" name="denyAdministrators">
            <users/>
            <groups/>
        </role>
        <role inherit="false" allowForAll="false" name="denyAuthors">
            <users/>
            <groups/>
        </role>
        <role inherit="false" allowForAll="false" name="denyReaders">
            <users/>
            <groups/>
        </role>
        <role inherit="false" allowForAll="false" name="readers">
            <users/>
            <groups/>
        </role>
    </roleMap>
    <history>
        <historyInfo versionUuid="_a-0000dfd8-6941-8000-9ba2-011c48011c48_181466"/>
    </history>
</dataStoreHaul>
