<?xml version="1.0" encoding="UTF-8" standalone="yes"?>
<webApiHaul xmlns:a="http://www.appian.com/ae/types/2009">
    <versionUuid>dc36ef3d-0d30-4f6b-9e3e-a282a8f9cece</versionUuid>
    <webApi a:uuid="26107ba6-db18-4536-a0fc-50364a3cc6ef" name="IOT_AmazonDashEndpoint">
        <a:description>An endpoint for Amazon Dash Buttons</a:description>
        <a:expression>with(
  #"SYSTEM_SYSRULES_startProcess"(
    processModel: #"_a-0000df20-696c-8000-f367-01ef9001ef90_3415",
    processParameters: #"SYSTEM_SYSRULES_fromJson"(
      http!request.body
    ),
    onSuccess: #"SYSTEM_SYSRULES_httpResponse"(
      statusCode: 200,
      headers: {
        #"SYSTEM_SYSRULES_httpHeader"(name: "Content-Type", value: "application/json")
      },
      body: #"SYSTEM_SYSRULES_toJson_v1"(
        fv!processInfo
      )
    ),
    onError: #"SYSTEM_SYSRULES_httpResponse"(
      statusCode: 500,
      headers: {
        #"SYSTEM_SYSRULES_httpHeader"(name: "Content-Type", value: "application/json")
      },
      body: #"SYSTEM_SYSRULES_toJson_v1"(
        {
          error: "There was an error starting the process"
        }
      )
    )
  )
)</a:expression>
        <a:urlAlias>iot-dash</a:urlAlias>
        <a:httpMethod>POST</a:httpMethod>
        <a:system>false</a:system>
    </webApi>
    <roleMap/>
    <typedValue>
        <type>
            <name>WebApiRequest?list</name>
            <namespace>http://www.appian.com/ae/types/2009</namespace>
        </type>
        <value>
            <el>
                <a:path/>
                <a:body>{
"buttonID": "G030MD027051E3CB",
"clickType":"AWS-SINGLE",
"batteryLevel":"98"
}</a:body>
            </el>
        </value>
    </typedValue>
    <history>
        <historyInfo versionUuid="dc36ef3d-0d30-4f6b-9e3e-a282a8f9cece"/>
    </history>
</webApiHaul>
