<?xml version="1.0" encoding="UTF-8"?>
<siteHaul xmlns:a="http://www.appian.com/ae/types/2009" xmlns:xsi="http://www.w3.org/2001/XMLSchema-instance">
  <site a:uuid="3d512fdb-92d4-4d6b-80ab-471445391145" name="Site Management">
    <description>Site Management</description>
    <urlStub>siteconnect</urlStub>
    <page>
      <staticName>Site Management</staticName>
      <description/>
      <urlStub>pubz0Q</urlStub>
      <uiObject a:uuid="cd6cb4e3-13ad-4f29-9ccd-3bdb70f9a89c" xsi:type="a:RecordType">
        <a:isSystem>false</a:isSystem>
        <a:security>16383</a:security>
        <a:hideLatestNews>false</a:hideLatestNews>
      </uiObject>
      <iconId>f21e</iconId>
      <visibilityExpr>fn!true()</visibilityExpr>
      <pageWidth>STANDARD</pageWidth>
    </page>
    <page>
      <staticName>Payment Report</staticName>
      <description/>
      <urlStub>payment-report</urlStub>
      <uiObject a:uuid="5968e208-067e-4564-8bd6-4db1c97a6bda" xsi:type="a:TaskReport"/>
      <iconId>f080</iconId>
      <visibilityExpr>fn!true()</visibilityExpr>
      <pageWidth>STANDARD</pageWidth>
    </page>
    <page>
      <staticName>Personal</staticName>
      <description/>
      <urlStub>my-profile-record</urlStub>
      <uiObject a:uuid="ba203ca9-b15a-4ff5-b17c-7ba82c32305b" xsi:type="a:RecordType">
        <a:isSystem>false</a:isSystem>
        <a:security>16383</a:security>
        <a:hideLatestNews>false</a:hideLatestNews>
      </uiObject>
      <iconId>f007</iconId>
      <visibilityExpr>fn!true()</visibilityExpr>
      <pageWidth>STANDARD</pageWidth>
    </page>
    <visibility>268435456</visibility>
    <headerBackgroundColor>#0093d0</headerBackgroundColor>
    <selectedTabBackgroundColor>#0093d0</selectedTabBackgroundColor>
    <faviconRef a:uuid="_a-0000dd25-2c63-8000-daab-640000640000_10028" xsi:type="a:CollaborationDocument"/>
    <faviconHref/>
    <logoRef a:uuid="_a-0000def6-d094-8000-9ba2-011c48011c48_36507" xsi:type="a:CollaborationDocument"/>
    <logoHref/>
    <headerBackgroundColorExpr/>
    <selectedTabBackgroundColorExpr/>
    <accentColor/>
    <accentColorExpr/>
    <logoExpr/>
    <faviconExpr/>
    <showName>false</showName>
    <tempoLinkVisibility>HIDDEN</tempoLinkVisibility>
  </site>
  <roleMap>
    <role name="site_administrator">
      <users/>
      <groups>
        <groupUuid>_e-0000dd39-67e0-8000-daa7-640000640000_75</groupUuid>
      </groups>
    </role>
    <role name="site_viewer">
      <users/>
      <groups>
        <groupUuid>_e-0001dd4e-0437-8000-daa7-640000640000_86</groupUuid>
      </groups>
    </role>
  </roleMap>
  <history>
    <historyInfo versionUuid="d8824370-7095-4b91-b471-c98eb1a8dcb0"/>
  </history>
</siteHaul>
