<?xml version="1.0" encoding="UTF-8" standalone="yes"?>
<contentHaul xmlns:a="http://www.appian.com/ae/types/2009">
    <versionUuid>_a-0000df4f-3e48-8000-9ba2-011c48011c48_60636</versionUuid>
    <queryRule>
        <name>ASC_getAllContractModifications</name>
        <uuid>47a2f544-8d7b-4b53-8ea9-505a848f6d1d</uuid>
        <description>Returns all the contract modifications</description>
        <folderUuid>_a-0000def3-0227-8000-9ba2-011c48011c48_10527</folderUuid>
        <dataStoreEntityCompositeUuid>887ac43e-7753-415d-b3c7-4fef7844ee62@_a-0000dee6-acf9-8000-9ba2-011c48011c48_7300</dataStoreEntityCompositeUuid>
        <params/>
        <filters/>
        <orderings/>
    </queryRule>
    <roleMap public="false">
        <role inherit="true" allowForAll="false" name="readers">
            <users/>
            <groups/>
        </role>
        <role inherit="true" allowForAll="false" name="authors">
            <users/>
            <groups/>
        </role>
        <role inherit="true" allowForAll="false" name="administrators">
            <users>
                <userUuid>mwandama.mutanuka@perficient.com</userUuid>
            </users>
            <groups/>
        </role>
        <role inherit="false" allowForAll="false" name="denyReaders">
            <users/>
            <groups/>
        </role>
        <role inherit="false" allowForAll="false" name="denyAuthors">
            <users/>
            <groups/>
        </role>
        <role inherit="false" allowForAll="false" name="denyAdministrators">
            <users/>
            <groups/>
        </role>
    </roleMap>
    <history>
        <historyInfo versionUuid="_a-0000df4f-3e48-8000-9ba2-011c48011c48_60636"/>
    </history>
</contentHaul>
