<?xml version="1.0" encoding="UTF-8" standalone="yes"?>
<contentHaul xmlns:a="http://www.appian.com/ae/types/2009">
    <versionUuid>_a-0000df4f-3e48-8000-9ba2-011c48011c48_60730</versionUuid>
    <rule>
        <name>ASC_ChangeNoticeTypeReport_Chart</name>
        <uuid>_a-0000df0b-b44d-8000-9ba2-011c48011c48_19519</uuid>
        <description>Change Notice type bar graph section </description>
        <parentUuid>_a-0000deba-19b3-8000-9ba2-011c48011c48_32858</parentUuid>
        <visibility>
            <advertise>false</advertise>
            <hierarchy>true</hierarchy>
            <indexable>true</indexable>
            <quota>false</quota>
            <searchable>true</searchable>
            <system>false</system>
            <unlogged>false</unlogged>
        </visibility>
        <definition>load(
  local!pagingInfo: #"SYSTEM_SYSRULES_pagingInfo"(
    startIndex: 1,
    batchSize: -1,
    sort: #"SYSTEM_SYSRULES_sortInfo"(
      field: "modificationType",
      ascending: true
    )
  ),
  with(
    local!datasubset: #"SYSTEM_SYSRULES_queryEntity"(
      entity: #"_a-0000df0b-b44d-8000-9ba2-011c48011c48_15942",
      query: #"SYSTEM_SYSRULES_query"(
        aggregation: #"SYSTEM_SYSRULES_queryAggregation"(aggregationColumns: {
          #"SYSTEM_SYSRULES_queryAggregationColumn"(field: "modificationType", isGrouping: true),
          #"SYSTEM_SYSRULES_queryAggregationColumn"(field: "Id", aggregationFunction: "COUNT"),
        }),
        pagingInfo: local!pagingInfo
      )
    ),
    #"SYSTEM_SYSRULES_columnChartField"(
      label: "Chang Notice Requests By Type",
      labelPosition: "ABOVE",
      categories: {
        index(local!datasubset.data, "modificationType", null)
      },
      series: {
        #"SYSTEM_SYSRULES_chartSeries"(
          label: "Modification Type",
          data: index(local!datasubset.data, "Id", null),
          links: #"SYSTEM_SYSRULES_forEach"(
            items: index(local!datasubset.data, "modificationType", null),
            expression: #"SYSTEM_SYSRULES_dynamicLink"(
            value: fv!item,
            saveInto: ri!selected
          )
        ))
      },
      xAxisTitle: "Type",
      yAxisTitle: "Total Contract Modifications",
      stacking: "NONE",
      showLegend: false,
      showTooltips: true
    )
  )
)
</definition>
        <namedTypedValue>
            <name>selected</name>
            <type>
                <name>string</name>
                <namespace>http://www.w3.org/2001/XMLSchema</namespace>
            </type>
            <value/>
        </namedTypedValue>
        <metadataExpr></metadataExpr>
        <preferredEditor>interface</preferredEditor>
        <offlineEnabled>false</offlineEnabled>
    </rule>
    <roleMap public="true">
        <role inherit="true" allowForAll="false" name="readers">
            <users/>
            <groups/>
        </role>
        <role inherit="true" allowForAll="false" name="authors">
            <users/>
            <groups/>
        </role>
        <role inherit="true" allowForAll="false" name="administrators">
            <users>
                <userUuid>samuel.bruns@perficient.com</userUuid>
            </users>
            <groups/>
        </role>
        <role inherit="false" allowForAll="false" name="denyReaders">
            <users/>
            <groups/>
        </role>
        <role inherit="false" allowForAll="false" name="denyAuthors">
            <users/>
            <groups/>
        </role>
        <role inherit="false" allowForAll="false" name="denyAdministrators">
            <users/>
            <groups/>
        </role>
    </roleMap>
    <history>
        <historyInfo versionUuid="_a-0000df4f-3e48-8000-9ba2-011c48011c48_60730"/>
    </history>
</contentHaul>
