<?xml version="1.0" encoding="UTF-8" standalone="yes"?>
<contentHaul xmlns:a="http://www.appian.com/ae/types/2009">
    <versionUuid>_a-0000df63-1167-8000-9ba2-011c48011c48_112598</versionUuid>
    <report>
        <name>Completion Time for User Tasks</name>
        <uuid>_a-0000df4f-3e48-8000-9ba2-011c48011c48_61080</uuid>
        <description>Average Time for a User to complete a task</description>
        <parentUuid>_a-0000df4f-3e48-8000-9ba2-011c48011c48_61060</parentUuid>
        <visibility>
            <advertise>false</advertise>
            <hierarchy>true</hierarchy>
            <indexable>true</indexable>
            <quota>false</quota>
            <searchable>true</searchable>
            <system>false</system>
            <unlogged>false</unlogged>
        </visibility>
        <reportData>
            <metadata>
                <baseFilters>
                    <completedFilter>
                        <apply>false</apply>
                    </completedFilter>
                    <outsideNStandardDeviationsFilter>
                        <apply>false</apply>
                        <standardDeviationCount>0.0</standardDeviationCount>
                    </outsideNStandardDeviationsFilter>
                    <lastNCompletedFilter>
                        <apply>false</apply>
                        <completedCount>0</completedCount>
                    </lastNCompletedFilter>
                    <aheadOfScheduleFilter>
                        <apply>false</apply>
                    </aheadOfScheduleFilter>
                    <runningFilter>
                        <apply>false</apply>
                    </runningFilter>
                    <behindScheduleFilter>
                        <apply>false</apply>
                    </behindScheduleFilter>
                    <lastNDaysFilter>
                        <apply>false</apply>
                        <dayCount>0.0</dayCount>
                    </lastNDaysFilter>
                    <dueTodayFilter>
                        <apply>false</apply>
                    </dueTodayFilter>
                </baseFilters>
                <batchSize>25</batchSize>
                <columns>
                    <column>
                        <columnAggregationFunction>24</columnAggregationFunction>
                        <drillPath>
                            <enabled>false</enabled>
                            <expression>=if(isnull(pv!assignedUser),"System", pv!assignedUser)</expression>
                            <linkType>8</linkType>
                        </drillPath>
                        <expression>=if(isnull(pv!assignedUser),pp!initiator, pv!assignedUser)</expression>
                        <formatToken>string</formatToken>
                        <group>true</group>
                        <lastAggregateToken>number</lastAggregateToken>
                        <lastFormatToken>string</lastFormatToken>
                        <localId>4</localId>
                        <name>user</name>
                        <show>true</show>
                    </column>
                    <column>
                        <columnAggregationFunction>24</columnAggregationFunction>
                        <drillPath>
                            <enabled>false</enabled>
                        </drillPath>
                        <expression>=pm!name</expression>
                        <formatToken>number</formatToken>
                        <group>false</group>
                        <lastAggregateToken>number</lastAggregateToken>
                        <lastFormatToken>string</lastFormatToken>
                        <localId>0</localId>
                        <name>Name</name>
                        <show>false</show>
                    </column>
                    <column>
                        <columnAggregationFunction>23</columnAggregationFunction>
                        <drillPath>
                            <enabled>false</enabled>
                        </drillPath>
                        <expression>=round(running_lag_time(),2)</expression>
                        <formatToken>number</formatToken>
                        <group>false</group>
                        <lastAggregateToken>number</lastAggregateToken>
                        <localId>5</localId>
                        <name>lagTime</name>
                        <show>true</show>
                    </column>
                    <column>
                        <columnAggregationFunction>23</columnAggregationFunction>
                        <drillPath>
                            <enabled>false</enabled>
                        </drillPath>
                        <expression>=round(if(isnull(total_work_time()),NetWork(),total_work_time()),2)</expression>
                        <formatToken>number</formatToken>
                        <group>false</group>
                        <lastAggregateToken>number</lastAggregateToken>
                        <localId>6</localId>
                        <name>workTime</name>
                        <show>true</show>
                    </column>
                    <column>
                        <columnAggregationFunction>24</columnAggregationFunction>
                        <drillPath>
                            <enabled>false</enabled>
                        </drillPath>
                        <expression>=pp!name</expression>
                        <formatToken>number</formatToken>
                        <group>false</group>
                        <lastAggregateToken>number</lastAggregateToken>
                        <lastFormatToken>string</lastFormatToken>
                        <localId>2</localId>
                        <name>Process</name>
                        <show>false</show>
                    </column>
                    <column>
                        <columnAggregationFunction>24</columnAggregationFunction>
                        <drillPath>
                            <enabled>false</enabled>
                        </drillPath>
                        <expression>=tp!starttime</expression>
                        <formatToken>number</formatToken>
                        <group>false</group>
                        <lastAggregateToken>number</lastAggregateToken>
                        <lastFormatToken>datetime</lastFormatToken>
                        <localId>3</localId>
                        <name>Start Time</name>
                        <show>false</show>
                    </column>
                    <column>
                        <columnAggregationFunction>23</columnAggregationFunction>
                        <drillPath>
                            <enabled>false</enabled>
                        </drillPath>
                        <expression>=task_status()</expression>
                        <formatToken>taskstatus</formatToken>
                        <group>false</group>
                        <lastAggregateToken>taskstatus</lastAggregateToken>
                        <lastFormatToken>taskstatus</lastFormatToken>
                        <localId>1</localId>
                        <name>Status</name>
                        <show>false</show>
                    </column>
                </columns>
                <contexts>
                    <context>
                        <stringId>0002df19-efbf-8000-f92f-7f0000014e7a</stringId>
                        <type>20480</type>
                    </context>
                    <context>
                        <stringId>0008df23-ad59-8000-f92f-7f0000014e7a</stringId>
                        <type>20480</type>
                    </context>
                    <context>
                        <stringId>0002df0f-d7ed-8000-f92f-7f0000014e7a</stringId>
                        <type>20480</type>
                    </context>
                    <context>
                        <stringId>0008df23-ad59-8000-f92f-7f0000014e7a</stringId>
                        <type>20480</type>
                    </context>
                    <context>
                        <stringId>000fdf4a-c055-8000-f92f-7f0000014e7a</stringId>
                        <type>20480</type>
                    </context>
                    <context>
                        <stringId>0024df49-7501-8000-f92f-7f0000014e7a</stringId>
                        <type>20480</type>
                    </context>
                    <context>
                        <stringId>0024df51-6472-8000-f92f-7f0000014e7a</stringId>
                        <type>20480</type>
                    </context>
                </contexts>
                <contextType>1</contextType>
                <quickFilters/>
                <recursive>false</recursive>
                <sortColumnLocalId>4</sortColumnLocalId>
                <sortOrder>0</sortOrder>
                <startIndex>0</startIndex>
                <type>2</type>
            </metadata>
            <display>
                <description>Average Time for a User to complete a task</description>
                <displayThresholds>false</displayThresholds>
                <displayType>0</displayType>
                <name>Completion Time for User Tasks</name>
                <quickFilterDisplay>0</quickFilterDisplay>
                <showLegend>true</showLegend>
                <showQuickFiltersInToolbar>true</showQuickFiltersInToolbar>
                <supportedTypes>
                    <supportedType>0</supportedType>
                    <supportedType>1</supportedType>
                    <supportedType>2</supportedType>
                    <supportedType>3</supportedType>
                    <supportedType>4</supportedType>
                    <supportedType>5</supportedType>
                    <supportedType>6</supportedType>
                    <supportedType>7</supportedType>
                </supportedTypes>
                <useCustomToolbar>false</useCustomToolbar>
                <useDefaultBarGraphXML>true</useDefaultBarGraphXML>
                <useDefaultLineGraphXML>true</useDefaultLineGraphXML>
                <useDefaultPieGraphXML>true</useDefaultPieGraphXML>
            </display>
            <modified>false</modified>
            <showDisplayOptions>false</showDisplayOptions>
            <showTitle>false</showTitle>
            <showToolbar>false</showToolbar>
            <view>0</view>
            <writeAccess>false</writeAccess>
        </reportData>
    </report>
    <roleMap public="true">
        <role inherit="true" allowForAll="false" name="readers">
            <users/>
            <groups/>
        </role>
        <role inherit="true" allowForAll="false" name="authors">
            <users/>
            <groups/>
        </role>
        <role inherit="true" allowForAll="false" name="administrators">
            <users>
                <userUuid>samuel.bruns@perficient.com</userUuid>
            </users>
            <groups/>
        </role>
        <role inherit="false" allowForAll="false" name="denyReaders">
            <users/>
            <groups/>
        </role>
        <role inherit="false" allowForAll="false" name="denyAuthors">
            <users/>
            <groups/>
        </role>
        <role inherit="false" allowForAll="false" name="denyAdministrators">
            <users/>
            <groups/>
        </role>
    </roleMap>
    <history>
        <historyInfo versionUuid="_a-0000df4f-3e48-8000-9ba2-011c48011c48_62558"/>
        <historyInfo versionUuid="_a-0000df63-1167-8000-9ba2-011c48011c48_112598"/>
    </history>
</contentHaul>
