<?xml version="1.0" encoding="UTF-8" standalone="yes"?>
<contentHaul xmlns:a="http://www.appian.com/ae/types/2009">
    <versionUuid>_a-0000df63-1167-8000-9ba2-011c48011c48_110235</versionUuid>
    <rule>
        <name>ASC_DetermineApprovalTracker</name>
        <uuid>_a-0000df63-1167-8000-9ba2-011c48011c48_110209</uuid>
        <description>Determine the status icon for the status of the override </description>
        <parentUuid>_a-0000deba-19b3-8000-9ba2-011c48011c48_32853</parentUuid>
        <visibility>
            <advertise>false</advertise>
            <hierarchy>true</hierarchy>
            <indexable>true</indexable>
            <quota>false</quota>
            <searchable>true</searchable>
            <system>false</system>
            <unlogged>false</unlogged>
        </visibility>
        <definition>if(
  #"_a-0000dd3a-dada-8000-daab-640000640000_11122"(
    ri!approval
  ),
  "FACE_INDIFFERENT",
  #"SYSTEM_SYSRULES_documentImage"(
    document: #"SYSTEM_SYSRULES_iconIndicator"(
      if(
        
        ri!approval.approved,
        "STATUS_OK",
        "STATUS_NOTDONE"
      )/*if(*/
      /*rule!GLOBAL_CheckForNull(ri!contractModInfo.amount),*/
      /*if(*/
      /*rule!GLOBAL_CheckForNull(ri!contractModInfo.hourAmount),*/
      /*if(*/
      /*now()&gt;todatetime(ri!contractModInfo.dueDate),*/
      /*"FACE_SAD",*/
      /*"FACE_INDIFFERENT"*/
      /*),*/
      /*"FACE_HAPPY"*/
      /*),*/
      /*"FACE_HAPPY"*/
      /*)*/
      
    )
  )
)</definition>
        <namedTypedValue>
            <name>approval</name>
            <type>
                <name>ASC_ContractModApproval</name>
                <namespace>urn:com:appian:types</namespace>
            </type>
        </namedTypedValue>
        <preferredEditor>legacy</preferredEditor>
        <offlineEnabled>false</offlineEnabled>
    </rule>
    <roleMap public="true">
        <role inherit="true" allowForAll="false" name="readers">
            <users/>
            <groups/>
        </role>
        <role inherit="true" allowForAll="false" name="authors">
            <users/>
            <groups/>
        </role>
        <role inherit="true" allowForAll="false" name="administrators">
            <users/>
            <groups/>
        </role>
        <role inherit="false" allowForAll="false" name="denyReaders">
            <users/>
            <groups/>
        </role>
        <role inherit="false" allowForAll="false" name="denyAuthors">
            <users/>
            <groups/>
        </role>
        <role inherit="false" allowForAll="false" name="denyAdministrators">
            <users/>
            <groups/>
        </role>
    </roleMap>
    <history>
        <historyInfo versionUuid="_a-0000df63-1167-8000-9ba2-011c48011c48_110235"/>
    </history>
</contentHaul>
