<?xml version="1.0" encoding="UTF-8" standalone="yes"?>
<contentHaul xmlns:a="http://www.appian.com/ae/types/2009">
    <versionUuid>_a-0000df4f-3e48-8000-9ba2-011c48011c48_61384</versionUuid>
    <rule>
        <name>ASC_ChangeNoticeProcessAudit_Grid</name>
        <uuid>_a-0000df0b-b44d-8000-9ba2-011c48011c48_18747</uuid>
        <description>Grid with process audit information
</description>
        <parentUuid>_a-0000deba-19b3-8000-9ba2-011c48011c48_32858</parentUuid>
        <visibility>
            <advertise>false</advertise>
            <hierarchy>true</hierarchy>
            <indexable>true</indexable>
            <quota>false</quota>
            <searchable>true</searchable>
            <system>false</system>
            <unlogged>false</unlogged>
        </visibility>
        <definition>load(
  local!selectedUser: ri!selectedUser,
  local!selectedType: ri!selectedType,
  local!noFiltersApplied,
  local!pagingInfo: #"SYSTEM_SYSRULES_pagingInfo"(
    startIndex: 1,
    batchSize: 10,
    sort: #"SYSTEM_SYSRULES_sortInfo"(
      field: "recordId",
      ascending: false
    )
  ),
  with(
    local!selectedUser: ri!selectedUser,
    local!selectedType: ri!selectedType,
    local!noFiltersApplied: all(
      fn!isnull,
      {
        local!selectedUser, local!selectedType
      }
    ),
    local!datasubset: #"SYSTEM_SYSRULES_queryEntity"(
      entity: #"_a-0000df0b-b44d-8000-9ba2-011c48011c48_18743",
      query: #"SYSTEM_SYSRULES_query"(
        aggregation: #"SYSTEM_SYSRULES_queryAggregation"(
          aggregationColumns: {
            #"SYSTEM_SYSRULES_queryAggregationColumn"(
              field: "initiatorName",
              isGrouping: true
            ),
            #"SYSTEM_SYSRULES_queryAggregationColumn"(
              field: "recordId",
              isGrouping: true
            ),
            #"SYSTEM_SYSRULES_queryAggregationColumn"(
              field: "actionType",
              isGrouping: true
            ),
            #"SYSTEM_SYSRULES_queryAggregationColumn"(
              field: "actionDescription",
              isGrouping: true
            ),
            #"SYSTEM_SYSRULES_queryAggregationColumn"(
              field: "eventTimestamp",
              isGrouping: true
            ),
            
          }
        ),
        logicalExpression: if(
          /* if all filter values are null, ignore the subsequent logical expression*/
          local!noFiltersApplied,
          null,
          #"SYSTEM_SYSRULES_queryLogicalExpression"(
            operator: "AND",
            filters: {
              /* Preform ad-hoc filtering for each field */
              if(
                isnull(
                  local!selectedUser
                ),
                {},
                #"SYSTEM_SYSRULES_queryFilter"(
                  field: "initiatorName",
                  operator: "includes",
                  value: local!selectedUser
                )
              ),
              if(
                isnull(
                  local!selectedType
                ),
                {},
                #"SYSTEM_SYSRULES_queryFilter"(
                  field: "actionType",
                  operator: "includes",
                  value: local!selectedType
                )
              )
            }
          )
        ),
        pagingInfo: local!pagingInfo
      ),
      filter: {}
    ),
    #"SYSTEM_SYSRULES_gridField"(
      totalCount: local!datasubset.totalCount,
      columns: {
        #"SYSTEM_SYSRULES_gridTextColumn"(
          label: "Initiator Name",
          field: "initiatorName",
          data: #"SYSTEM_SYSRULES_forEach"(index(
            local!datasubset.data,
            "initiatorName",
            null
          ),
          #"_a-0000dd3a-dada-8000-daab-640000640000_11313"(fv!item))
        ),
        #"SYSTEM_SYSRULES_gridTextColumn"(
          label: "Modification number",
          field: "recordId",
          data: index(
            local!datasubset.data,
            "recordId",
            null
          )
        ),
        #"SYSTEM_SYSRULES_gridTextColumn"(
          label: "Action Type",
          field: "actionType",
          data: index(
            local!datasubset.data,
            "actionType",
            null
          )
        ),
        #"SYSTEM_SYSRULES_gridTextColumn"(
          label: "Description",
          field: "actionDescription",
          data: index(
            local!datasubset.data,
            "actionDescription",
            null
          )
        ),
        #"SYSTEM_SYSRULES_gridTextColumn"(
          label: "Time stamp",
          field: "eventTimestamp",
          data: #"SYSTEM_SYSRULES_forEach"(index(
            local!datasubset.data,
            "eventTimestamp",
            null
          ),
          (todate(fv!item) &amp; "  " &amp; totime(fv!item)))
        )
      },
      value: local!pagingInfo,
      saveInto: local!pagingInfo
    )
  )
)</definition>
        <namedTypedValue>
            <name>readonly</name>
            <type>
                <name>boolean</name>
                <namespace>http://www.w3.org/2001/XMLSchema</namespace>
            </type>
        </namedTypedValue>
        <namedTypedValue>
            <name>selectedUser</name>
            <type>
                <name>string</name>
                <namespace>http://www.w3.org/2001/XMLSchema</namespace>
            </type>
            <value/>
        </namedTypedValue>
        <namedTypedValue>
            <name>selectedType</name>
            <type>
                <name>string</name>
                <namespace>http://www.w3.org/2001/XMLSchema</namespace>
            </type>
            <value/>
        </namedTypedValue>
        <metadataExpr></metadataExpr>
        <preferredEditor>interface</preferredEditor>
        <offlineEnabled>false</offlineEnabled>
    </rule>
    <roleMap public="true">
        <role inherit="true" allowForAll="false" name="readers">
            <users/>
            <groups/>
        </role>
        <role inherit="true" allowForAll="false" name="authors">
            <users/>
            <groups/>
        </role>
        <role inherit="true" allowForAll="false" name="administrators">
            <users/>
            <groups/>
        </role>
        <role inherit="false" allowForAll="false" name="denyReaders">
            <users/>
            <groups/>
        </role>
        <role inherit="false" allowForAll="false" name="denyAuthors">
            <users/>
            <groups/>
        </role>
        <role inherit="false" allowForAll="false" name="denyAdministrators">
            <users/>
            <groups/>
        </role>
    </roleMap>
    <history>
        <historyInfo versionUuid="_a-0000df4f-3e48-8000-9ba2-011c48011c48_60709"/>
        <historyInfo versionUuid="_a-0000df4f-3e48-8000-9ba2-011c48011c48_61384"/>
    </history>
</contentHaul>
