<?xml version="1.0" encoding="UTF-8" standalone="yes"?>
<contentHaul xmlns:a="http://www.appian.com/ae/types/2009">
    <versionUuid>_a-0000df4f-3e48-8000-9ba2-011c48011c48_61664</versionUuid>
    <rule>
        <name>ASC_ContractModificationsGridandDetails_Dashboard</name>
        <uuid>_a-0000df0b-b44d-8000-9ba2-011c48011c48_19529</uuid>
        <description>Dashboard containing the grid of contract modifications compared based on a contract and also includes Details when selected</description>
        <parentUuid>_a-0000deba-19b3-8000-9ba2-011c48011c48_32858</parentUuid>
        <visibility>
            <advertise>false</advertise>
            <hierarchy>true</hierarchy>
            <indexable>true</indexable>
            <quota>false</quota>
            <searchable>true</searchable>
            <system>false</system>
            <unlogged>false</unlogged>
        </visibility>
        <definition>#"SYSTEM_SYSRULES_dashboardLayout_v1"(
  contents: {
    #"_a-0000df0b-b44d-8000-9ba2-011c48011c48_19543"(
      cancel: null,
      selectable: ri!selectable,
      contractId: ri!contractId,
      selectedMod: ri!selected
    )/*, I have commented this portion out because this is redundant. the below if statement is already
    being performed above for ri!selected. ASC_ContractModifcationsGrid_Section already has 
    a view details portion. - Jeremy
    if(
      isnull(
        ri!selected
      ),
      {},
      {
        rule!ASC_ContractModificationRequestDetails_Section(
          contract: rule!ASC_getContractById(
            ri!contractId
          ),
          readOnly: true,
          changeNotice: rule!ASC_getAContractChangeNoticeById(
            rule!ASC_getContractModificationById(
              ModificationID: ri!selected
            ).modificationTypeId
          ),
          contractModification: rule!ASC_getContractModificationById(
            ModificationID: ri!selected
          )
        ),
        rule!ASC_ContractModificationDocumentDisplay_Section(
          changeNotice: rule!ASC_getAContractChangeNoticeById(
            rule!ASC_getContractModificationById(
              ModificationID: ri!selected
            ).modificationTypeId
          )
        )
      }
      
      /*#"_a-0000df0b-b44d-8000-9ba2-011c48011c48_15516"(
        contract: rule!ASC_getContractById(
          ri!contractId
        ),
        image: null,
        readOnly: true,
        contractModification: rule!ASC_getContractModificationById(
          ModificationID: ri!selected
        )
      )*/
      
    /*)*/
  }
)</definition>
        <namedTypedValue>
            <name>contractId</name>
            <type>
                <name>int</name>
                <namespace>http://www.w3.org/2001/XMLSchema</namespace>
            </type>
        </namedTypedValue>
        <namedTypedValue>
            <name>selectable</name>
            <type>
                <name>boolean</name>
                <namespace>http://www.w3.org/2001/XMLSchema</namespace>
            </type>
        </namedTypedValue>
        <namedTypedValue>
            <name>selected</name>
            <type>
                <name>int</name>
                <namespace>http://www.w3.org/2001/XMLSchema</namespace>
            </type>
        </namedTypedValue>
        <metadataExpr></metadataExpr>
        <preferredEditor>interface</preferredEditor>
        <offlineEnabled>false</offlineEnabled>
    </rule>
    <roleMap public="true">
        <role inherit="true" allowForAll="false" name="readers">
            <users/>
            <groups/>
        </role>
        <role inherit="true" allowForAll="false" name="authors">
            <users/>
            <groups/>
        </role>
        <role inherit="true" allowForAll="false" name="administrators">
            <users>
                <userUuid>samuel.bruns@perficient.com</userUuid>
                <userUuid>jerome.wong</userUuid>
            </users>
            <groups/>
        </role>
        <role inherit="false" allowForAll="false" name="denyReaders">
            <users/>
            <groups/>
        </role>
        <role inherit="false" allowForAll="false" name="denyAuthors">
            <users/>
            <groups/>
        </role>
        <role inherit="false" allowForAll="false" name="denyAdministrators">
            <users/>
            <groups/>
        </role>
    </roleMap>
    <typedValue>
        <type>
            <name>RuleTestConfig?list</name>
            <namespace>http://www.appian.com/ae/types/2009</namespace>
        </type>
        <value>
            <el>
                <a:name/>
                <a:ruleInputTestConfigs>
                    <a:value xmlns:xsd="http://www.w3.org/2001/XMLSchema" xmlns:xsi="http://www.w3.org/2001/XMLSchema-instance" xsi:type="xsd:int">1</a:value>
                    <a:nameRef>contractId</a:nameRef>
                    <a:id/>
                </a:ruleInputTestConfigs>
                <a:ruleInputTestConfigs>
                    <a:value xmlns:xsd="http://www.w3.org/2001/XMLSchema" xmlns:xsi="http://www.w3.org/2001/XMLSchema-instance" xsi:nil="true" xsi:type="xsd:boolean"/>
                    <a:nameRef>selectable</a:nameRef>
                    <a:id/>
                </a:ruleInputTestConfigs>
                <a:ruleInputTestConfigs>
                    <a:value xmlns:xsd="http://www.w3.org/2001/XMLSchema" xmlns:xsi="http://www.w3.org/2001/XMLSchema-instance" xsi:nil="true" xsi:type="xsd:int"/>
                    <a:nameRef>selected</a:nameRef>
                    <a:id/>
                </a:ruleInputTestConfigs>
                <a:assertions xmlns:xsi="http://www.w3.org/2001/XMLSchema-instance" xsi:nil="true"/>
            </el>
        </value>
    </typedValue>
    <history>
        <historyInfo versionUuid="_a-0000df4f-3e48-8000-9ba2-011c48011c48_60735"/>
        <historyInfo versionUuid="_a-0000df4f-3e48-8000-9ba2-011c48011c48_61664"/>
    </history>
</contentHaul>
