<?xml version="1.0" encoding="UTF-8" standalone="yes"?>
<contentHaul xmlns:a="http://www.appian.com/ae/types/2009">
    <versionUuid>_a-0000df63-1167-8000-9ba2-011c48011c48_111341</versionUuid>
    <rule>
        <name>ASC_DetermineTaskTracker</name>
        <uuid>_a-0000df0b-b44d-8000-9ba2-011c48011c48_17119</uuid>
        <description>Determine the status icon for the status of the request for information task or approval on the coordination sheets</description>
        <parentUuid>_a-0000deba-19b3-8000-9ba2-011c48011c48_32853</parentUuid>
        <visibility>
            <advertise>false</advertise>
            <hierarchy>true</hierarchy>
            <indexable>true</indexable>
            <quota>false</quota>
            <searchable>true</searchable>
            <system>false</system>
            <unlogged>false</unlogged>
        </visibility>
        <definition>if(
  #"_a-0000dd3a-dada-8000-daab-640000640000_11122"(
    ri!contractModInfo
  ), "FACE_INDIFFERENT",
  #"SYSTEM_SYSRULES_documentImage"(
    document: #"SYSTEM_SYSRULES_iconIndicator"(
      if(
        #"_a-0000dd3a-dada-8000-daab-640000640000_11122"(ri!contractModInfo.amount),
          if(
            #"_a-0000dd3a-dada-8000-daab-640000640000_11122"(ri!contractModInfo.hourAmount),
            if(
              now()&gt;todatetime(ri!contractModInfo.dueDate),
                "FACE_SAD",
                "FACE_INDIFFERENT"
          ),
          "FACE_HAPPY"
          ),
        "FACE_HAPPY"
      )
   ),
   caption: if(
        #"_a-0000dd3a-dada-8000-daab-640000640000_11122"(ri!contractModInfo.amount),
          if(
            #"_a-0000dd3a-dada-8000-daab-640000640000_11122"(ri!contractModInfo.hourAmount),
            if(
              now()&gt;todatetime(ri!contractModInfo.dueDate),
                "Past Due",
                "Requires Users Attention"
          ),
          "Completed"
          ),
        "Completed"
      )
      
  )
)</definition>
        <namedTypedValue>
            <name>contractModInfo</name>
            <type>
                <name>ASC_ContractModInfo</name>
                <namespace>urn:com:appian:types</namespace>
            </type>
        </namedTypedValue>
        <preferredEditor>legacy</preferredEditor>
        <offlineEnabled>false</offlineEnabled>
    </rule>
    <roleMap public="true">
        <role inherit="true" allowForAll="false" name="readers">
            <users/>
            <groups/>
        </role>
        <role inherit="true" allowForAll="false" name="authors">
            <users/>
            <groups/>
        </role>
        <role inherit="true" allowForAll="false" name="administrators">
            <users/>
            <groups/>
        </role>
        <role inherit="false" allowForAll="false" name="denyReaders">
            <users/>
            <groups/>
        </role>
        <role inherit="false" allowForAll="false" name="denyAuthors">
            <users/>
            <groups/>
        </role>
        <role inherit="false" allowForAll="false" name="denyAdministrators">
            <users/>
            <groups/>
        </role>
    </roleMap>
    <history>
        <historyInfo versionUuid="_a-0000df4f-3e48-8000-9ba2-011c48011c48_60683"/>
        <historyInfo versionUuid="_a-0000df63-1167-8000-9ba2-011c48011c48_111341"/>
    </history>
</contentHaul>
