<?xml version="1.0" encoding="UTF-8" standalone="yes"?>
<contentHaul xmlns:a="http://www.appian.com/ae/types/2009">
    <versionUuid>_a-0000df63-1167-8000-9ba2-011c48011c48_110975</versionUuid>
    <rule>
        <name>ASC_CreateContractModification_Form</name>
        <uuid>_a-0000df0b-b44d-8000-9ba2-011c48011c48_19524</uuid>
        <description>Initial the Change Contract Modification Notice </description>
        <parentUuid>_a-0000deba-19b3-8000-9ba2-011c48011c48_32858</parentUuid>
        <visibility>
            <advertise>false</advertise>
            <hierarchy>true</hierarchy>
            <indexable>true</indexable>
            <quota>false</quota>
            <searchable>true</searchable>
            <system>false</system>
            <unlogged>false</unlogged>
        </visibility>
        <definition>load(
  #"SYSTEM_SYSRULES_formLayout_v1"(
    label: "Create Contract Modification on " &amp; today(),
    instructions: "",
    contents: {
      #"_a-0000df0b-b44d-8000-9ba2-011c48011c48_15469"(
        milestoneStep: ri!milestone
      ),
      #"_a-0000df0b-b44d-8000-9ba2-011c48011c48_15325"(
        contract: ri!contract,
        modification: ri!modification
      ),
      if(
        ri!contract.customerId = 1,
        #"_a-0000df0b-b44d-8000-9ba2-011c48011c48_15330"(
          contract: ri!contract,
          readOnly: false,
          changeNotice: ri!changeRequest,
          contractModification: ri!modification
        ),
        if(
          ri!contract.customerId = "2",
          #"_a-0000df0b-b44d-8000-9ba2-011c48011c48_19555"(
            ri!modification,
            ri!contract,
            ri!readOnly
          ),
          {}
        )
      ),
      
      if(
        ri!contract.customerId &gt;= 1,
        #"_a-0000df0b-b44d-8000-9ba2-011c48011c48_18261"(
          changeRequest: ri!changeRequest,
          selectedFolder: tofolder(
            ri!changeRequest.referenceDocsFolder
          )
        ),
        {}
      )
    },
    buttons: #"SYSTEM_SYSRULES_ButtonLayout"(
      primaryButtons: {
        #"SYSTEM_SYSRULES_ButtonWidgetSubmit"(
          label: "Submit",
          style: "PRIMARY",
          saveInto: {}
        )
      },
      secondaryButtons: {
        #"SYSTEM_SYSRULES_ButtonWidgetSubmit"(
          label: "Cancel",
          style: "NORMAL",
          value: true,
          saveInto: ri!cancel,
          skipValidation: true
        )
      }
    ),
    validations: {}
  )
)</definition>
        <namedTypedValue>
            <name>cancel</name>
            <type>
                <name>boolean</name>
                <namespace>http://www.w3.org/2001/XMLSchema</namespace>
            </type>
        </namedTypedValue>
        <namedTypedValue>
            <name>changeRequest</name>
            <type>
                <name>ASC_ChangeNoticeRequest</name>
                <namespace>urn:com:appian:types</namespace>
            </type>
        </namedTypedValue>
        <namedTypedValue>
            <name>milestone</name>
            <type>
                <name>int</name>
                <namespace>http://www.w3.org/2001/XMLSchema</namespace>
            </type>
        </namedTypedValue>
        <namedTypedValue>
            <name>contract</name>
            <type>
                <name>ASC_Contract</name>
                <namespace>urn:com:appian:types</namespace>
            </type>
        </namedTypedValue>
        <namedTypedValue>
            <name>modification</name>
            <type>
                <name>ASC_Contract_Modifications</name>
                <namespace>urn:com:appian:types</namespace>
            </type>
        </namedTypedValue>
        <namedTypedValue>
            <name>readOnly</name>
            <type>
                <name>boolean</name>
                <namespace>http://www.w3.org/2001/XMLSchema</namespace>
            </type>
        </namedTypedValue>
        <metadataExpr></metadataExpr>
        <preferredEditor>interface</preferredEditor>
        <offlineEnabled>false</offlineEnabled>
    </rule>
    <roleMap public="true">
        <role inherit="true" allowForAll="false" name="readers">
            <users/>
            <groups/>
        </role>
        <role inherit="true" allowForAll="false" name="authors">
            <users/>
            <groups/>
        </role>
        <role inherit="true" allowForAll="false" name="administrators">
            <users>
                <userUuid>samuel.bruns@perficient.com</userUuid>
                <userUuid>mwandama.mutanuka@perficient.com</userUuid>
            </users>
            <groups/>
        </role>
        <role inherit="false" allowForAll="false" name="denyReaders">
            <users/>
            <groups/>
        </role>
        <role inherit="false" allowForAll="false" name="denyAuthors">
            <users/>
            <groups/>
        </role>
        <role inherit="false" allowForAll="false" name="denyAdministrators">
            <users/>
            <groups/>
        </role>
    </roleMap>
    <typedValue>
        <type>
            <name>RuleTestConfig?list</name>
            <namespace>http://www.appian.com/ae/types/2009</namespace>
        </type>
        <value>
            <el>
                <a:name/>
                <a:ruleInputTestConfigs>
                    <a:value xmlns:xsd="http://www.w3.org/2001/XMLSchema" xmlns:xsi="http://www.w3.org/2001/XMLSchema-instance" xsi:nil="true" xsi:type="xsd:boolean"/>
                    <a:nameRef>cancel</a:nameRef>
                    <a:id/>
                </a:ruleInputTestConfigs>
                <a:ruleInputTestConfigs>
                    <a:value xmlns:xsi="http://www.w3.org/2001/XMLSchema-instance" xsi:type="a:Expression">#"_a-0000df0b-b44d-8000-9ba2-011c48011c48_15734"(80)</a:value>
                    <a:nameRef>changeRequest</a:nameRef>
                    <a:id/>
                </a:ruleInputTestConfigs>
                <a:ruleInputTestConfigs>
                    <a:value xmlns:xsd="http://www.w3.org/2001/XMLSchema" xmlns:xsi="http://www.w3.org/2001/XMLSchema-instance" xsi:type="xsd:int">1</a:value>
                    <a:nameRef>milestone</a:nameRef>
                    <a:id/>
                </a:ruleInputTestConfigs>
                <a:ruleInputTestConfigs>
                    <a:value xmlns:xsi="http://www.w3.org/2001/XMLSchema-instance" xsi:type="a:Expression">#"571fac17-e2ad-41e6-b60a-2c6295469786"(1)</a:value>
                    <a:nameRef>contract</a:nameRef>
                    <a:id/>
                </a:ruleInputTestConfigs>
                <a:ruleInputTestConfigs>
                    <a:value xmlns:n1="urn:com:appian:types" xmlns:xsi="http://www.w3.org/2001/XMLSchema-instance" xsi:nil="true" xsi:type="n1:ASC_Contract_Modifications"/>
                    <a:nameRef>modification</a:nameRef>
                    <a:id/>
                </a:ruleInputTestConfigs>
                <a:ruleInputTestConfigs>
                    <a:value xmlns:xsd="http://www.w3.org/2001/XMLSchema" xmlns:xsi="http://www.w3.org/2001/XMLSchema-instance" xsi:nil="true" xsi:type="xsd:boolean"/>
                    <a:nameRef>readOnly</a:nameRef>
                    <a:id/>
                </a:ruleInputTestConfigs>
                <a:assertions xmlns:xsi="http://www.w3.org/2001/XMLSchema-instance" xsi:nil="true"/>
            </el>
        </value>
    </typedValue>
    <history>
        <historyInfo versionUuid="_a-0000df4f-3e48-8000-9ba2-011c48011c48_60733"/>
        <historyInfo versionUuid="_a-0000df4f-3e48-8000-9ba2-011c48011c48_61330"/>
        <historyInfo versionUuid="_a-0000df63-1167-8000-9ba2-011c48011c48_110975"/>
    </history>
</contentHaul>
