<?xml version="1.0" encoding="UTF-8" standalone="yes"?>
<contentHaul xmlns:a="http://www.appian.com/ae/types/2009">
    <versionUuid>_a-0000df4f-3e48-8000-9ba2-011c48011c48_60665</versionUuid>
    <rule>
        <name>ASC_ContractChangeNoticeSummary_Section</name>
        <uuid>_a-0000df0b-b44d-8000-9ba2-011c48011c48_16371</uuid>
        <description>summary section for change notice record</description>
        <parentUuid>_a-0000deba-19b3-8000-9ba2-011c48011c48_32858</parentUuid>
        <visibility>
            <advertise>false</advertise>
            <hierarchy>true</hierarchy>
            <indexable>true</indexable>
            <quota>false</quota>
            <searchable>true</searchable>
            <system>false</system>
            <unlogged>false</unlogged>
        </visibility>
        <definition>load(
  local!localCustomerId: #"_a-0000df0b-b44d-8000-9ba2-011c48011c48_16372"(
    ri!changeNotice.contractId
  ).customerId,
  #"SYSTEM_SYSRULES_sectionLayout_v1"(
    label:"Contract Change Notice",
    contents: {
      #"SYSTEM_SYSRULES_columnsLayout"(
        columns: {
          #"SYSTEM_SYSRULES_columnLayout"(
            contents: {
              #"SYSTEM_SYSRULES_textField"(
                label: "Title",
                labelPosition: "ADJACENT",
                value: ri!changeNotice.CNTitle,
                saveInto: ri!changeNotice.CNTitle,
                refreshAfter: "UNFOCUS",
                readonly: true,
                validations: {}
              ),
              #"SYSTEM_SYSRULES_textField"(
                label: "Type",
                labelPosition: "ADJACENT",
                placeholder: "",
                value: ri!changeNotice.modificationType,
                saveInto: ri!changeNotice.modificationType,
                refreshAfter: "UNFOCUS",
                readonly: true,
                validations: {}
              ),
              #"SYSTEM_SYSRULES_paragraphField"(
                label: "Description",
                labelPosition: "ADJACENT",
                value: ri!changeNotice.description,
                saveInto: {},
                refreshAfter: "UNFOCUS",
                readonly: true,
                validations: {}
              ),
              #"SYSTEM_SYSRULES_dateField"(
                label: "Date Recieved",
                labelPosition: "ADJACENT",
                value: ri!changeNotice.CNRRsubmitDate,
                saveInto: ri!changeNotice.CNRRsubmitDate,
                readonly: true,
                validations: {}
              ),
              #"SYSTEM_SYSRULES_dateField"(
                label: "Last Updated",
                labelPosition: "ADJACENT",
                value: ri!changeNotice.lastUpdatedDateTime,
                saveInto: ri!changeNotice.lastUpdatedDateTime,
                readonly: true,
                validations: {}
              ),
              #"SYSTEM_SYSRULES_textField"(
                label: "",
                labelPosition: "ABOVE",
                saveInto: {},
                refreshAfter: "UNFOCUS",
                readonly: true,
                validations: {}
              )
            }
          ),
          #"SYSTEM_SYSRULES_columnLayout"(
            contents: {
              #"SYSTEM_SYSRULES_linkField"(
                label: "Customer",
                labelPosition: "ADJACENT",
                links: #"SYSTEM_SYSRULES_recordLink"(
                  label: #"_a-0000def3-0227-8000-9ba2-011c48011c48_10896"(
                    local!localCustomerId
                  ),
                  recordType: #"_a-0000def3-0227-8000-9ba2-011c48011c48_10900",
                  identifier: local!localCustomerId
                )
              ),
              #"SYSTEM_SYSRULES_textField"(
                label: "Contact Name",
                labelPosition: "ADJACENT",
                value: ri!changeNotice.boeingFocal,
                saveInto: ri!changeNotice.boeingFocal,
                refreshAfter: "UNFOCUS",
                readonly: true,
                validations: {}
              ),
              #"SYSTEM_SYSRULES_textField"(
                label: "Contact Phone",
                labelPosition: "ADJACENT",
                value: ri!changeNotice.phone,
                saveInto: ri!changeNotice.phone,
                refreshAfter: "UNFOCUS",
                readonly: true,
                validations: {}
              ),
              #"SYSTEM_SYSRULES_paragraphField"(
                label: "Program",
                labelPosition: "ADJACENT",
                value: ri!changeNotice.modelNumber,
                saveInto: ri!changeNotice.modelNumber,
                refreshAfter: "UNFOCUS",
                readonly: true,
                height: "MEDIUM",
                validations: {}
              )
            }
          )
        }
      )
    },
    isCollapsible: true
  )
)</definition>
        <namedTypedValue>
            <name>changeNotice</name>
            <type>
                <name>ASC_ChangeNoticeRequest</name>
                <namespace>urn:com:appian:types</namespace>
            </type>
        </namedTypedValue>
        <metadataExpr></metadataExpr>
        <preferredEditor>interface</preferredEditor>
        <offlineEnabled>false</offlineEnabled>
    </rule>
    <roleMap public="true">
        <role inherit="true" allowForAll="false" name="readers">
            <users/>
            <groups/>
        </role>
        <role inherit="true" allowForAll="false" name="authors">
            <users/>
            <groups/>
        </role>
        <role inherit="true" allowForAll="false" name="administrators">
            <users/>
            <groups/>
        </role>
        <role inherit="false" allowForAll="false" name="denyReaders">
            <users/>
            <groups/>
        </role>
        <role inherit="false" allowForAll="false" name="denyAuthors">
            <users/>
            <groups/>
        </role>
        <role inherit="false" allowForAll="false" name="denyAdministrators">
            <users/>
            <groups/>
        </role>
    </roleMap>
    <typedValue>
        <type>
            <name>RuleTestConfig?list</name>
            <namespace>http://www.appian.com/ae/types/2009</namespace>
        </type>
        <value>
            <el>
                <a:name/>
                <a:ruleInputTestConfigs>
                    <a:value xmlns:xsi="http://www.w3.org/2001/XMLSchema-instance" xsi:type="a:Expression">#"_a-0000df0b-b44d-8000-9ba2-011c48011c48_15734"(40)</a:value>
                    <a:nameRef>changeNotice</a:nameRef>
                    <a:id/>
                </a:ruleInputTestConfigs>
                <a:assertions xmlns:xsi="http://www.w3.org/2001/XMLSchema-instance" xsi:nil="true"/>
            </el>
        </value>
    </typedValue>
    <history>
        <historyInfo versionUuid="_a-0000df4f-3e48-8000-9ba2-011c48011c48_60665"/>
    </history>
</contentHaul>
