<?xml version="1.0" encoding="UTF-8" standalone="yes"?>
<contentHaul xmlns:a="http://www.appian.com/ae/types/2009">
    <versionUuid>_a-0000df4f-3e48-8000-9ba2-011c48011c48_60599</versionUuid>
    <queryRule>
        <name>ASC_getCustomerByID</name>
        <uuid>_a-0000def3-0227-8000-9ba2-011c48011c48_10883</uuid>
        <description>Returns the asc_customer data type by id</description>
        <folderUuid>_a-0000def3-0227-8000-9ba2-011c48011c48_10527</folderUuid>
        <dataStoreEntityCompositeUuid>1b9c643c-1637-497b-82a4-8a386b6442d4@_a-0000dee6-acf9-8000-9ba2-011c48011c48_7300</dataStoreEntityCompositeUuid>
        <params>
            <param>
                <description></description>
                <name>id</name>
                <type>{http://www.w3.org/2001/XMLSchema}int</type>
            </param>
        </params>
        <filters>
            <filter>
                <field>
                    <name>id</name>
                    <type>{http://www.w3.org/2001/XMLSchema}int</type>
                </field>
                <op>=</op>
                <value>id</value>
                <valueType>PARAMETER</valueType>
            </filter>
        </filters>
        <orderings/>
    </queryRule>
    <roleMap public="false">
        <role inherit="true" allowForAll="false" name="readers">
            <users/>
            <groups/>
        </role>
        <role inherit="true" allowForAll="false" name="authors">
            <users/>
            <groups/>
        </role>
        <role inherit="true" allowForAll="false" name="administrators">
            <users>
                <userUuid>mwandama.mutanuka@perficient.com</userUuid>
            </users>
            <groups/>
        </role>
        <role inherit="false" allowForAll="false" name="denyReaders">
            <users/>
            <groups/>
        </role>
        <role inherit="false" allowForAll="false" name="denyAuthors">
            <users/>
            <groups/>
        </role>
        <role inherit="false" allowForAll="false" name="denyAdministrators">
            <users/>
            <groups/>
        </role>
    </roleMap>
    <history>
        <historyInfo versionUuid="_a-0000df4f-3e48-8000-9ba2-011c48011c48_60599"/>
    </history>
</contentHaul>
