<?xml version="1.0" encoding="UTF-8" standalone="yes"?>
<contentHaul xmlns:a="http://www.appian.com/ae/types/2009">
    <versionUuid>_a-0000df4f-3e48-8000-9ba2-011c48011c48_60696</versionUuid>
    <rule>
        <name>ASC_UploadSupportingDocuments_Section</name>
        <uuid>_a-0000df0b-b44d-8000-9ba2-011c48011c48_18023</uuid>
        <description>gives users the ability to upload supporting documents</description>
        <parentUuid>_a-0000deba-19b3-8000-9ba2-011c48011c48_32858</parentUuid>
        <visibility>
            <advertise>false</advertise>
            <hierarchy>true</hierarchy>
            <indexable>true</indexable>
            <quota>false</quota>
            <searchable>true</searchable>
            <system>false</system>
            <unlogged>false</unlogged>
        </visibility>
        <definition>#"SYSTEM_SYSRULES_sectionLayout_v1"(
  label: "Add Supporting Documents",
  contents: {
    #"SYSTEM_SYSRULES_fileUploadField_v1"(
      labelPosition: "ABOVE",
      target: tofolder(
        ri!changeRequest.referenceDocsFolder
      ),
      value: ri!changeRequest.documents,
      saveInto: ri!changeRequest.documents,
      validations: {}
    )
  },
  iscollapsible: true
)</definition>
        <namedTypedValue>
            <name>changeRequest</name>
            <type>
                <name>ASC_ChangeNoticeRequest</name>
                <namespace>urn:com:appian:types</namespace>
            </type>
        </namedTypedValue>
        <metadataExpr></metadataExpr>
        <preferredEditor>interface</preferredEditor>
        <offlineEnabled>false</offlineEnabled>
    </rule>
    <roleMap public="true">
        <role inherit="true" allowForAll="false" name="readers">
            <users/>
            <groups/>
        </role>
        <role inherit="true" allowForAll="false" name="authors">
            <users/>
            <groups/>
        </role>
        <role inherit="true" allowForAll="false" name="administrators">
            <users/>
            <groups/>
        </role>
        <role inherit="false" allowForAll="false" name="denyReaders">
            <users/>
            <groups/>
        </role>
        <role inherit="false" allowForAll="false" name="denyAuthors">
            <users/>
            <groups/>
        </role>
        <role inherit="false" allowForAll="false" name="denyAdministrators">
            <users/>
            <groups/>
        </role>
    </roleMap>
    <history>
        <historyInfo versionUuid="_a-0000df4f-3e48-8000-9ba2-011c48011c48_60696"/>
    </history>
</contentHaul>
