<?xml version="1.0" encoding="UTF-8" standalone="yes"?>
<contentHaul xmlns:a="http://www.appian.com/ae/types/2009">
    <versionUuid>_a-0000df63-1167-8000-9ba2-011c48011c48_111001</versionUuid>
    <rule>
        <name>ASC_ContractsModificationApproval_Section</name>
        <uuid>_a-0000df0b-b44d-8000-9ba2-011c48011c48_16327</uuid>
        <description>Section to capture the approvals</description>
        <parentUuid>_a-0000deba-19b3-8000-9ba2-011c48011c48_32858</parentUuid>
        <visibility>
            <advertise>false</advertise>
            <hierarchy>true</hierarchy>
            <indexable>true</indexable>
            <quota>false</quota>
            <searchable>true</searchable>
            <system>false</system>
            <unlogged>false</unlogged>
        </visibility>
        <definition>#"SYSTEM_SYSRULES_sectionLayout_v1"(
  label: "Approval Details",
  contents: {
    #"SYSTEM_SYSRULES_columnsLayout"(
      columns: {
        #"SYSTEM_SYSRULES_columnLayout"(
          contents: {
            #"SYSTEM_SYSRULES_textField"(
              label: "Requested By",
              value: ri!contractModApproval.createdBy,
              readOnly: true
            )
          }
        ),
        #"SYSTEM_SYSRULES_columnLayout"(
          #"SYSTEM_SYSRULES_dateField"(
            label: "Requested Date",
            value: ri!contractModApproval.createdDateTime,
            readOnly: true
          )
        )
      }
    ),
    #"SYSTEM_SYSRULES_paragraphField"(
      label: "Request Details",
      value: ri!contractModApproval.requesterDetails,
      readOnly: true
    ),
    #"SYSTEM_SYSRULES_paragraphField"(
      label: "Approval Comments",
      value: ri!contractModApproval.approverComments,
      saveInto: ri!contractModApproval.approverComments,
      required: true
    ),
    #"SYSTEM_SYSRULES_fileUploadField_v1"(
      label: "Signature",
      target: #"_a-0000df0b-b44d-8000-9ba2-011c48011c48_18086",
      fileNames: #"_a-0000dd3a-dada-8000-daab-640000640000_11313"(ri!contractModApproval.approverUserName) &amp;"'s signature for Change Notice" &amp; ri!changeRequest.CNN &amp; " " &amp;ri!changeRequest.CNTitle,
      maxSelections: 1,
      value: ri!contractModApproval.approverSignature,
      saveInto: ri!contractModApproval.approverSignature,
      required: false
    )
  },
  iscollapsible: true
)</definition>
        <namedTypedValue>
            <name>contractModApproval</name>
            <type>
                <name>ASC_ContractModApproval</name>
                <namespace>urn:com:appian:types</namespace>
            </type>
        </namedTypedValue>
        <namedTypedValue>
            <name>readOnly</name>
            <type>
                <name>boolean</name>
                <namespace>http://www.w3.org/2001/XMLSchema</namespace>
            </type>
        </namedTypedValue>
        <namedTypedValue>
            <name>changeRequest</name>
            <type>
                <name>ASC_ChangeNoticeRequest</name>
                <namespace>urn:com:appian:types</namespace>
            </type>
        </namedTypedValue>
        <namedTypedValue>
            <name>folder</name>
            <type>
                <name>CollaborationFolder</name>
                <namespace>http://www.appian.com/ae/types/2009</namespace>
            </type>
        </namedTypedValue>
        <metadataExpr></metadataExpr>
        <preferredEditor>interface</preferredEditor>
        <offlineEnabled>false</offlineEnabled>
    </rule>
    <roleMap public="true">
        <role inherit="true" allowForAll="false" name="readers">
            <users/>
            <groups/>
        </role>
        <role inherit="true" allowForAll="false" name="authors">
            <users/>
            <groups/>
        </role>
        <role inherit="true" allowForAll="false" name="administrators">
            <users>
                <userUuid>jerome.wong</userUuid>
            </users>
            <groups/>
        </role>
        <role inherit="false" allowForAll="false" name="denyReaders">
            <users/>
            <groups/>
        </role>
        <role inherit="false" allowForAll="false" name="denyAuthors">
            <users/>
            <groups/>
        </role>
        <role inherit="false" allowForAll="false" name="denyAdministrators">
            <users/>
            <groups/>
        </role>
    </roleMap>
    <typedValue>
        <type>
            <name>RuleTestConfig?list</name>
            <namespace>http://www.appian.com/ae/types/2009</namespace>
        </type>
        <value>
            <el>
                <a:name/>
                <a:ruleInputTestConfigs>
                    <a:value xmlns:xsi="http://www.w3.org/2001/XMLSchema-instance" xsi:type="a:Expression">'type!{urn:com:appian:types}ASC_Contract_Modifications'(Id:1)</a:value>
                    <a:nameRef>contractModApproval</a:nameRef>
                    <a:id/>
                </a:ruleInputTestConfigs>
                <a:ruleInputTestConfigs>
                    <a:value xmlns:xsi="http://www.w3.org/2001/XMLSchema-instance" xsi:type="a:Expression">false</a:value>
                    <a:nameRef>readOnly</a:nameRef>
                    <a:id/>
                </a:ruleInputTestConfigs>
                <a:ruleInputTestConfigs>
                    <a:value xmlns:n1="urn:com:appian:types" xmlns:xsi="http://www.w3.org/2001/XMLSchema-instance" xsi:nil="true" xsi:type="n1:ASC_ChangeNoticeRequest"/>
                    <a:nameRef>changeRequest</a:nameRef>
                    <a:id/>
                </a:ruleInputTestConfigs>
                <a:ruleInputTestConfigs>
                    <a:value xmlns:xsi="http://www.w3.org/2001/XMLSchema-instance" xsi:nil="true" xsi:type="a:CollaborationFolder"/>
                    <a:nameRef>folder</a:nameRef>
                    <a:id/>
                </a:ruleInputTestConfigs>
                <a:assertions xmlns:xsi="http://www.w3.org/2001/XMLSchema-instance" xsi:nil="true"/>
            </el>
        </value>
    </typedValue>
    <history>
        <historyInfo versionUuid="_a-0000df4f-3e48-8000-9ba2-011c48011c48_60660"/>
        <historyInfo versionUuid="_a-0000df63-1167-8000-9ba2-011c48011c48_111001"/>
    </history>
</contentHaul>
