<?xml version="1.0" encoding="UTF-8" standalone="yes"?>
<contentHaul xmlns:a="http://www.appian.com/ae/types/2009">
    <versionUuid>_a-0000df4f-3e48-8000-9ba2-011c48011c48_61925</versionUuid>
    <rule>
        <name>ASC_ContractRecordSummary_Dashboard</name>
        <uuid>_a-0000df0b-b44d-8000-9ba2-011c48011c48_19542</uuid>
        <description>Summary View of a Contract within the reports</description>
        <parentUuid>_a-0000deba-19b3-8000-9ba2-011c48011c48_32858</parentUuid>
        <visibility>
            <advertise>false</advertise>
            <hierarchy>true</hierarchy>
            <indexable>true</indexable>
            <quota>false</quota>
            <searchable>true</searchable>
            <system>false</system>
            <unlogged>false</unlogged>
        </visibility>
        <definition>load(
  local!selectedType,
  local!selectedQuarter,
   #"SYSTEM_SYSRULES_dashboardLayout_v1"(
    contents: {
      #"SYSTEM_SYSRULES_sectionLayout_v1"(
        label: "",
        contents: {
          #"SYSTEM_SYSRULES_billboardLayout"(
            backgroundmedia: #"SYSTEM_SYSRULES_documentImage"(
              document: 15203),
            backgroundColor: "#f0f0f0",
            overlayStyle: "LIGHT",
            overlayContents: {
              #"SYSTEM_SYSRULES_richTextDisplayField"(
                label: "Contract Information",
                labelPosition: "ABOVE",
                value: {}
              )
            }
          )
        }
      ),
      #"SYSTEM_SYSRULES_columnsLayout"(
        columns: {
          #"SYSTEM_SYSRULES_columnLayout"(
            contents: {
              #"SYSTEM_SYSRULES_sectionLayout_v1"(
                label: "",
                contents: {
                  #"SYSTEM_SYSRULES_textField"(
                    label: "Title",
                    labelPosition: "ADJACENT",
                    value: ri!contract.contractTitle,
                    saveInto: ri!contract.contractTitle,
                    refreshAfter: "UNFOCUS",
                    readonly: true,
                    validations: {}
                  ),
                  #"SYSTEM_SYSRULES_textField"(
                    label: "Type",
                    labelPosition: "ADJACENT",
                    placeholder: "blah",
                    value: ri!contract.contractType,
                    saveInto: ri!contract.contractType,
                    refreshAfter: "UNFOCUS",
                    readonly: true,
                    validations: {}
                  ),
                  #"SYSTEM_SYSRULES_paragraphField"(
                    label: "Description",
                    labelPosition: "ADJACENT",
                    value: ri!contract.contractDescription,
                    saveInto: {},
                    refreshAfter: "UNFOCUS",
                    readonly: true,
                    validations: {}
                  ),
                  #"SYSTEM_SYSRULES_dateField"(
                    label: "Start Date",
                    labelPosition: "ADJACENT",
                    value: ri!contract.contractStartDate,
                    saveInto: ri!contract.contractStartDate,
                    readonly: true,
                    validations: {}
                  ),
                  #"SYSTEM_SYSRULES_dateField"(
                    label: "End Date",
                    labelPosition: "ADJACENT",
                    value: ri!contract.contractEndDate,
                    saveInto: ri!contract.contractEndDate,
                    readonly: true,
                    validations: {}
                  ),
                  #"SYSTEM_SYSRULES_textField"(
                    label: "Amount",
                    labelPosition: "ADJACENT",
                    value: dollar(
                      ri!contract.contractAmount
                    ),
                    saveInto: ri!contract.contractAmount,
                    refreshAfter: "UNFOCUS",
                    readonly: true,
                    validations: {}
                  ),
                  #"SYSTEM_SYSRULES_textField"(
                    label: "",
                    labelPosition: "ABOVE",
                    saveInto: {},
                    refreshAfter: "UNFOCUS",
                    readonly: true,
                    validations: {}
                  )
                }
              )
            }
          ),
          #"SYSTEM_SYSRULES_columnLayout"(
            contents: {
              #"SYSTEM_SYSRULES_linkField"(
                label: "Customer",
                labelPosition: "ADJACENT",
                links: #"SYSTEM_SYSRULES_recordLink"(
                  label: #"_a-0000def3-0227-8000-9ba2-011c48011c48_10896"(
                    ri!contract.customerId
                  ),
                  recordType: #"_a-0000def3-0227-8000-9ba2-011c48011c48_10900",
                  identifier: ri!contract.customerId
                )
              ),
              #"SYSTEM_SYSRULES_textField"(
                label: "Contact Name",
                labelPosition: "ADJACENT",
                value: ri!contract.mainContactName,
                saveInto: ri!contract.mainContactName,
                refreshAfter: "UNFOCUS",
                readonly: true,
                validations: {}
              ),
              #"SYSTEM_SYSRULES_textField"(
                label: "Contact Email",
                labelPosition: "ADJACENT",
                value: ri!contract.mainContactEmail,
                saveInto: ri!contract.mainContactName,
                refreshAfter: "UNFOCUS",
                readonly: true,
                validations: {}
              ),
              #"SYSTEM_SYSRULES_paragraphField"(
                label: "Comments",
                labelPosition: "ADJACENT",
                value: ri!comments,
                saveInto: ri!comments,
                refreshAfter: "UNFOCUS",
                readonly: true,
                height: "MEDIUM",
                validations: {}
              )
            }
          )
        }
      ),
      #"_a-0000df0b-b44d-8000-9ba2-011c48011c48_19543"(
        cancel: null,
        selectable: ri!selectable,
        contractId: ri!contract.contractId,
        selectedTypeFilter: local!selectedType,
        selectedQuarter: local!selectedQuarter
      )
    },
    buttons: #"SYSTEM_SYSRULES_ButtonLayout"(
      primaryButtons: {
        #"SYSTEM_SYSRULES_ButtonWidgetSubmit"(
          label: "Submit",
          style: "PRIMARY",
          saveInto: {},
          showwhen: isnull(
            ri!comments
          ) = false(),
          disabled: false
        )
      },
      secondaryButtons: {
        #"SYSTEM_SYSRULES_ButtonWidgetSubmit"(
          label: "Cancel",
          style: "NORMAL",
          value: true,
          saveInto: ri!cancel,
          skipValidation: true
        )
      }
    ),
    validations: {}
  )
)</definition>
        <namedTypedValue>
            <name>cancel</name>
            <type>
                <name>boolean</name>
                <namespace>http://www.w3.org/2001/XMLSchema</namespace>
            </type>
        </namedTypedValue>
        <namedTypedValue>
            <name>contract</name>
            <type>
                <name>ASC_Contract</name>
                <namespace>urn:com:appian:types</namespace>
            </type>
        </namedTypedValue>
        <namedTypedValue>
            <name>comments</name>
            <type>
                <name>string</name>
                <namespace>http://www.w3.org/2001/XMLSchema</namespace>
            </type>
            <value/>
        </namedTypedValue>
        <namedTypedValue>
            <name>selectable</name>
            <type>
                <name>boolean</name>
                <namespace>http://www.w3.org/2001/XMLSchema</namespace>
            </type>
        </namedTypedValue>
        <namedTypedValue>
            <name>selected</name>
            <type>
                <name>int</name>
                <namespace>http://www.w3.org/2001/XMLSchema</namespace>
            </type>
        </namedTypedValue>
        <metadataExpr></metadataExpr>
        <preferredEditor>interface</preferredEditor>
        <offlineEnabled>false</offlineEnabled>
    </rule>
    <roleMap public="true">
        <role inherit="true" allowForAll="false" name="readers">
            <users/>
            <groups/>
        </role>
        <role inherit="true" allowForAll="false" name="authors">
            <users/>
            <groups/>
        </role>
        <role inherit="true" allowForAll="false" name="administrators">
            <users>
                <userUuid>samuel.bruns@perficient.com</userUuid>
            </users>
            <groups/>
        </role>
        <role inherit="false" allowForAll="false" name="denyReaders">
            <users/>
            <groups/>
        </role>
        <role inherit="false" allowForAll="false" name="denyAuthors">
            <users/>
            <groups/>
        </role>
        <role inherit="false" allowForAll="false" name="denyAdministrators">
            <users/>
            <groups/>
        </role>
    </roleMap>
    <typedValue>
        <type>
            <name>RuleTestConfig?list</name>
            <namespace>http://www.appian.com/ae/types/2009</namespace>
        </type>
        <value>
            <el>
                <a:name/>
                <a:ruleInputTestConfigs>
                    <a:value xmlns:xsd="http://www.w3.org/2001/XMLSchema" xmlns:xsi="http://www.w3.org/2001/XMLSchema-instance" xsi:nil="true" xsi:type="xsd:boolean"/>
                    <a:nameRef>cancel</a:nameRef>
                    <a:id/>
                </a:ruleInputTestConfigs>
                <a:ruleInputTestConfigs>
                    <a:value xmlns:xsi="http://www.w3.org/2001/XMLSchema-instance" xsi:type="a:Expression">#"571fac17-e2ad-41e6-b60a-2c6295469786"(1)</a:value>
                    <a:nameRef>contract</a:nameRef>
                    <a:id/>
                </a:ruleInputTestConfigs>
                <a:ruleInputTestConfigs>
                    <a:value xmlns:xsd="http://www.w3.org/2001/XMLSchema" xmlns:xsi="http://www.w3.org/2001/XMLSchema-instance" xsi:type="xsd:string"/>
                    <a:nameRef>comments</a:nameRef>
                    <a:id/>
                </a:ruleInputTestConfigs>
                <a:ruleInputTestConfigs>
                    <a:value xmlns:xsd="http://www.w3.org/2001/XMLSchema" xmlns:xsi="http://www.w3.org/2001/XMLSchema-instance" xsi:nil="true" xsi:type="xsd:boolean"/>
                    <a:nameRef>selectable</a:nameRef>
                    <a:id/>
                </a:ruleInputTestConfigs>
                <a:ruleInputTestConfigs>
                    <a:value xmlns:xsd="http://www.w3.org/2001/XMLSchema" xmlns:xsi="http://www.w3.org/2001/XMLSchema-instance" xsi:nil="true" xsi:type="xsd:int"/>
                    <a:nameRef>selected</a:nameRef>
                    <a:id/>
                </a:ruleInputTestConfigs>
                <a:assertions xmlns:xsi="http://www.w3.org/2001/XMLSchema-instance" xsi:nil="true"/>
            </el>
        </value>
    </typedValue>
    <history>
        <historyInfo versionUuid="_a-0000df4f-3e48-8000-9ba2-011c48011c48_60738"/>
        <historyInfo versionUuid="_a-0000df4f-3e48-8000-9ba2-011c48011c48_61925"/>
    </history>
</contentHaul>
