<?xml version="1.0" encoding="UTF-8" standalone="yes"?>
<contentHaul xmlns:a="http://www.appian.com/ae/types/2009">
    <versionUuid>_a-0000df4f-3e48-8000-9ba2-011c48011c48_60646</versionUuid>
    <constant>
        <name>ASC_CIR_MODIFICATION_TYPES_ID</name>
        <uuid>_a-0000df0b-b44d-8000-9ba2-011c48011c48_16019</uuid>
        <description>Returns the possible CIR modification types id</description>
        <parentUuid>_a-0000def3-0227-8000-9ba2-011c48011c48_10542</parentUuid>
        <visibility>
            <advertise>false</advertise>
            <hierarchy>true</hierarchy>
            <indexable>true</indexable>
            <quota>false</quota>
            <searchable>true</searchable>
            <system>false</system>
            <unlogged>false</unlogged>
        </visibility>
        <typedValue>
            <type>
                <name>Text?list</name>
                <namespace>http://www.appian.com/ae/types/2009</namespace>
            </type>
            <value>
                <el>ERC-R-P3524-92138 Rev C</el>
                <el>EVT-161-93691 Rev A</el>
                <el>EVT-161-93705 Rev A</el>
                <el>EVT-161-94083 Rev B</el>
                <el>EVT-161-93581 Rev New</el>
                <el>EVT-101-93667 Rev New</el>
                <el>EVT-7161-94380 Rev. New</el>
                <el>EVT-P77157-94290 Rev New</el>
                <el>PSD-855-92936 Rev New</el>
                <el>RTN-M63I-91766</el>
                <el>RTN-524-93392 Rev New</el>
                <el>RTN-375M-93200 Rev. B</el>
                <el>RTN-M63I-92690 Rev. New</el>
                <el>WRC-R-564I-94215 Rev New</el>
                <el>WRC-E-4234-88983 Rev A</el>
                <el>WRC-R-P3564I-93247 Rev A</el>
            </value>
        </typedValue>
        <isEnvironmentSpecific>false</isEnvironmentSpecific>
    </constant>
    <roleMap public="true">
        <role inherit="true" allowForAll="false" name="readers">
            <users/>
            <groups/>
        </role>
        <role inherit="true" allowForAll="false" name="authors">
            <users/>
            <groups/>
        </role>
        <role inherit="true" allowForAll="false" name="administrators">
            <users/>
            <groups/>
        </role>
        <role inherit="false" allowForAll="false" name="denyReaders">
            <users/>
            <groups/>
        </role>
        <role inherit="false" allowForAll="false" name="denyAuthors">
            <users/>
            <groups/>
        </role>
        <role inherit="false" allowForAll="false" name="denyAdministrators">
            <users/>
            <groups/>
        </role>
    </roleMap>
    <history>
        <historyInfo versionUuid="_a-0000df4f-3e48-8000-9ba2-011c48011c48_60646"/>
    </history>
</contentHaul>
