<?xml version="1.0" encoding="UTF-8" standalone="yes"?>
<contentHaul xmlns:a="http://www.appian.com/ae/types/2009">
    <versionUuid>_a-0000df4f-3e48-8000-9ba2-011c48011c48_61674</versionUuid>
    <rule>
        <name>ASC_ChangeNoticeReport_Grid</name>
        <uuid>_a-0000df0b-b44d-8000-9ba2-011c48011c48_19515</uuid>
        <description>Section to display all the change notices within the system</description>
        <parentUuid>_a-0000deba-19b3-8000-9ba2-011c48011c48_32858</parentUuid>
        <visibility>
            <advertise>false</advertise>
            <hierarchy>true</hierarchy>
            <indexable>true</indexable>
            <quota>false</quota>
            <searchable>true</searchable>
            <system>false</system>
            <unlogged>false</unlogged>
        </visibility>
        <definition>= load(
  local!gridSelection: #"SYSTEM_SYSRULES_gridSelection"(
    pagingInfo: #"SYSTEM_SYSRULES_pagingInfo"(
      startIndex: 1,
      batchsize: 5
    )
  ),
  local!contractModifcation: #"_a-0000df4f-3e48-8000-9ba2-011c48011c48_61505"(
    contractId: if(
      isnull(
        ri!contractId
      ),
      0,
      ri!contractId
    )
  ),
  /*local!pagingInfo: a!pagingInfo(*/
    /*startIndex: 1,*/
    /*batchSize: 5*/
  /*),*/
  local!noFiltersApplied,
  local!selectedId,
  local!modificationType: ri!selectedTypeFilter,
  local!program,
  local!ccn,
  local!cntitle,
  local!SelectedQuarter: ri!selectedQuarter,
  
  with(
    local!modificationType: ri!selectedTypeFilter,
    local!SelectedQuarter: ri!selectedQuarter,
    local!noFiltersApplied: all(
      fn!isnull,
      {local!ccn, local!modificationType, local!cntitle, local!program,local!SelectedQuarter}
    ),    
    local!datasubset: #"SYSTEM_SYSRULES_queryEntity"(
      entity: #"_a-0000df0b-b44d-8000-9ba2-011c48011c48_15942",
      query: #"SYSTEM_SYSRULES_query"(
        logicalExpression: if(
          /* if all filter values are null, ignore the subsequent logical expression*/
          local!noFiltersApplied,
          null,
          #"SYSTEM_SYSRULES_queryLogicalExpression"(
            operator: "AND",
            filters: {
              /* Preform ad-hoc filtering for each field */
              if(
                isnull(local!modificationType),
                {},
                #"SYSTEM_SYSRULES_queryFilter"(field: "modificationType", operator: "includes", value: local!modificationType)
              ),
              if(
                isnull(ri!selectedTypeFilter),
                {},
                #"SYSTEM_SYSRULES_queryFilter"(field: "modificationType", operator: "includes", value: ri!selectedTypeFilter)
              ),
              if(
                isnull(ri!selectedQuarter),
                {},
                #"SYSTEM_SYSRULES_queryFilter"(field: "recievedQuarter", operator: "includes", value: ri!selectedQuarter)
              )
            }
          )
        ),
        pagingInfo: local!gridSelection.pagingInfo
       )
    ),
    local!localChangeNotice:if(
      isnull(local!selectedId),
        {},
        #"_a-0000df0b-b44d-8000-9ba2-011c48011c48_15734"(
                              local!selectedId)
    ),
    {
      #"SYSTEM_SYSRULES_sectionLayout_v1"(
        label: "Contract Modification(s)",
        contents: {
          
          #"SYSTEM_SYSRULES_gridField"(
            label: "",
            labelPosition: "ABOVE",
            totalCount: local!datasubset.totalCount,
            columns: {
              #"SYSTEM_SYSRULES_gridTextColumn"(
                label: "CCN #",
                field: "CCN",
                data: index(
                  local!datasubset.data,
                  "CNN",
                  {}
                ),
                links:{
                  #"SYSTEM_SYSRULES_forEach"(
                    index(
                  local!datasubset.data,
                  "Id",
                  {}
                ),
                  #"SYSTEM_SYSRULES_recordLink"(
                    recordType: #"_a-0000df0b-b44d-8000-9ba2-011c48011c48_16039",
                    identifier: fv!item
                  ))
                }
              ),
              #"SYSTEM_SYSRULES_gridTextColumn"(
                label: "Received Quarter",
                field: "recievedQuarter",
                showWhen: true,
                data: index(
                  local!datasubset.data,
                  "recievedQuarter",
                  {}
                )
              ),
              #"SYSTEM_SYSRULES_gridTextColumn"(
                label: "Title",
                field: "CNTitle",
                data: index(
                  local!datasubset.data,
                  "CNTitle",
                  {}
                )
              ),
              #"SYSTEM_SYSRULES_gridTextColumn"(
                label: "Description",
                field: "description",
                data: index(
                  local!datasubset.data,
                  "description",
                  {}
                )
              ),
              #"SYSTEM_SYSRULES_gridTextColumn"(
                label: "Program",
                field: "modelNumber",
                data: index(
                  local!datasubset.data,
                  "modelNumber",
                  {}
                )
              ),
              #"SYSTEM_SYSRULES_gridTextColumn"(
                label: "BU",
                field: "spiritBU",
                data: index(
                  local!datasubset.data,
                  "spiritBU",
                  {}
                )
              ),
              #"SYSTEM_SYSRULES_gridImageColumn"(
                label: "Status",
                field: "status",
                data: {
                  #"SYSTEM_SYSRULES_forEach"(
                    index(
                      local!datasubset.data,
                      "milestoneStep",
                      ""
                    ),
                    #"_a-0000df0b-b44d-8000-9ba2-011c48011c48_16459"(fv!item)
                  )
                  /*rule!ASC_DetermineStatusIconByMilestoneStep(*/
                    /*milestoneStep:*/
                    /*index(*/
                      /*local!datasubset.data,*/
                      /*"milestoneStep"*/
                    /*)*/
                  /*)*/
                },
                size: "ICON"
              )           
            },
            identifiers: index(
              local!datasubset.data,
              "Id",
              {}
            ),
            value: local!gridSelection.pagingInfo,
            saveInto: {
              local!gridSelection.pagingInfo,
              /*a!save(*/
                /*local!selectedId,*/
                /*index(*/
                  /*save!value,*/
                  /*"selected",*/
                  /*null*/
                /*)*/
              /*)*/
            },
            selection: ri!selectable,
            validations: {}
          )
        },
        iscollapsible: true
      ),
      if(
        isnull(
          local!selectedId
        ),
        {},
         {
          #"_a-0000df0b-b44d-8000-9ba2-011c48011c48_15469"(
            milestoneStep: local!localChangeNotice.milestoneStep
          ),
          #"_a-0000df0b-b44d-8000-9ba2-011c48011c48_15330"(
            contract: #"571fac17-e2ad-41e6-b60a-2c6295469786"(
                              ri!contractId),
            readOnly: true,
            changeNotice: local!localChangeNotice,
            contractModification: #"_a-0000df0b-b44d-8000-9ba2-011c48011c48_15550"(
                              local!selectedId)
          ),
          #"_a-0000df0b-b44d-8000-9ba2-011c48011c48_19530"(
            changeNotice: local!localChangeNotice
          )
         }
     )
    }
  )
)</definition>
        <namedTypedValue>
            <name>cancel</name>
            <type>
                <name>boolean</name>
                <namespace>http://www.w3.org/2001/XMLSchema</namespace>
            </type>
        </namedTypedValue>
        <namedTypedValue>
            <name>selectable</name>
            <type>
                <name>boolean</name>
                <namespace>http://www.w3.org/2001/XMLSchema</namespace>
            </type>
        </namedTypedValue>
        <namedTypedValue>
            <name>contractId</name>
            <type>
                <name>int</name>
                <namespace>http://www.w3.org/2001/XMLSchema</namespace>
            </type>
        </namedTypedValue>
        <namedTypedValue>
            <name>selectedTypeFilter</name>
            <type>
                <name>string</name>
                <namespace>http://www.w3.org/2001/XMLSchema</namespace>
            </type>
            <value/>
        </namedTypedValue>
        <namedTypedValue>
            <name>filter</name>
            <type>
                <name>string</name>
                <namespace>http://www.w3.org/2001/XMLSchema</namespace>
            </type>
            <value/>
        </namedTypedValue>
        <namedTypedValue>
            <name>selectedQuarter</name>
            <type>
                <name>string</name>
                <namespace>http://www.w3.org/2001/XMLSchema</namespace>
            </type>
            <value/>
        </namedTypedValue>
        <metadataExpr></metadataExpr>
        <preferredEditor>interface</preferredEditor>
        <offlineEnabled>false</offlineEnabled>
    </rule>
    <roleMap public="true">
        <role inherit="true" allowForAll="false" name="readers">
            <users/>
            <groups/>
        </role>
        <role inherit="true" allowForAll="false" name="authors">
            <users/>
            <groups/>
        </role>
        <role inherit="true" allowForAll="false" name="administrators">
            <users>
                <userUuid>samuel.bruns@perficient.com</userUuid>
            </users>
            <groups/>
        </role>
        <role inherit="false" allowForAll="false" name="denyReaders">
            <users/>
            <groups/>
        </role>
        <role inherit="false" allowForAll="false" name="denyAuthors">
            <users/>
            <groups/>
        </role>
        <role inherit="false" allowForAll="false" name="denyAdministrators">
            <users/>
            <groups/>
        </role>
    </roleMap>
    <typedValue>
        <type>
            <name>RuleTestConfig?list</name>
            <namespace>http://www.appian.com/ae/types/2009</namespace>
        </type>
        <value>
            <el>
                <a:name/>
                <a:ruleInputTestConfigs>
                    <a:value xmlns:xsd="http://www.w3.org/2001/XMLSchema" xmlns:xsi="http://www.w3.org/2001/XMLSchema-instance" xsi:nil="true" xsi:type="xsd:boolean"/>
                    <a:nameRef>cancel</a:nameRef>
                    <a:id/>
                </a:ruleInputTestConfigs>
                <a:ruleInputTestConfigs>
                    <a:value xmlns:xsd="http://www.w3.org/2001/XMLSchema" xmlns:xsi="http://www.w3.org/2001/XMLSchema-instance" xsi:nil="true" xsi:type="xsd:boolean"/>
                    <a:nameRef>selectable</a:nameRef>
                    <a:id/>
                </a:ruleInputTestConfigs>
                <a:ruleInputTestConfigs>
                    <a:value xmlns:xsi="http://www.w3.org/2001/XMLSchema-instance" xsi:type="a:Expression">1</a:value>
                    <a:nameRef>contractId</a:nameRef>
                    <a:id/>
                </a:ruleInputTestConfigs>
                <a:ruleInputTestConfigs>
                    <a:value xmlns:xsd="http://www.w3.org/2001/XMLSchema" xmlns:xsi="http://www.w3.org/2001/XMLSchema-instance" xsi:type="xsd:string"/>
                    <a:nameRef>selectedTypeFilter</a:nameRef>
                    <a:id/>
                </a:ruleInputTestConfigs>
                <a:ruleInputTestConfigs>
                    <a:value xmlns:xsd="http://www.w3.org/2001/XMLSchema" xmlns:xsi="http://www.w3.org/2001/XMLSchema-instance" xsi:type="xsd:string"/>
                    <a:nameRef>filter</a:nameRef>
                    <a:id/>
                </a:ruleInputTestConfigs>
                <a:ruleInputTestConfigs>
                    <a:value xmlns:xsd="http://www.w3.org/2001/XMLSchema" xmlns:xsi="http://www.w3.org/2001/XMLSchema-instance" xsi:type="xsd:string"/>
                    <a:nameRef>selectedQuarter</a:nameRef>
                    <a:id/>
                </a:ruleInputTestConfigs>
                <a:assertions xmlns:xsi="http://www.w3.org/2001/XMLSchema-instance" xsi:nil="true"/>
            </el>
        </value>
    </typedValue>
    <history>
        <historyInfo versionUuid="_a-0000df4f-3e48-8000-9ba2-011c48011c48_60728"/>
        <historyInfo versionUuid="_a-0000df4f-3e48-8000-9ba2-011c48011c48_61674"/>
    </history>
</contentHaul>
