<?xml version="1.0" encoding="UTF-8" standalone="yes"?>
<contentHaul xmlns:a="http://www.appian.com/ae/types/2009">
    <versionUuid>_a-0000df4f-3e48-8000-9ba2-011c48011c48_61403</versionUuid>
    <rule>
        <name>ASC_EmployeeTaskAudit_Grid</name>
        <uuid>_a-0000df0b-b44d-8000-9ba2-011c48011c48_18976</uuid>
        <description>Grid with task audit information
</description>
        <parentUuid>_a-0000deba-19b3-8000-9ba2-011c48011c48_32858</parentUuid>
        <visibility>
            <advertise>false</advertise>
            <hierarchy>true</hierarchy>
            <indexable>true</indexable>
            <quota>false</quota>
            <searchable>true</searchable>
            <system>false</system>
            <unlogged>false</unlogged>
        </visibility>
        <definition>load(
  local!selectedUser: ri!selectedUser,
  local!selectedType: ri!selectedType,
  local!noFiltersApplied,
  local!gridSelection: #"SYSTEM_SYSRULES_gridSelection"(
    pagingInfo: #"SYSTEM_SYSRULES_pagingInfo"(
      startIndex: 1,
      batchsize: 10
    )
  ),
  with(
    local!selectedUser: ri!selectedUser,
    local!selectedType: ri!selectedType,
    local!noFiltersApplied: all(
      fn!isnull,
      {
        local!selectedUser,
        local!selectedType
      }
    ),
    local!datasubset: a!queryProcessAnalytics(
      report: #"_a-0000df4f-3e48-8000-9ba2-011c48011c48_60899",
      contextProcessModels: #"_a-0000df0b-b44d-8000-9ba2-011c48011c48_18944",
      query: #"SYSTEM_SYSRULES_query"(
        logicalExpression: if(
          /* if all filter values are null, ignore the subsequent logical expression*/
          local!noFiltersApplied,
          null,
          #"SYSTEM_SYSRULES_queryLogicalExpression"(
            operator: "AND",
            filters: {
              /* Preform ad-hoc filtering for each field */
              if(
                isnull(
                  local!selectedUser
                ),
                {},
                #"SYSTEM_SYSRULES_queryFilter"(
                  field: "c4",
                  operator: "includes",
                  value: local!selectedUser
                )
              ),
              if(
                isnull(
                  local!selectedType
                ),
                {},
                #"SYSTEM_SYSRULES_queryFilter"(
                  field: "c2",
                  operator: "includes",
                  value: local!selectedType
                )
              )
            }
          )
        ),
        pagingInfo: local!gridSelection.pagingInfo
      )/*a!queryLogicalExpression(
        operator: "AND",
        filters: {
          /* Preform ad-hoc filtering for each field 
          if(
            isnull(
              local!selectedUser
            ),
            {},
            a!queryFilter(
              field: "c4",
              operator: "includes",
              value: local!selectedUser
            )
          ),
          if(
            isnull(
              local!selectedType
            ),
            {},
            a!queryFilter(
              field: "c2",
              operator: "includes",
              value: local!selectedType
            )
          )
        }
      )*/
      
    ),
    #"SYSTEM_SYSRULES_gridField"(
      totalCount: local!datasubset.totalCount,
      columns: {
        #"SYSTEM_SYSRULES_gridTextColumn"(
          label: "Process Name",
          field: "c2",
          data: index(
            local!datasubset.data,
            "c2",
            null
          )
        ),
        #"SYSTEM_SYSRULES_gridTextColumn"(
          label: "Timestamp",
          field: "c3",
          data: #"SYSTEM_SYSRULES_forEach"(index(
            local!datasubset.data,
            "c3",
            null
          ),(todate(fv!item) &amp; " " &amp; totime(fv!item)))
        ),
        #"SYSTEM_SYSRULES_gridTextColumn"(
          label: "User",
          field: "c4",
          data: #"SYSTEM_SYSRULES_forEach"(
            items: index(
              local!datasubset.data,
              "c4",
              null
            ),
            expression: if(
              isnull(
                fv!item
              ),
              fv!item,
              #"_a-0000dd3a-dada-8000-daab-640000640000_11313"(
                fv!item
              )
            )
          )
        ),
        #"SYSTEM_SYSRULES_gridTextColumn"(
          label: "Lag Time",
          field: "c5",
          data: #"SYSTEM_SYSRULES_forEach"(
            index(
              local!datasubset.data,
              "c5",
              null
            ),
            #"_a-0000df0b-b44d-8000-9ba2-011c48011c48_19004"(
              fv!item
            )
          )
        ),
        #"SYSTEM_SYSRULES_gridTextColumn"(
          label: "Work Time",
          field: "c6",
          data: #"SYSTEM_SYSRULES_forEach"(
            index(
              local!datasubset.data,
              "c6",
              null
            ),
            #"_a-0000df0b-b44d-8000-9ba2-011c48011c48_19004"(
              fv!item
            )
          )
        )
      },
      value: local!gridSelection,
      saveInto: local!gridSelection
    )
  )
)</definition>
        <namedTypedValue>
            <name>selectedUser</name>
            <type>
                <name>string</name>
                <namespace>http://www.w3.org/2001/XMLSchema</namespace>
            </type>
            <value/>
        </namedTypedValue>
        <namedTypedValue>
            <name>selectedType</name>
            <type>
                <name>string</name>
                <namespace>http://www.w3.org/2001/XMLSchema</namespace>
            </type>
            <value/>
        </namedTypedValue>
        <metadataExpr></metadataExpr>
        <preferredEditor>interface</preferredEditor>
        <offlineEnabled>false</offlineEnabled>
    </rule>
    <roleMap public="true">
        <role inherit="true" allowForAll="false" name="readers">
            <users/>
            <groups/>
        </role>
        <role inherit="true" allowForAll="false" name="authors">
            <users/>
            <groups/>
        </role>
        <role inherit="true" allowForAll="false" name="administrators">
            <users>
                <userUuid>samuel.bruns@perficient.com</userUuid>
            </users>
            <groups/>
        </role>
        <role inherit="false" allowForAll="false" name="denyReaders">
            <users/>
            <groups/>
        </role>
        <role inherit="false" allowForAll="false" name="denyAuthors">
            <users/>
            <groups/>
        </role>
        <role inherit="false" allowForAll="false" name="denyAdministrators">
            <users/>
            <groups/>
        </role>
    </roleMap>
    <history>
        <historyInfo versionUuid="_a-0000df4f-3e48-8000-9ba2-011c48011c48_60714"/>
        <historyInfo versionUuid="_a-0000df4f-3e48-8000-9ba2-011c48011c48_60908"/>
        <historyInfo versionUuid="_a-0000df4f-3e48-8000-9ba2-011c48011c48_61403"/>
    </history>
</contentHaul>
