<?xml version="1.0" encoding="UTF-8" standalone="yes"?>
<contentHaul xmlns:a="http://www.appian.com/ae/types/2009">
    <versionUuid>_a-0000df4f-3e48-8000-9ba2-011c48011c48_60632</versionUuid>
    <rule>
        <name>ASC_ContractsModificationInformation_Section</name>
        <uuid>_a-0000df0b-b44d-8000-9ba2-011c48011c48_15477</uuid>
        <description>Section to capture the specific requested information</description>
        <parentUuid>_a-0000deba-19b3-8000-9ba2-011c48011c48_32858</parentUuid>
        <visibility>
            <advertise>false</advertise>
            <hierarchy>true</hierarchy>
            <indexable>true</indexable>
            <quota>false</quota>
            <searchable>true</searchable>
            <system>false</system>
            <unlogged>false</unlogged>
        </visibility>
        <definition>#"SYSTEM_SYSRULES_sectionLayout_v1"(
  label: "Information Request Details",
  contents: {
    #"SYSTEM_SYSRULES_columnsLayout"(
      columns: {
        #"SYSTEM_SYSRULES_columnLayout"(
          contents: {
            #"SYSTEM_SYSRULES_textField"(
              label: "Requested By",
              value: #"_a-0000dd3a-dada-8000-daab-640000640000_11313"(
                ri!contractModificationInfo.createdBy
              ),
              readOnly: true
            )
          }
        ),
        #"SYSTEM_SYSRULES_columnLayout"(
          #"SYSTEM_SYSRULES_dateField"(
            label: "Requested Date",
            value: ri!contractModificationInfo.createdDateTime,
            readOnly: true
          )
        )
      }
    ),
    #"SYSTEM_SYSRULES_columnsLayout"(
      columns: {
        #"SYSTEM_SYSRULES_columnLayout"(
          contents: {
            #"SYSTEM_SYSRULES_paragraphField"(
              label: "Request Comments",
              value: ri!contractModificationInfo.requestComments,
              readOnly: true
            ),
            #"SYSTEM_SYSRULES_textField"(
              label: "Information Type",
              value: ri!contractModificationInfo.infoType,
              readOnly: true
            ),
            if(
              ri!contractModificationInfo.infoType = "Engineering",
              #"SYSTEM_SYSRULES_floatingPointField"(
                label: "Hours",
                value: ri!contractModificationInfo.hourAmount,
                saveInto: ri!contractModificationInfo.hourAmount,
                required: true
              ),
              #"SYSTEM_SYSRULES_textField"(
                label: "Dollars",
                value: if(
                  isnull(
                    ri!contractModificationInfo.amount
                  ),
                  "",
                  dollar(
                    ri!contractModificationInfo.amount
                  )
                ),
                saveInto: ri!contractModificationInfo.amount,
                required: true
              )
            )
          }
        ),
        #"SYSTEM_SYSRULES_columnLayout"(
          contents: {
            #"SYSTEM_SYSRULES_textField"(
              label: "Modifications Type",
              value: ri!changeRequest.modificationType,
              /*Fix to display description of the mod type*/
              readOnly: true
            ),
            #"SYSTEM_SYSRULES_textField"(
              label: "Information SubType",
              value: ri!contractModificationInfo.infoSubType,
              readOnly: true
            ),
            load(
              #"SYSTEM_SYSRULES_fileUploadField_v1"(
                label: "Supporting Documents",
                labelPosition: "ABOVE",
                target: 
                  ri!folder
                ,
                value: ri!contractModificationInfo.documents,
                saveInto: ri!contractModificationInfo.documents,
                validations: {}
              )
            )
          }
        )
      }
    ),
    #"SYSTEM_SYSRULES_paragraphField"(
      label: "Comments",
      value: ri!contractModificationInfo.comments,
      saveInto: ri!contractModificationInfo.comments,
      required: true
    )
  },
  iscollapsible: true
)</definition>
        <namedTypedValue>
            <name>contractModificationInfo</name>
            <type>
                <name>ASC_ContractModInfo</name>
                <namespace>urn:com:appian:types</namespace>
            </type>
        </namedTypedValue>
        <namedTypedValue>
            <name>readOnly</name>
            <type>
                <name>boolean</name>
                <namespace>http://www.w3.org/2001/XMLSchema</namespace>
            </type>
        </namedTypedValue>
        <namedTypedValue>
            <name>changeRequest</name>
            <type>
                <name>ASC_ChangeNoticeRequest</name>
                <namespace>urn:com:appian:types</namespace>
            </type>
        </namedTypedValue>
        <namedTypedValue>
            <name>folder</name>
            <type>
                <name>CollaborationFolder</name>
                <namespace>http://www.appian.com/ae/types/2009</namespace>
            </type>
        </namedTypedValue>
        <metadataExpr></metadataExpr>
        <preferredEditor>interface</preferredEditor>
        <offlineEnabled>false</offlineEnabled>
    </rule>
    <roleMap public="true">
        <role inherit="true" allowForAll="false" name="readers">
            <users/>
            <groups/>
        </role>
        <role inherit="true" allowForAll="false" name="authors">
            <users/>
            <groups/>
        </role>
        <role inherit="true" allowForAll="false" name="administrators">
            <users>
                <userUuid>jerome.wong</userUuid>
            </users>
            <groups/>
        </role>
        <role inherit="false" allowForAll="false" name="denyReaders">
            <users/>
            <groups/>
        </role>
        <role inherit="false" allowForAll="false" name="denyAuthors">
            <users/>
            <groups/>
        </role>
        <role inherit="false" allowForAll="false" name="denyAdministrators">
            <users/>
            <groups/>
        </role>
    </roleMap>
    <typedValue>
        <type>
            <name>RuleTestConfig?list</name>
            <namespace>http://www.appian.com/ae/types/2009</namespace>
        </type>
        <value>
            <el>
                <a:name/>
                <a:ruleInputTestConfigs>
                    <a:value xmlns:xsi="http://www.w3.org/2001/XMLSchema-instance" xsi:type="a:Expression">'type!{urn:com:appian:types}ASC_Contract_Modifications'(Id:1)</a:value>
                    <a:nameRef>contractModificationInfo</a:nameRef>
                    <a:id/>
                </a:ruleInputTestConfigs>
                <a:ruleInputTestConfigs>
                    <a:value xmlns:xsi="http://www.w3.org/2001/XMLSchema-instance" xsi:type="a:Expression">false</a:value>
                    <a:nameRef>readOnly</a:nameRef>
                    <a:id/>
                </a:ruleInputTestConfigs>
                <a:ruleInputTestConfigs>
                    <a:value xmlns:n1="urn:com:appian:types" xmlns:xsi="http://www.w3.org/2001/XMLSchema-instance" xsi:nil="true" xsi:type="n1:ASC_ChangeNoticeRequest"/>
                    <a:nameRef>changeRequest</a:nameRef>
                    <a:id/>
                </a:ruleInputTestConfigs>
                <a:ruleInputTestConfigs>
                    <a:value xmlns:xsi="http://www.w3.org/2001/XMLSchema-instance" xsi:nil="true" xsi:type="a:CollaborationFolder"/>
                    <a:nameRef>folder</a:nameRef>
                    <a:id/>
                </a:ruleInputTestConfigs>
                <a:assertions xmlns:xsi="http://www.w3.org/2001/XMLSchema-instance" xsi:nil="true"/>
            </el>
        </value>
    </typedValue>
    <history>
        <historyInfo versionUuid="_a-0000df4f-3e48-8000-9ba2-011c48011c48_60632"/>
    </history>
</contentHaul>
