<?xml version="1.0" encoding="UTF-8" standalone="yes"?>
<contentHaul xmlns:a="http://www.appian.com/ae/types/2009">
    <versionUuid>_a-0000df4f-3e48-8000-9ba2-011c48011c48_62112</versionUuid>
    <rule>
        <name>ASC_EmployeeAuditReportStackedGraph_Section</name>
        <uuid>_a-0000df0b-b44d-8000-9ba2-011c48011c48_19244</uuid>
        <description>Stacked graph to demonstrate the time necessary to complete a Process step</description>
        <parentUuid>_a-0000deba-19b3-8000-9ba2-011c48011c48_32858</parentUuid>
        <visibility>
            <advertise>false</advertise>
            <hierarchy>true</hierarchy>
            <indexable>true</indexable>
            <quota>false</quota>
            <searchable>true</searchable>
            <system>false</system>
            <unlogged>false</unlogged>
        </visibility>
        <definition>load(
  local!pagingInfo: #"SYSTEM_SYSRULES_pagingInfo"(
    startIndex: 1,
    batchSize: 50,
    sort: #"SYSTEM_SYSRULES_sortInfo"(
      field: "c0",
      ascending: true
    )
  ),
  with(
    local!selectedUser: ri!selectedUser,
    local!datasubset: a!queryProcessAnalytics(
      report: if(
        isnull(
          ri!selectedUser
        ),
        #"_a-0000df4f-3e48-8000-9ba2-011c48011c48_60775",
        #"_a-0000df0b-b44d-8000-9ba2-011c48011c48_19254"
      ),
      contextProcessModels: #"_a-0000df0b-b44d-8000-9ba2-011c48011c48_18944",
      query: #"SYSTEM_SYSRULES_queryLogicalExpression"(
        operator: "AND",
        filters: {
          /* Preform ad-hoc filtering for each field */
          if(
            isnull(
              local!selectedUser
            ),
            {},
            #"SYSTEM_SYSRULES_queryFilter"(
              field: "c4",
              operator: "includes",
              value: local!selectedUser
            )
          )
        }
      )
    ),
    local!Categories: cast(
      103,
      index(
        local!datasubset.data,
        "c0",
        null
      )
    ),
    #"SYSTEM_SYSRULES_barChartField"(
      label: "Process Execution Breakdown",
      categories: local!Categories,
      series: {
        #"SYSTEM_SYSRULES_chartSeries"(
          label: "Above Average",
          data: #"SYSTEM_SYSRULES_forEach"(
            items: index(
              local!datasubset.data,
              "c8",
              null
            ),
            expression: if(
              isnull(
                fv!item
              ),
              fv!item,
              round(
                fv!item,
                3
              )
            )
          ),
          links: {
            #"SYSTEM_SYSRULES_forEach"(
              items: index(
                local!datasubset.data,
                "c0",
                null
              ),
              expression: #"SYSTEM_SYSRULES_dynamicLink"(
                value: fv!item,
                saveInto: ri!selectedType
              )
            )
          }
        ),
        #"SYSTEM_SYSRULES_chartSeries"(
          label: "Meet SLA",
          data: #"SYSTEM_SYSRULES_forEach"(
            items: index(
              local!datasubset.data,
              "c6",
              null
            ),
            expression: if(
              isnull(
                fv!item
              ),
              fv!item,
              round(
                fv!item,
                3
              )
            )
          ),
          links: {
            #"SYSTEM_SYSRULES_forEach"(
              items: index(
                local!datasubset.data,
                "c0",
                null
              ),
              expression: #"SYSTEM_SYSRULES_dynamicLink"(
                value: fv!item,
                saveInto: ri!selectedType
              )
            )
          }
        )
      },
      yAxisTitle: "Average Days Spent on a Process",
      stacking: "NORMAL",
      showTooltips: true,
      helpTooltip: "Lag Time - Time spent waiting for a user to accept a task.
                  : Work Time - Time spent by the user to complete the task.",
      showLegend: true,
      showDataLabels: true
    )
  )
)</definition>
        <namedTypedValue>
            <name>selectedType</name>
            <type>
                <name>string</name>
                <namespace>http://www.w3.org/2001/XMLSchema</namespace>
            </type>
            <value/>
        </namedTypedValue>
        <namedTypedValue>
            <name>selectedUser</name>
            <type>
                <name>string</name>
                <namespace>http://www.w3.org/2001/XMLSchema</namespace>
            </type>
            <value/>
        </namedTypedValue>
        <metadataExpr></metadataExpr>
        <preferredEditor>interface</preferredEditor>
        <offlineEnabled>false</offlineEnabled>
    </rule>
    <roleMap public="true">
        <role inherit="true" allowForAll="false" name="readers">
            <users/>
            <groups/>
        </role>
        <role inherit="true" allowForAll="false" name="authors">
            <users/>
            <groups/>
        </role>
        <role inherit="true" allowForAll="false" name="administrators">
            <users>
                <userUuid>samuel.bruns@perficient.com</userUuid>
            </users>
            <groups/>
        </role>
        <role inherit="false" allowForAll="false" name="denyReaders">
            <users/>
            <groups/>
        </role>
        <role inherit="false" allowForAll="false" name="denyAuthors">
            <users/>
            <groups/>
        </role>
        <role inherit="false" allowForAll="false" name="denyAdministrators">
            <users/>
            <groups/>
        </role>
    </roleMap>
    <history>
        <historyInfo versionUuid="_a-0000df4f-3e48-8000-9ba2-011c48011c48_60717"/>
        <historyInfo versionUuid="_a-0000df4f-3e48-8000-9ba2-011c48011c48_60794"/>
        <historyInfo versionUuid="_a-0000df4f-3e48-8000-9ba2-011c48011c48_62112"/>
    </history>
</contentHaul>
