<?xml version="1.0" encoding="UTF-8" standalone="yes"?>
<contentHaul xmlns:a="http://www.appian.com/ae/types/2009">
    <versionUuid>_a-0000df4f-3e48-8000-9ba2-011c48011c48_60668</versionUuid>
    <rule>
        <name>ASC_CalculateQuarterByDate</name>
        <uuid>_a-0000df0b-b44d-8000-9ba2-011c48011c48_16458</uuid>
        <description>Calculated the yearly quarter 1Q17 based on a date</description>
        <parentUuid>_a-0000deba-19b3-8000-9ba2-011c48011c48_32853</parentUuid>
        <visibility>
            <advertise>false</advertise>
            <hierarchy>true</hierarchy>
            <indexable>true</indexable>
            <quota>false</quota>
            <searchable>true</searchable>
            <system>false</system>
            <unlogged>false</unlogged>
        </visibility>
        <definition>if(
  ri!date &gt; date(year(ri!date),3,31),
  if(
    ri!date &gt; date(year(ri!date),5,30),
    if(
      ri!date &gt; date(year(ri!date),8,30),
        "4Q" &amp; year(ri!date),
      "3Q" &amp; year(ri!date)
     ),
    "2Q" &amp; year(ri!date)
   ),
  "1Q" &amp; year(ri!date)
)</definition>
        <namedTypedValue>
            <name>date</name>
            <type>
                <name>date</name>
                <namespace>http://www.w3.org/2001/XMLSchema</namespace>
            </type>
        </namedTypedValue>
        <preferredEditor>legacy</preferredEditor>
        <offlineEnabled>false</offlineEnabled>
    </rule>
    <roleMap public="true">
        <role inherit="true" allowForAll="false" name="readers">
            <users/>
            <groups/>
        </role>
        <role inherit="true" allowForAll="false" name="authors">
            <users/>
            <groups/>
        </role>
        <role inherit="true" allowForAll="false" name="administrators">
            <users/>
            <groups/>
        </role>
        <role inherit="false" allowForAll="false" name="denyReaders">
            <users/>
            <groups/>
        </role>
        <role inherit="false" allowForAll="false" name="denyAuthors">
            <users/>
            <groups/>
        </role>
        <role inherit="false" allowForAll="false" name="denyAdministrators">
            <users/>
            <groups/>
        </role>
    </roleMap>
    <history>
        <historyInfo versionUuid="_a-0000df4f-3e48-8000-9ba2-011c48011c48_60668"/>
    </history>
</contentHaul>
