<?xml version="1.0" encoding="UTF-8" standalone="yes"?>
<contentHaul xmlns:a="http://www.appian.com/ae/types/2009">
    <versionUuid>_a-0000df63-1167-8000-9ba2-011c48011c48_110961</versionUuid>
    <rule>
        <name>ASC_ContractModificationRequestCustomerAndContract_Section</name>
        <uuid>_a-0000df4f-3e48-8000-9ba2-011c48011c48_61263</uuid>
        <description>Section that contains the request the contract and customer for a contract modification.</description>
        <parentUuid>_a-0000deba-19b3-8000-9ba2-011c48011c48_32858</parentUuid>
        <visibility>
            <advertise>false</advertise>
            <hierarchy>true</hierarchy>
            <indexable>true</indexable>
            <quota>false</quota>
            <searchable>true</searchable>
            <system>false</system>
            <unlogged>false</unlogged>
        </visibility>
        <definition>load(
  local!pickedSchedule,
  local!scheduleLabels: #"_a-0000df0b-b44d-8000-9ba2-011c48011c48_15846",
  #"SYSTEM_SYSRULES_sectionLayout_v1"(
    label: "Contract Modification Details",
    contents: {
      /*a!milestoneField(
      steps: cons!ASC_MILESTONELABELS_MODIFICATIONS,
      active: ri!changeNotice.milestoneStep
    ),*/
      #"SYSTEM_SYSRULES_columnsLayout"(
        columns: {
          #"SYSTEM_SYSRULES_columnLayout"(
            contents: {
              #"SYSTEM_SYSRULES_pickerFieldRecords"(
                label: "Customer",
                labelPosition: "ABOVE",
                recordtype: #"_a-0000def3-0227-8000-9ba2-011c48011c48_10900",
                value: if(
                  ri!customer = 0,
                  {},
                  ri!customer
                ),
                saveInto: ri!customer,
                validations: {},
                instructions: "Browse Customers in Cooperate directory"
              )
            }/*,
          isCollapsible: true*/
            
          ),
          #"SYSTEM_SYSRULES_columnLayout"(
            contents: {
              #"SYSTEM_SYSRULES_pickerFieldRecords"(
                label: "Contract",
                labelPosition: "ABOVE",
                filters: if(
                  isnull(
                    ri!customer
                  ),
                  {},
                  #"SYSTEM_SYSRULES_queryFilter"(
                    field: "customerId",
                    operator: "=",
                    value: ri!customer
                  )
                ),
                recordtype: #"_a-0000df0b-b44d-8000-9ba2-011c48011c48_17227",
                value: if(
                  ri!contract = 0,
                  {},
                  ri!contract
                ),
                saveInto: ri!contract,
                validations: {},
                instructions: "Browse Contracts in Customer directory"
              )
            }
          )
        }
      )
    },
    validations: {},
    isCollapsible: true
  )
)</definition>
        <namedTypedValue>
            <name>contract</name>
            <type>
                <name>int</name>
                <namespace>http://www.w3.org/2001/XMLSchema</namespace>
            </type>
        </namedTypedValue>
        <namedTypedValue>
            <name>customer</name>
            <type>
                <name>int</name>
                <namespace>http://www.w3.org/2001/XMLSchema</namespace>
            </type>
        </namedTypedValue>
        <namedTypedValue>
            <name>readOnly</name>
            <type>
                <name>boolean</name>
                <namespace>http://www.w3.org/2001/XMLSchema</namespace>
            </type>
        </namedTypedValue>
        <metadataExpr></metadataExpr>
        <preferredEditor>interface</preferredEditor>
        <offlineEnabled>false</offlineEnabled>
    </rule>
    <roleMap public="true">
        <role inherit="true" allowForAll="false" name="readers">
            <users/>
            <groups/>
        </role>
        <role inherit="true" allowForAll="false" name="authors">
            <users/>
            <groups/>
        </role>
        <role inherit="true" allowForAll="false" name="administrators">
            <users>
                <userUuid>samuel.bruns@perficient.com</userUuid>
            </users>
            <groups/>
        </role>
        <role inherit="false" allowForAll="false" name="denyReaders">
            <users/>
            <groups/>
        </role>
        <role inherit="false" allowForAll="false" name="denyAuthors">
            <users/>
            <groups/>
        </role>
        <role inherit="false" allowForAll="false" name="denyAdministrators">
            <users/>
            <groups/>
        </role>
    </roleMap>
    <history>
        <historyInfo versionUuid="_a-0000df4f-3e48-8000-9ba2-011c48011c48_61304"/>
        <historyInfo versionUuid="_a-0000df4f-3e48-8000-9ba2-011c48011c48_61815"/>
        <historyInfo versionUuid="_a-0000df63-1167-8000-9ba2-011c48011c48_108572"/>
        <historyInfo versionUuid="_a-0000df63-1167-8000-9ba2-011c48011c48_110961"/>
    </history>
</contentHaul>
