<?xml version="1.0" encoding="UTF-8" standalone="yes"?>
<contentHaul xmlns:a="http://www.appian.com/ae/types/2009">
    <versionUuid>_a-0000df4f-3e48-8000-9ba2-011c48011c48_60613</versionUuid>
    <rule>
        <name>ASC_getDocumentURL</name>
        <uuid>_a-0000df0b-b44d-8000-9ba2-011c48011c48_15278</uuid>
        <description>Returns URL for the Document that contains the contract modifications	</description>
        <parentUuid>_a-0000deba-19b3-8000-9ba2-011c48011c48_32853</parentUuid>
        <visibility>
            <advertise>false</advertise>
            <hierarchy>true</hierarchy>
            <indexable>true</indexable>
            <quota>false</quota>
            <searchable>true</searchable>
            <system>false</system>
            <unlogged>false</unlogged>
        </visibility>
        <definition>if(
  #"_a-0000dd3a-dada-8000-daab-640000640000_11122"(
    ri!requestBody
  ),
  {},
  if(
    #"_a-0000dd3a-dada-8000-daab-640000640000_11122"(
      #"_a-0000df0b-b44d-8000-9ba2-011c48011c48_15279"(
        ri!requestBody
      ).DocumentURL
    ),
    {},
      #"_a-0000df0b-b44d-8000-9ba2-011c48011c48_15279"(
        ri!requestBody
      ).DocumentURL
    
  )
)</definition>
        <namedTypedValue>
            <name>requestBody</name>
            <type>
                <name>Variant</name>
                <namespace>http://www.appian.com/ae/types/2009</namespace>
            </type>
        </namedTypedValue>
        <preferredEditor>legacy</preferredEditor>
        <offlineEnabled>false</offlineEnabled>
    </rule>
    <roleMap public="true">
        <role inherit="true" allowForAll="false" name="readers">
            <users/>
            <groups/>
        </role>
        <role inherit="true" allowForAll="false" name="authors">
            <users/>
            <groups/>
        </role>
        <role inherit="true" allowForAll="false" name="administrators">
            <users/>
            <groups/>
        </role>
        <role inherit="false" allowForAll="false" name="denyReaders">
            <users/>
            <groups/>
        </role>
        <role inherit="false" allowForAll="false" name="denyAuthors">
            <users/>
            <groups/>
        </role>
        <role inherit="false" allowForAll="false" name="denyAdministrators">
            <users/>
            <groups/>
        </role>
    </roleMap>
    <history>
        <historyInfo versionUuid="_a-0000df4f-3e48-8000-9ba2-011c48011c48_60613"/>
    </history>
</contentHaul>
