<?xml version="1.0" encoding="UTF-8" standalone="yes"?>
<contentHaul xmlns:a="http://www.appian.com/ae/types/2009">
    <versionUuid>_a-0000df63-1167-8000-9ba2-011c48011c48_111934</versionUuid>
    <rule>
        <name>ASC_ContractsModificationDetails_Section</name>
        <uuid>_a-0000df0b-b44d-8000-9ba2-011c48011c48_15345</uuid>
        <description>Section that contains the details for the contracts modification form. This allows the contracts group to dynamically add users and their info gathering requirements</description>
        <parentUuid>_a-0000deba-19b3-8000-9ba2-011c48011c48_32858</parentUuid>
        <visibility>
            <advertise>false</advertise>
            <hierarchy>true</hierarchy>
            <indexable>true</indexable>
            <quota>false</quota>
            <searchable>true</searchable>
            <system>false</system>
            <unlogged>false</unlogged>
        </visibility>
        <definition>load(
  local!type,
  local!overrideAmount: cast(
    103,
    #"SYSTEM_SYSRULES_forEach"(
      items: ri!contractModInfo,
      expression: if(
        isnull(
          fv!item.amount
        ),
        tostring(
          #"_a-0000df0b-b44d-8000-9ba2-011c48011c48_16316"(
            type: fv!item.infoType,
            subType: fv!item.infoSubType,
            hours: fv!item.hourAmount
          )
        ),
        fv!item.amount
      )
    )
  ),
  #"SYSTEM_SYSRULES_sectionLayout_v1"(
    label: "Coordination Sheet Details",
    contents: {
      #"SYSTEM_SYSRULES_gridLayout"(
        totalCount: count(
          ri!contractModInfo
        ),
        headerCells: {
          #"SYSTEM_SYSRULES_gridLayoutHeaderCell"(
            label: "User"
          ),
          #"SYSTEM_SYSRULES_gridLayoutHeaderCell"(
            label: "Information Type"
          ),
          #"SYSTEM_SYSRULES_gridLayoutHeaderCell"(
            label: "Information SubType"
          ),
          #"SYSTEM_SYSRULES_gridLayoutHeaderCell"(
            label: "Details"
          ),
          #"SYSTEM_SYSRULES_gridLayoutHeaderCell"(
            label: "Due Date"
          ),
          if(
            or(
              ri!formAction = #"_a-0000df0b-b44d-8000-9ba2-011c48011c48_16256",
              ri!formAction = #"_a-0000df0b-b44d-8000-9ba2-011c48011c48_16257"
            ),
            {},
            #"SYSTEM_SYSRULES_gridLayoutHeaderCell"(
              label: "Hours"
            )
          ),
          if(
            or(
              ri!formAction = #"_a-0000df0b-b44d-8000-9ba2-011c48011c48_16256",
              ri!formAction = #"_a-0000df0b-b44d-8000-9ba2-011c48011c48_16257"
            ),
            {},
            #"SYSTEM_SYSRULES_gridLayoutHeaderCell"(
              label: "Cost Amount"
            )
          ),
          if(
            or(
              ri!formAction = #"_a-0000df0b-b44d-8000-9ba2-011c48011c48_16256",
              ri!formAction = #"_a-0000df0b-b44d-8000-9ba2-011c48011c48_16257"
            ),
            {},
            #"SYSTEM_SYSRULES_gridLayoutHeaderCell"(
              label: "Override Amount"
            )
          ),
          /* For the "Remove" column */
          if(
            or(
              ri!formAction = #"_a-0000df0b-b44d-8000-9ba2-011c48011c48_16256",
              ri!formAction = #"_a-0000df0b-b44d-8000-9ba2-011c48011c48_16257"
            ),
            #"SYSTEM_SYSRULES_gridLayoutHeaderCell"(
              label: "Remove"
            ),
            {}
          )
        },
        /* Only needed when some columns need to be narrow */
        columnConfigs: {
          #"SYSTEM_SYSRULES_gridLayoutColumnConfig"(
            width: "DISTRIBUTE",
            weight: 2
          ),
          #"SYSTEM_SYSRULES_gridLayoutColumnConfig"(
            width: "DISTRIBUTE",
            weight: 2
          ),
          #"SYSTEM_SYSRULES_gridLayoutColumnConfig"(
            width: "DISTRIBUTE",
            weight: 2
          ),
          #"SYSTEM_SYSRULES_gridLayoutColumnConfig"(
            width: "DISTRIBUTE",
            weight: 5
          ),
          #"SYSTEM_SYSRULES_gridLayoutColumnConfig"(
            width: "DISTRIBUTE",
            weight: 2
          ),
          if(
            or(
              ri!formAction = #"_a-0000df0b-b44d-8000-9ba2-011c48011c48_16256",
              ri!formAction = #"_a-0000df0b-b44d-8000-9ba2-011c48011c48_16257"
            ),
            {},
            #"SYSTEM_SYSRULES_gridLayoutColumnConfig"(
              width: "DISTRIBUTE",
              weight: 1
            )
          ),
          if(
            or(
              ri!formAction = #"_a-0000df0b-b44d-8000-9ba2-011c48011c48_16256",
              ri!formAction = #"_a-0000df0b-b44d-8000-9ba2-011c48011c48_16257"
            ),
            {},
            #"SYSTEM_SYSRULES_gridLayoutColumnConfig"(
              width: "DISTRIBUTE",
              weight: 1
            )
          ),
          if(
            or(
              ri!formAction = #"_a-0000df0b-b44d-8000-9ba2-011c48011c48_16256",
              ri!formAction = #"_a-0000df0b-b44d-8000-9ba2-011c48011c48_16257"
            ),
            {},
            #"SYSTEM_SYSRULES_gridLayoutColumnConfig"(
              width: "DISTRIBUTE",
              weight: 2
            )
          ),
          if(
            or(
              ri!formAction = #"_a-0000df0b-b44d-8000-9ba2-011c48011c48_16256",
              ri!formAction = #"_a-0000df0b-b44d-8000-9ba2-011c48011c48_16257"
            ),
            {},
            #"SYSTEM_SYSRULES_gridLayoutColumnConfig"(
              width: "DISTRIBUTE",
              weight: 2
            )
          ),
          if(
            or(
              ri!formAction = #"_a-0000df0b-b44d-8000-9ba2-011c48011c48_16256",
              ri!formAction = #"_a-0000df0b-b44d-8000-9ba2-011c48011c48_16257"
            ),
            #"SYSTEM_SYSRULES_gridLayoutColumnConfig"(
              width: "DISTRIBUTE",
              weight: 1
            ),
            {}
          ),
          
        },
        /*
        * a!forEach() will take local!employee data and used that data to loop through an
        * expression that creates each row. 
        *
        * When modifying the recipe to work with your data, you only need to change:
        * 1.) the number of fields in each row
        * 2.) the types of fields for each column (i.e. a!textField() for text data elements)
        * 3.) the fv!item elements. For example fv!item.firstName would change to fv!item.yourdata
        */
        rows: #"SYSTEM_SYSRULES_forEach"(
          items: ri!contractModInfo,
          expression: #"SYSTEM_SYSRULES_gridRowLayout"(
            id: fv!index,
            contents: {
              /* For the First Name Column*/
              #"SYSTEM_SYSRULES_pickerFieldUsers"(
                /* Labels are not visible in grid cells but are necessary to meet accessibility requirements */
                label: "User " &amp; fv!index,
                maxSelections: 1,
                groupFilter: #"_a-0000df0b-b44d-8000-9ba2-011c48011c48_15355",
                value: fv!item.userName,
                saveInto: fv!item.userName,
                required: true,
                readOnly: if(
                  or(
                    ri!formAction = #"_a-0000df0b-b44d-8000-9ba2-011c48011c48_16256",
                    ri!formAction = #"_a-0000df0b-b44d-8000-9ba2-011c48011c48_16257"
                  ),
                  false,
                  true
                )
              ),
              /* For the Last Name Column*/
              #"SYSTEM_SYSRULES_dropdownField"(
                label: "Information Type " &amp; fv!index,
                placeholderLabel: "-- Select -- ",
                choiceLabels: {
                  "Engineering",
                  "Supply Chain"
                },
                choiceValues: {
                  "Engineering",
                  "Supply Chain"
                },
                value: fv!item.infoType,
                saveInto: fv!item.infoType,
                required: true,
                disabled: if(
                  or(
                    ri!formAction = #"_a-0000df0b-b44d-8000-9ba2-011c48011c48_16256",
                    ri!formAction = #"_a-0000df0b-b44d-8000-9ba2-011c48011c48_16257"
                  ),
                  false,
                  true
                )
              ),
              /* For the Department Column*/
              #"SYSTEM_SYSRULES_dropdownField"(
                label: "Information SubType " &amp; fv!index,
                placeholderLabel: "-- Select -- ",
                choiceLabels: if(
                  fv!item.infoType = "Engineering",
                  {
                    "Design",
                    "Stress",
                    "ME"
                  },
                  if(
                    fv!item.infoType = "Supply Chain",
                    {
                      "Forging Expidite",
                      "Premium Freight"
                    },
                    {
                      " "
                    }
                  )
                ),
                choiceValues: if(
                  fv!item.infoType = "Engineering",
                  {
                    "Design",
                    "Stress",
                    "ME"
                  },
                  if(
                    fv!item.infoType = "Supply Chain",
                    {
                      "Forging Expidite",
                      "Premium Freight"
                    },
                    {
                      " "
                    }
                  )
                ),
                value: fv!item.infoSubType,
                saveInto: fv!item.infoSubType,
                required: true,
                disabled: if(
                  or(
                    ri!formAction = #"_a-0000df0b-b44d-8000-9ba2-011c48011c48_16256",
                    ri!formAction = #"_a-0000df0b-b44d-8000-9ba2-011c48011c48_16257"
                  ),
                  false,
                  true
                )
              ),
              #"SYSTEM_SYSRULES_paragraphField"(
                /* Labels are not visible in grid cells but are necessary to meet accessibility requirements */
                label: "Details " &amp; fv!index,
                value: if(
                  or(
                    ri!formAction = #"_a-0000df0b-b44d-8000-9ba2-011c48011c48_16256",
                    ri!formAction = #"_a-0000df0b-b44d-8000-9ba2-011c48011c48_16257"
                  ),
                  if(
                    isnull(
                      fv!item.requestComments
                    ),
                    if(
                      fv!item.infoSubType = "Design",
                      "Please provide design hours",
                      if(
                        fv!item.infoSubType = "Stress",
                        "Please provide stress hours",
                        if(
                          fv!item.infoSubType = "Premium Freight",
                          "Please provide Freight cost spent on this change",
                          {}
                        )
                      )
                    ),
                    fv!item.requestComments
                  ),
                  {
                    /*if*/
                    /*if(*/
                    /*isnull(*/
                    /*fv!item.requestComments*/
                    /*),*/
                    /*{},*/
                    "[" &amp; #"_a-0000dd3a-dada-8000-daab-640000640000_11313"(
                      fv!item.createdBy
                    ) &amp; ": " &amp; fv!item.createdDateTime &amp; "] - " &amp; fv!item.requestComments &amp; "  " &amp; striphtml(
                      "&lt;br/&gt;"
                    ) &amp; "[" &amp; #"_a-0000dd3a-dada-8000-daab-640000640000_11313"(
                      fv!item.userName
                    ) &amp; ": " &amp; fv!item.lastUpdatedDateTime &amp; "] - " &amp; fv!item.comments/*)/*end if*/
                    
                  }
                ),
                saveInto: if(
                  or(
                    ri!formAction = #"_a-0000df0b-b44d-8000-9ba2-011c48011c48_16256",
                    ri!formAction = #"_a-0000df0b-b44d-8000-9ba2-011c48011c48_16257",
                    ri!formAction = #"_a-0000df0b-b44d-8000-9ba2-011c48011c48_16165"
                  ),
                  fv!item.requestComments,
                  {}
                ),
                required: true,
                readOnly: if(
                  or(
                    ri!formAction = #"_a-0000df0b-b44d-8000-9ba2-011c48011c48_16256",
                    ri!formAction = #"_a-0000df0b-b44d-8000-9ba2-011c48011c48_16257",
                    ri!formAction = #"_a-0000df0b-b44d-8000-9ba2-011c48011c48_16165"
                  ),
                  if(
                    or(
                      if(
                        isnull(
                          fv!item.overrideAmount
                        ),
                        false,
                        fv!item.overrideAmount &lt;&gt; fv!item.amount
                      ),
                      if(
                        isnull(
                          fv!item.hourAmount
                        ),
                        if(
                          and(
                            isnull(
                              fv!item.overrideAmount
                            ),
                            isnull(
                              fv!item.amount
                            )
                          ),
                          false,
                          false
                        ),
                        if(
                          isnull(
                            fv!item.overrideAmount
                          ),
                          false,
                          #"_a-0000df0b-b44d-8000-9ba2-011c48011c48_16316"(
                            type: fv!item.infoType,
                            subType: fv!item.infoSubType,
                            hours: fv!item.hourAmount
                          ) &lt;&gt; fv!item.overrideAmount
                        )
                      )
                    ),
                    false,
                    if(
                      and(
                        isnull(
                          fv!item.hourAmount
                        ),
                        isnull(
                          fv!item.overrideAmount
                        ),
                        isnull(
                          fv!item.amount
                        )
                      ),
                      false,
                      true
                    )
                  ),
                  if(
                    and(
                      isnull(
                        fv!item.overrideAmount
                      ),
                      isnull(
                        fv!item.amount
                      )
                    ),
                    false,
                    true
                  )
                )
              ),
              #"SYSTEM_SYSRULES_dateField"(
                label: "Due Date " &amp; fv!index,
                value: fv!item.dueDate,
                saveInto: fv!item.dueDate,
                required: true,
                readOnly: if(
                  or(
                    ri!formAction = #"_a-0000df0b-b44d-8000-9ba2-011c48011c48_16256",
                    ri!formAction = #"_a-0000df0b-b44d-8000-9ba2-011c48011c48_16257"
                  ),
                  false,
                  true
                )
              ),
              /*new section*/if(
                or(
                  ri!formAction = #"_a-0000df0b-b44d-8000-9ba2-011c48011c48_16256",
                  ri!formAction = #"_a-0000df0b-b44d-8000-9ba2-011c48011c48_16257"
                ),
                {},
                #"SYSTEM_SYSRULES_textField"(
                  label: "Hours " &amp; fv!index,
                  value: if(
                    isnull(
                      fv!item.hourAmount
                    ),
                    {
                      "  "
                    },
                    fv!item.hourAmount
                  ),
                  required: true,
                  readOnly: true
                )
              ),
              if(
                or(
                  ri!formAction = #"_a-0000df0b-b44d-8000-9ba2-011c48011c48_16256",
                  ri!formAction = #"_a-0000df0b-b44d-8000-9ba2-011c48011c48_16257"
                ),
                {},
                #"SYSTEM_SYSRULES_richTextDisplayField"(
                  label: "Cost Amount " &amp; fv!index,
                  value: if(
                    isnull(
                      fv!item.amount
                    ),
                    if(
                      isnull(
                        fv!item.hourAmount
                      ),
                      {
                        " "
                      },
                      dollar(
                        tostring(
                          #"_a-0000df0b-b44d-8000-9ba2-011c48011c48_16316"(
                            type: fv!item.infoType,
                            subType: fv!item.infoSubType,
                            hours: fv!item.hourAmount
                          )
                        )
                      )
                    ),
                    if(
                      isnull(
                        fv!item.amount
                      ),
                      {
                        " "
                      },
                      dollar(
                        fv!item.amount
                      )
                    )
                  ),
                  required: true,
                  readOnly: true,
                  saveInto: fv!item.ammount
                )
              ),
              if(
                or(
                  ri!formAction = #"_a-0000df0b-b44d-8000-9ba2-011c48011c48_16256",
                  ri!formAction = #"_a-0000df0b-b44d-8000-9ba2-011c48011c48_16257"
                ),
                {},
                with(
                  #"SYSTEM_SYSRULES_textField"(
                    label: "Override Amount " &amp; fv!index,
                    value: if(
                      #"_a-0000dd3a-dada-8000-daab-640000640000_11122"(
                        fv!item.overrideAmount
                      ),
                      dollar(
                        local!overrideAmount[fv!index]
                      ),
                      dollar(
                        fv!item.overrideAmount
                      )
                    ),
                    saveInto: {
                      local!overrideAmount[fv!index],
                      fv!item.overrideAmount
                    },
                    required: true,
                    readOnly: if(
                      ri!formAction = #"_a-0000df0b-b44d-8000-9ba2-011c48011c48_16165",
                      false,
                      true
                    )
                  )
                )
              ),
              if(
                or(
                  ri!formAction = #"_a-0000df0b-b44d-8000-9ba2-011c48011c48_16256",
                  ri!formAction = #"_a-0000df0b-b44d-8000-9ba2-011c48011c48_16257"
                ),
                /* For the Removal Column*/
                #"SYSTEM_SYSRULES_imageField"(
                  label: "remove " &amp; fv!index,
                  images: #"SYSTEM_SYSRULES_documentImage"(
                    document: #"SYSTEM_SYSRULES_iconIndicator"(
                      "REMOVE"
                    ),
                    links: #"SYSTEM_SYSRULES_dynamicLink"(
                      value:fv!index,
                      saveInto: a!save(
                  ri!contractModInfo,
                  remove(
                    ri!contractModInfo,
                    save!value
                  )
                ) 
                      
                    )
                  ),
                  showWhen: if(
                    or(
                      ri!formAction = #"_a-0000df0b-b44d-8000-9ba2-011c48011c48_16256",
                      ri!formAction = #"_a-0000df0b-b44d-8000-9ba2-011c48011c48_16257"
                    ),
                    true,
                    false
                  ),
                  size: "ICON"
                ),
                {}
              )
            }
          )
        ),
        addRowlink: if(
          or(
            ri!formAction = #"_a-0000df0b-b44d-8000-9ba2-011c48011c48_16256",
            ri!formAction = #"_a-0000df0b-b44d-8000-9ba2-011c48011c48_16257"
          ),
          #"SYSTEM_SYSRULES_dynamicLink"(
            label: "Add Information Request",
            /** For your use case, set the value to a blank instance of your CDT using*/
            /** the type constructor, e.g. type!Employee(). Only specify the field*/
            /** if you want to give it a default value e.g. startDate: today()+1.*/
            value: {
              createdDateTime: now(),
              createdBy: loggedInUser(),
              contractId: ri!contractId
            },
            saveInto: {
              a!save(
                ri!contractModInfo,
                append(
                  ri!contractModInfo,
                  save!value
                )
              )
            }
          ),
          #"SYSTEM_SYSRULES_dynamicLink"()
        )
      )
    },
    isCollapsible: true
  )
)</definition>
        <namedTypedValue>
            <name>contractModInfo</name>
            <type>
                <name>ASC_ContractModInfo?list</name>
                <namespace>urn:com:appian:types</namespace>
            </type>
        </namedTypedValue>
        <namedTypedValue>
            <name>contractId</name>
            <type>
                <name>int</name>
                <namespace>http://www.w3.org/2001/XMLSchema</namespace>
            </type>
        </namedTypedValue>
        <namedTypedValue>
            <name>formAction</name>
            <type>
                <name>string</name>
                <namespace>http://www.w3.org/2001/XMLSchema</namespace>
            </type>
            <value/>
        </namedTypedValue>
        <metadataExpr></metadataExpr>
        <preferredEditor>interface</preferredEditor>
        <offlineEnabled>false</offlineEnabled>
    </rule>
    <roleMap public="true">
        <role inherit="true" allowForAll="false" name="readers">
            <users/>
            <groups/>
        </role>
        <role inherit="true" allowForAll="false" name="authors">
            <users/>
            <groups/>
        </role>
        <role inherit="true" allowForAll="false" name="administrators">
            <users/>
            <groups/>
        </role>
        <role inherit="false" allowForAll="false" name="denyReaders">
            <users/>
            <groups/>
        </role>
        <role inherit="false" allowForAll="false" name="denyAuthors">
            <users/>
            <groups/>
        </role>
        <role inherit="false" allowForAll="false" name="denyAdministrators">
            <users/>
            <groups/>
        </role>
    </roleMap>
    <typedValue>
        <type>
            <name>RuleTestConfig?list</name>
            <namespace>http://www.appian.com/ae/types/2009</namespace>
        </type>
        <value>
            <el>
                <a:name/>
                <a:ruleInputTestConfigs>
                    <a:value xmlns:xsi="http://www.w3.org/2001/XMLSchema-instance" xsi:type="a:Expression">#"_a-0000df0b-b44d-8000-9ba2-011c48011c48_16548"(73)</a:value>
                    <a:nameRef>contractModInfo</a:nameRef>
                    <a:id/>
                </a:ruleInputTestConfigs>
                <a:ruleInputTestConfigs>
                    <a:value xmlns:xsi="http://www.w3.org/2001/XMLSchema-instance" xsi:type="a:Expression">1</a:value>
                    <a:nameRef>contractId</a:nameRef>
                    <a:id/>
                </a:ruleInputTestConfigs>
                <a:ruleInputTestConfigs>
                    <a:value xmlns:xsd="http://www.w3.org/2001/XMLSchema" xmlns:xsi="http://www.w3.org/2001/XMLSchema-instance" xsi:type="xsd:string">Lead Override</a:value>
                    <a:nameRef>formAction</a:nameRef>
                    <a:id/>
                </a:ruleInputTestConfigs>
                <a:assertions xmlns:xsi="http://www.w3.org/2001/XMLSchema-instance" xsi:nil="true"/>
            </el>
        </value>
    </typedValue>
    <history>
        <historyInfo versionUuid="_a-0000df4f-3e48-8000-9ba2-011c48011c48_60622"/>
        <historyInfo versionUuid="_a-0000df4f-3e48-8000-9ba2-011c48011c48_63728"/>
        <historyInfo versionUuid="_a-0000df63-1167-8000-9ba2-011c48011c48_108798"/>
        <historyInfo versionUuid="_a-0000df63-1167-8000-9ba2-011c48011c48_111934"/>
    </history>
</contentHaul>
