<?xml version="1.0" encoding="UTF-8" standalone="yes"?>
<contentHaul xmlns:a="http://www.appian.com/ae/types/2009">
    <versionUuid>_a-0000df4f-3e48-8000-9ba2-011c48011c48_62192</versionUuid>
    <rule>
        <name>ASC_ProcessExecutionBreakdown_Chart</name>
        <uuid>_a-0000df4f-3e48-8000-9ba2-011c48011c48_62129</uuid>
        <description>Mockup for demo</description>
        <parentUuid>_a-0000deba-19b3-8000-9ba2-011c48011c48_32858</parentUuid>
        <visibility>
            <advertise>false</advertise>
            <hierarchy>true</hierarchy>
            <indexable>true</indexable>
            <quota>false</quota>
            <searchable>true</searchable>
            <system>false</system>
            <unlogged>false</unlogged>
        </visibility>
        <definition>
        #"SYSTEM_SYSRULES_barChartField"(
          label: "Process Execution Breakdown",
          labelPosition: "ABOVE",
          categories: {"Contract Modification Creation", "Creating Coordination Sheet", "Functional Lead Review","Coordination Sheet Approval", "Final Agreement"},
          series: {
            #"SYSTEM_SYSRULES_chartSeries"(label: "Above Average", data: {1, 2, .6, .3, 5}, color:"GREEN"),
            #"SYSTEM_SYSRULES_chartSeries"(label: "Meet SLA", data: {3, 4, .8, .4, 3},color:"YELLOW"),
            #"SYSTEM_SYSRULES_chartSeries"(label: "Exceeded SLA", data: {1, 2, .9, .4, 5}, color:"RED"),

          },
          stacking: "NORMAL",
          showLegend: true,
          showTooltips: true
        )
      
    
 
</definition>
        <metadataExpr></metadataExpr>
        <preferredEditor>interface</preferredEditor>
        <offlineEnabled>false</offlineEnabled>
    </rule>
    <roleMap public="true">
        <role inherit="true" allowForAll="false" name="readers">
            <users/>
            <groups/>
        </role>
        <role inherit="true" allowForAll="false" name="authors">
            <users/>
            <groups/>
        </role>
        <role inherit="true" allowForAll="false" name="administrators">
            <users/>
            <groups/>
        </role>
        <role inherit="false" allowForAll="false" name="denyReaders">
            <users/>
            <groups/>
        </role>
        <role inherit="false" allowForAll="false" name="denyAuthors">
            <users/>
            <groups/>
        </role>
        <role inherit="false" allowForAll="false" name="denyAdministrators">
            <users/>
            <groups/>
        </role>
    </roleMap>
    <history>
        <historyInfo versionUuid="_a-0000df4f-3e48-8000-9ba2-011c48011c48_62192"/>
    </history>
</contentHaul>
