<?xml version="1.0" encoding="UTF-8" standalone="yes"?>
<contentHaul xmlns:a="http://www.appian.com/ae/types/2009">
    <versionUuid>_a-0000df4f-3e48-8000-9ba2-011c48011c48_60702</versionUuid>
    <rule>
        <name>ASC_AddDocuments_Section</name>
        <uuid>_a-0000df0b-b44d-8000-9ba2-011c48011c48_18261</uuid>
        <description>Adds the documents to a folder</description>
        <parentUuid>_a-0000deba-19b3-8000-9ba2-011c48011c48_32858</parentUuid>
        <visibility>
            <advertise>false</advertise>
            <hierarchy>true</hierarchy>
            <indexable>true</indexable>
            <quota>false</quota>
            <searchable>true</searchable>
            <system>false</system>
            <unlogged>false</unlogged>
        </visibility>
        <definition>load(
  local!type,
  #"SYSTEM_SYSRULES_sectionLayout_v1"(
    label: "Upload Documents",
    contents: {
      #"SYSTEM_SYSRULES_gridLayout"(
        label: "",
        labelPosition: "ABOVE",
        headerCells: {
          #"SYSTEM_SYSRULES_gridLayoutHeaderCell"(label: "")
        },
        columnConfigs: {},
        rows: {
          #"SYSTEM_SYSRULES_gridRowLayout"(
          #"SYSTEM_SYSRULES_fileUploadField_v1"(
              label: "Contract",
              labelPosition: "ABOVE",
              target: ri!selectedFolder,
              value: ri!changeRequest.documents,
              saveInto: ri!changeRequest.documents,
              disabled: false,
              validations: {}
            ))
        },
        selectionSaveInto: {},
        validations: {}
      )
    },
    isCollapsible: true
  )
)</definition>
        <namedTypedValue>
            <name>changeRequest</name>
            <type>
                <name>ASC_ChangeNoticeRequest</name>
                <namespace>urn:com:appian:types</namespace>
            </type>
        </namedTypedValue>
        <namedTypedValue>
            <name>selectedFolder</name>
            <type>
                <name>CollaborationFolder</name>
                <namespace>http://www.appian.com/ae/types/2009</namespace>
            </type>
        </namedTypedValue>
        <metadataExpr></metadataExpr>
        <preferredEditor>interface</preferredEditor>
        <offlineEnabled>false</offlineEnabled>
    </rule>
    <roleMap public="true">
        <role inherit="true" allowForAll="false" name="readers">
            <users/>
            <groups/>
        </role>
        <role inherit="true" allowForAll="false" name="authors">
            <users/>
            <groups/>
        </role>
        <role inherit="true" allowForAll="false" name="administrators">
            <users/>
            <groups/>
        </role>
        <role inherit="false" allowForAll="false" name="denyReaders">
            <users/>
            <groups/>
        </role>
        <role inherit="false" allowForAll="false" name="denyAuthors">
            <users/>
            <groups/>
        </role>
        <role inherit="false" allowForAll="false" name="denyAdministrators">
            <users/>
            <groups/>
        </role>
    </roleMap>
    <history>
        <historyInfo versionUuid="_a-0000df4f-3e48-8000-9ba2-011c48011c48_60702"/>
    </history>
</contentHaul>
