<?xml version="1.0" encoding="UTF-8" standalone="yes"?>
<contentHaul xmlns:a="http://www.appian.com/ae/types/2009">
    <versionUuid>_a-0000df4f-3e48-8000-9ba2-011c48011c48_62417</versionUuid>
    <rule>
        <name>ASC_ContractModification_Header</name>
        <uuid>_a-0000df0b-b44d-8000-9ba2-011c48011c48_15325</uuid>
        <description>Contains the header details for contract modification. Links to the related records.</description>
        <parentUuid>_a-0000deba-19b3-8000-9ba2-011c48011c48_32858</parentUuid>
        <visibility>
            <advertise>false</advertise>
            <hierarchy>true</hierarchy>
            <indexable>true</indexable>
            <quota>false</quota>
            <searchable>true</searchable>
            <system>false</system>
            <unlogged>false</unlogged>
        </visibility>
        <definition>#"SYSTEM_SYSRULES_sectionLayout_v1"(
  label: "Contract ",
  contents: {
    #"SYSTEM_SYSRULES_columnsLayout"(
      columns: {
        #"SYSTEM_SYSRULES_columnLayout"(
          contents: {
            #"SYSTEM_SYSRULES_textField"(
              label: "Company Name",
              labelPosition: "ADJACENT",
              value: #"_a-0000def3-0227-8000-9ba2-011c48011c48_10896"(
                ri!contract.customerId
              ),
              saveInto: {},
              refreshAfter: "UNFOCUS",
              readonly: true,
              validations: {}
            ),
            if(ri!contract.contractAmount &gt; 1000000,
            #"SYSTEM_SYSRULES_richTextDisplayField"(
              label: "Contract Amount",
              labelposition: "ADJACENT",
              value: {
                #"SYSTEM_SYSRULES_richTextItem"(
                  text: dollar(
                    ri!contract.contractAmount
                  ),
                  style: "POSITIVE",
                  showwhen: true
                )
              }
            ),
            #"SYSTEM_SYSRULES_textField"(
              label: "Contract Amount",
              labelPosition: "ADJACENT",
              value: ri!contract.contractAmount,
              saveInto: {},
              refreshAfter: "UNFOCUS",
              readonly: true,
              validations: {}
            ))
          }
        ),
        #"SYSTEM_SYSRULES_columnLayout"(
          contents: {
            #"SYSTEM_SYSRULES_textField"(
              label: "Updated By",
              labelPosition: "ADJACENT",
              value: #"_a-0000dd3a-dada-8000-daab-640000640000_11313"(
                loggedInUser()
              ),
              saveInto: {},
              refreshAfter: "UNFOCUS",
              readonly: true,
              validations: {}
            ),
            #"SYSTEM_SYSRULES_textField"(
              label: "Company Main Contact",
              labelPosition: "ADJACENT",
              value: #"_a-0000def3-0227-8000-9ba2-011c48011c48_10913"(
                ri!contract.customerId
              ),
              saveInto: {},
              refreshAfter: "UNFOCUS",
              readonly: true,
              validations: {}
            )
          }
        ),
        #"SYSTEM_SYSRULES_columnLayout"(
          contents: {
            #"SYSTEM_SYSRULES_textField"(
              label: "Last Updated On",
              labelPosition: "ADJACENT",
              value: today(),
              saveInto: ri!modification.lastUpdatedDateTime,
              refreshAfter: "UNFOCUS",
              readonly: true,
              validations: {}
            ),
            #"SYSTEM_SYSRULES_textField"(
              label: "Contact Email",
              labelPosition: "ADJACENT",
              value: #"_a-0000def3-0227-8000-9ba2-011c48011c48_10915"(
                ri!contract.customerId
              ),
              saveInto: {},
              refreshAfter: "UNFOCUS",
              readonly: true,
              validations: {}
            )
          }
        )
      }
    )
  },
  isCollapsible: true
)</definition>
        <namedTypedValue>
            <name>contract</name>
            <type>
                <name>ASC_Contract</name>
                <namespace>urn:com:appian:types</namespace>
            </type>
        </namedTypedValue>
        <namedTypedValue>
            <name>modification</name>
            <type>
                <name>ASC_Contract_Modifications</name>
                <namespace>urn:com:appian:types</namespace>
            </type>
        </namedTypedValue>
        <metadataExpr></metadataExpr>
        <preferredEditor>interface</preferredEditor>
        <offlineEnabled>false</offlineEnabled>
    </rule>
    <roleMap public="true">
        <role inherit="true" allowForAll="false" name="readers">
            <users/>
            <groups/>
        </role>
        <role inherit="true" allowForAll="false" name="authors">
            <users/>
            <groups/>
        </role>
        <role inherit="true" allowForAll="false" name="administrators">
            <users/>
            <groups/>
        </role>
        <role inherit="false" allowForAll="false" name="denyReaders">
            <users/>
            <groups/>
        </role>
        <role inherit="false" allowForAll="false" name="denyAuthors">
            <users/>
            <groups/>
        </role>
        <role inherit="false" allowForAll="false" name="denyAdministrators">
            <users/>
            <groups/>
        </role>
    </roleMap>
    <typedValue>
        <type>
            <name>RuleTestConfig?list</name>
            <namespace>http://www.appian.com/ae/types/2009</namespace>
        </type>
        <value>
            <el>
                <a:name/>
                <a:ruleInputTestConfigs>
                    <a:value xmlns:xsi="http://www.w3.org/2001/XMLSchema-instance" xsi:type="a:Expression">#"571fac17-e2ad-41e6-b60a-2c6295469786"(1)</a:value>
                    <a:nameRef>contract</a:nameRef>
                    <a:id/>
                </a:ruleInputTestConfigs>
                <a:ruleInputTestConfigs>
                    <a:value xmlns:xsi="http://www.w3.org/2001/XMLSchema-instance" xsi:type="a:Expression">#"_a-0000def3-0227-8000-9ba2-011c48011c48_10792"(1)</a:value>
                    <a:nameRef>modification</a:nameRef>
                    <a:id/>
                </a:ruleInputTestConfigs>
                <a:assertions xmlns:xsi="http://www.w3.org/2001/XMLSchema-instance" xsi:nil="true"/>
            </el>
        </value>
    </typedValue>
    <history>
        <historyInfo versionUuid="_a-0000df4f-3e48-8000-9ba2-011c48011c48_60619"/>
        <historyInfo versionUuid="_a-0000df4f-3e48-8000-9ba2-011c48011c48_62417"/>
    </history>
</contentHaul>
