<?xml version="1.0" encoding="UTF-8" standalone="yes"?>
<contentHaul xmlns:a="http://www.appian.com/ae/types/2009">
    <versionUuid>_a-0000df4f-3e48-8000-9ba2-011c48011c48_60705</versionUuid>
    <rule>
        <name>ASC_ChangeNoticeFolderPicker_Section</name>
        <uuid>_a-0000df0b-b44d-8000-9ba2-011c48011c48_18675</uuid>
        <description>Allows users to pick the folder they choose to upload or makes a folder</description>
        <parentUuid>_a-0000deba-19b3-8000-9ba2-011c48011c48_32858</parentUuid>
        <visibility>
            <advertise>false</advertise>
            <hierarchy>true</hierarchy>
            <indexable>true</indexable>
            <quota>false</quota>
            <searchable>true</searchable>
            <system>false</system>
            <unlogged>false</unlogged>
        </visibility>
        <definition>load(
  #"SYSTEM_SYSRULES_sectionLayout_v1"(
    label: "Folder Location",
    contents: {
      /*a!gridLayout(*/
      /*label: "",*/
      /*labelPosition: "ABOVE",*/
      /*headerCells: {*/
      /*a!gridLayoutHeaderCell(*/
      /*label: "Selected Folder"*/
      /*)*/
      /*},*/
      /*columnConfigs: {},*/
      /*rows: {*/
      /*a!gridRowLayout(*/
      /*contents: {*/
      /*              */
      /*}*/
      /*)*/
      /*},*/
      /*selectionSaveInto: ri!selectedFolder,*/
      /*validations: {}*/
      /*),*/
      #"SYSTEM_SYSRULES_columnsLayout"(
        columns: {
          #"SYSTEM_SYSRULES_columnLayout"(
            contents: {
              #"SYSTEM_SYSRULES_pickerFieldFolders"(
                label: "Pick a folder ",
                labelPosition: "ABOVE",
                folderfilter: tofolder(
                  ri!changeNotice.referenceDocsFolder
                ),
                value: ri!selectedFolder,
                saveInto: ri!selectedFolder,
                validations: {}
              )
            }
          ),
          #"SYSTEM_SYSRULES_columnLayout"(
            contents: {
              #"SYSTEM_SYSRULES_textField"(
                label: "Create a folder",
                labelPosition: "ABOVE",
                placeholder: "Folder Name",
                value: ri!folderName,
                saveInto: ri!folderName,
                refreshAfter: "UNFOCUS"
              ),
              #"SYSTEM_SYSRULES_ButtonLayout"(
                primaryButtons: {
                  #"SYSTEM_SYSRULES_ButtonWidgetSubmit"(
                    label: "Create Folder",
                    style: "NORMAL",
                    value: true,
                    saveInto: ri!createFolder,
                    disabled: false
                  )
                },
                secondaryButtons: {
                  
                }
              )
            }
          )
        }
      )
    },
    validations: {
      if(
        and(
          ri!createFolder = true,
          isnull(
            ri!folderName
          )
        ),
        "New Folder must have a name",
        ""
      )
    },
    isCollapsible: true
  )
)</definition>
        <namedTypedValue>
            <name>changeNotice</name>
            <type>
                <name>ASC_ChangeNoticeRequest</name>
                <namespace>urn:com:appian:types</namespace>
            </type>
        </namedTypedValue>
        <namedTypedValue>
            <name>folderName</name>
            <type>
                <name>string</name>
                <namespace>http://www.w3.org/2001/XMLSchema</namespace>
            </type>
            <value/>
        </namedTypedValue>
        <namedTypedValue>
            <name>createFolder</name>
            <type>
                <name>boolean</name>
                <namespace>http://www.w3.org/2001/XMLSchema</namespace>
            </type>
        </namedTypedValue>
        <namedTypedValue>
            <name>selectedFolder</name>
            <type>
                <name>CollaborationFolder</name>
                <namespace>http://www.appian.com/ae/types/2009</namespace>
            </type>
        </namedTypedValue>
        <metadataExpr></metadataExpr>
        <preferredEditor>interface</preferredEditor>
        <offlineEnabled>false</offlineEnabled>
    </rule>
    <roleMap public="true">
        <role inherit="true" allowForAll="false" name="readers">
            <users/>
            <groups/>
        </role>
        <role inherit="true" allowForAll="false" name="authors">
            <users/>
            <groups/>
        </role>
        <role inherit="true" allowForAll="false" name="administrators">
            <users/>
            <groups/>
        </role>
        <role inherit="false" allowForAll="false" name="denyReaders">
            <users/>
            <groups/>
        </role>
        <role inherit="false" allowForAll="false" name="denyAuthors">
            <users/>
            <groups/>
        </role>
        <role inherit="false" allowForAll="false" name="denyAdministrators">
            <users/>
            <groups/>
        </role>
    </roleMap>
    <history>
        <historyInfo versionUuid="_a-0000df4f-3e48-8000-9ba2-011c48011c48_60705"/>
    </history>
</contentHaul>
