<?xml version="1.0" encoding="UTF-8" standalone="yes"?>
<contentHaul xmlns:a="http://www.appian.com/ae/types/2009">
    <versionUuid>_a-0000df4f-3e48-8000-9ba2-011c48011c48_61483</versionUuid>
    <report>
        <name>Completion Times By Process Name for User</name>
        <uuid>_a-0000df4f-3e48-8000-9ba2-011c48011c48_61480</uuid>
        <description>Returns the completion times for process models</description>
        <parentUuid>_a-0000df4f-3e48-8000-9ba2-011c48011c48_61060</parentUuid>
        <visibility>
            <advertise>false</advertise>
            <hierarchy>true</hierarchy>
            <indexable>true</indexable>
            <quota>false</quota>
            <searchable>true</searchable>
            <system>false</system>
            <unlogged>false</unlogged>
        </visibility>
        <reportData>
            <metadata>
                <baseFilters>
                    <completedFilter>
                        <apply>false</apply>
                    </completedFilter>
                    <outsideNStandardDeviationsFilter>
                        <apply>false</apply>
                        <standardDeviationCount>0.0</standardDeviationCount>
                    </outsideNStandardDeviationsFilter>
                    <lastNCompletedFilter>
                        <apply>false</apply>
                        <completedCount>0</completedCount>
                    </lastNCompletedFilter>
                    <aheadOfScheduleFilter>
                        <apply>false</apply>
                    </aheadOfScheduleFilter>
                    <runningFilter>
                        <apply>false</apply>
                    </runningFilter>
                    <behindScheduleFilter>
                        <apply>false</apply>
                    </behindScheduleFilter>
                    <lastNDaysFilter>
                        <apply>true</apply>
                        <dayCount>15.0</dayCount>
                    </lastNDaysFilter>
                    <dueTodayFilter>
                        <apply>false</apply>
                    </dueTodayFilter>
                </baseFilters>
                <batchSize>25</batchSize>
                <columns>
                    <column>
                        <drillPath>
                            <enabled>false</enabled>
                        </drillPath>
                        <expression>=if(isnull(pm!name),"Contract Modification Assessment",if(or(pm!name = "ASC Contracts Modification",pm!name = "ASC Contract Modification Assessment"), "Contract Modification Assessment",if(pm!name = "ASC Contract Info","Coordination Sheet Additional Info",if(pm!name = "ASC Contract Modification Approval","Contract Modification Approval","Create Contract Modification"))))</expression>
                        <formatToken>string</formatToken>
                        <group>true</group>
                        <lastAggregateToken>number</lastAggregateToken>
                        <lastFormatToken>string</lastFormatToken>
                        <localId>0</localId>
                        <name>Name</name>
                        <show>true</show>
                    </column>
                    <column>
                        <columnAggregationFunction>24</columnAggregationFunction>
                        <drillPath>
                            <enabled>false</enabled>
                            <expression>=pv!assignedUser</expression>
                        </drillPath>
                        <expression>=pp!initiator</expression>
                        <formatToken>users</formatToken>
                        <group>true</group>
                        <lastAggregateToken>number</lastAggregateToken>
                        <lastFormatToken>users</lastFormatToken>
                        <localId>4</localId>
                        <name>assignedUser</name>
                        <show>true</show>
                    </column>
                    <column>
                        <columnAggregationFunction>23</columnAggregationFunction>
                        <drillPath>
                            <enabled>false</enabled>
                        </drillPath>
                        <expression>=round(if(isnull(total_work_time()),running_work_time(),total_work_time()),2)</expression>
                        <formatToken>number</formatToken>
                        <group>false</group>
                        <lastAggregateToken>number</lastAggregateToken>
                        <lastFormatToken>string</lastFormatToken>
                        <localId>6</localId>
                        <name>workTime</name>
                        <show>true</show>
                    </column>
                    <column>
                        <columnAggregationFunction>23</columnAggregationFunction>
                        <drillPath>
                            <enabled>false</enabled>
                        </drillPath>
                        <expression>=round(if(isnull(total_lag_time()),running_lag_time(),total_lag_time()),2)</expression>
                        <formatToken>number</formatToken>
                        <group>false</group>
                        <lastAggregateToken>number</lastAggregateToken>
                        <lastFormatToken>number</lastFormatToken>
                        <localId>8</localId>
                        <name>lagTime</name>
                        <show>true</show>
                    </column>
                    <column>
                        <columnAggregationFunction>24</columnAggregationFunction>
                        <drillPath>
                            <enabled>false</enabled>
                        </drillPath>
                        <expression>=if(isnull(total_completion_time()),if(isnull(running_completion_time()),process_duration(),running_completion_time()),total_completion_time())</expression>
                        <formatToken>number</formatToken>
                        <group>false</group>
                        <lastAggregateToken>number</lastAggregateToken>
                        <lastFormatToken>string</lastFormatToken>
                        <localId>3</localId>
                        <name>totalCompletionTme</name>
                        <show>false</show>
                    </column>
                    <column>
                        <columnAggregationFunction>24</columnAggregationFunction>
                        <drillPath>
                            <enabled>false</enabled>
                        </drillPath>
                        <expression>=if(isnull(pv!modification.Id),pv!contractModApproval.contractModificationId,pv!modification.Id)</expression>
                        <formatToken>number</formatToken>
                        <group>false</group>
                        <lastAggregateToken>number</lastAggregateToken>
                        <lastFormatToken>number</lastFormatToken>
                        <localId>5</localId>
                        <name>modificationId</name>
                        <show>false</show>
                    </column>
                    <column>
                        <columnAggregationFunction>24</columnAggregationFunction>
                        <drillPath>
                            <enabled>false</enabled>
                        </drillPath>
                        <expression>=if(isnull(pv!userAction),"Incomplete",pv!userAction)</expression>
                        <formatToken>number</formatToken>
                        <group>false</group>
                        <lastAggregateToken>number</lastAggregateToken>
                        <lastFormatToken>string</lastFormatToken>
                        <localId>7</localId>
                        <name>processTask</name>
                        <show>true</show>
                    </column>
                    <column>
                        <columnAggregationFunction>24</columnAggregationFunction>
                        <drillPath>
                            <enabled>false</enabled>
                        </drillPath>
                        <expression>=process_status()</expression>
                        <formatToken>number</formatToken>
                        <group>false</group>
                        <lastAggregateToken>number</lastAggregateToken>
                        <lastFormatToken>processstatusicons</lastFormatToken>
                        <localId>1</localId>
                        <name>Status</name>
                        <show>false</show>
                    </column>
                    <column>
                        <columnAggregationFunction>24</columnAggregationFunction>
                        <drillPath>
                            <enabled>false</enabled>
                        </drillPath>
                        <expression>=pp!starttime</expression>
                        <formatToken>number</formatToken>
                        <group>false</group>
                        <lastAggregateToken>number</lastAggregateToken>
                        <lastFormatToken>datetime</lastFormatToken>
                        <localId>2</localId>
                        <name>Start Time</name>
                        <show>false</show>
                    </column>
                    <column>
                        <columnAggregationFunction>24</columnAggregationFunction>
                        <drillPath>
                            <enabled>false</enabled>
                        </drillPath>
                        <expression>=pp!id</expression>
                        <formatToken>number</formatToken>
                        <group>false</group>
                        <lastAggregateToken>number</lastAggregateToken>
                        <lastFormatToken>number</lastFormatToken>
                        <localId>9</localId>
                        <name>count</name>
                        <show>true</show>
                    </column>
                </columns>
                <contexts>
                    <context>
                        <stringId>0008df23-ad59-8000-f92f-7f0000014e7a</stringId>
                        <type>20480</type>
                    </context>
                    <context>
                        <stringId>0002df19-efbf-8000-f92f-7f0000014e7a</stringId>
                        <type>20480</type>
                    </context>
                    <context>
                        <stringId>0002df0f-d7ed-8000-f92f-7f0000014e7a</stringId>
                        <type>20480</type>
                    </context>
                    <context>
                        <stringId>0024df49-7501-8000-f92f-7f0000014e7a</stringId>
                        <type>20480</type>
                    </context>
                    <context>
                        <stringId>0016df4a-bfde-8000-f92f-7f0000014e7a</stringId>
                        <type>20480</type>
                    </context>
                    <context>
                        <stringId>0018df4a-c0bb-8000-f92f-7f0000014e7a</stringId>
                        <type>20480</type>
                    </context>
                </contexts>
                <contextType>1</contextType>
                <quickFilters/>
                <recursive>true</recursive>
                <sortColumnLocalId>8</sortColumnLocalId>
                <sortOrder>1</sortOrder>
                <startIndex>0</startIndex>
                <type>1</type>
            </metadata>
            <display>
                <description>Returns the completion times for process models</description>
                <displayThresholds>false</displayThresholds>
                <displayType>0</displayType>
                <name>Completion Times By Process Name for User</name>
                <quickFilterDisplay>0</quickFilterDisplay>
                <showLegend>true</showLegend>
                <showQuickFiltersInToolbar>true</showQuickFiltersInToolbar>
                <supportedTypes>
                    <supportedType>0</supportedType>
                    <supportedType>1</supportedType>
                    <supportedType>2</supportedType>
                    <supportedType>3</supportedType>
                    <supportedType>4</supportedType>
                    <supportedType>5</supportedType>
                    <supportedType>6</supportedType>
                    <supportedType>7</supportedType>
                </supportedTypes>
                <useCustomToolbar>false</useCustomToolbar>
                <useDefaultBarGraphXML>true</useDefaultBarGraphXML>
                <useDefaultLineGraphXML>true</useDefaultLineGraphXML>
                <useDefaultPieGraphXML>true</useDefaultPieGraphXML>
            </display>
            <modified>false</modified>
            <showDisplayOptions>false</showDisplayOptions>
            <showTitle>false</showTitle>
            <showToolbar>false</showToolbar>
            <view>0</view>
            <writeAccess>false</writeAccess>
        </reportData>
    </report>
    <roleMap public="true">
        <role inherit="true" allowForAll="false" name="readers">
            <users/>
            <groups/>
        </role>
        <role inherit="true" allowForAll="false" name="authors">
            <users/>
            <groups/>
        </role>
        <role inherit="true" allowForAll="false" name="administrators">
            <users>
                <userUuid>samuel.bruns@perficient.com</userUuid>
            </users>
            <groups/>
        </role>
        <role inherit="false" allowForAll="false" name="denyReaders">
            <users/>
            <groups/>
        </role>
        <role inherit="false" allowForAll="false" name="denyAuthors">
            <users/>
            <groups/>
        </role>
        <role inherit="false" allowForAll="false" name="denyAdministrators">
            <users/>
            <groups/>
        </role>
    </roleMap>
    <history>
        <historyInfo versionUuid="_a-0000df4f-3e48-8000-9ba2-011c48011c48_61483"/>
    </history>
</contentHaul>
