<?xml version="1.0" encoding="UTF-8" standalone="yes"?>
<contentHaul xmlns:a="http://www.appian.com/ae/types/2009">
    <versionUuid>_a-0000df63-1167-8000-9ba2-011c48011c48_109371</versionUuid>
    <rule>
        <name>ASC_CustomerRecord_Dashboard</name>
        <uuid>_a-0000df0b-b44d-8000-9ba2-011c48011c48_19546</uuid>
        <description>Dashboard to display the Customer Record containing Customer Detail and Contract Information </description>
        <parentUuid>_a-0000deba-19b3-8000-9ba2-011c48011c48_32858</parentUuid>
        <visibility>
            <advertise>false</advertise>
            <hierarchy>true</hierarchy>
            <indexable>true</indexable>
            <quota>false</quota>
            <searchable>true</searchable>
            <system>false</system>
            <unlogged>false</unlogged>
        </visibility>
        <definition>load(
  local!customer: #"_a-0000def3-0227-8000-9ba2-011c48011c48_10883"(
    id: ri!customerId
  ),
  with(
   #"SYSTEM_SYSRULES_formLayout_v1"(
  label: "",
  contents: {
    #"SYSTEM_SYSRULES_billboardLayout"(
      backgroundmedia: if(ri!customerId = 1 ,#"SYSTEM_SYSRULES_webVideo"(source: "https://spiritaero.appiancloud.com/suite/doc/21505?appian_environment=designer"),#"SYSTEM_SYSRULES_documentImage"(
        document: 6958)
      ),
      backgroundColor: "#f0f0f0",
      overlaypositionbar: "BOTTOM",
      overlaypositioncolumn: "START",
      overlaycolumnwidth: "MEDIUM",
      overlayStyle: "DARK",
      overlayContents: {
        #"SYSTEM_SYSRULES_sectionLayout_v1"(
          label: "",
          contents: {}
        ),
        #"SYSTEM_SYSRULES_richTextDisplayField"(
          label: local!customer.accountName&amp;" | Owner: "&amp;local!customer.accountOwner&amp;" | Status: "&amp;local!customer.status,
          labelPosition: "ABOVE",
          value: {}
        )
      },
      height: "TALL"
    ),
    #"SYSTEM_SYSRULES_sectionLayout_v1"(
      contents: {
        #"SYSTEM_SYSRULES_columnsLayout"(
          columns: {
            #"SYSTEM_SYSRULES_columnLayout"(
              contents: {
                #"SYSTEM_SYSRULES_textField"(
                  label: "",
                  labelPosition: "ADJACENT",
                  /* The value parameter must be configured to display a value in the component */
                  saveInto: {},
                  refreshAfter: "UNFOCUS",
                  required: false,
                  readonly: true,
                  validations: {}
                ),
                #"SYSTEM_SYSRULES_textField"(
                  label: "Type",
                  labelPosition: "ADJACENT",
                  value: local!customer.type,
                  saveInto: {},
                  refreshAfter: "UNFOCUS",
                  readonly: true,
                  validations: {}
                ),
                #"SYSTEM_SYSRULES_textField"(
                  label: "Customer Since",
                  labelPosition: "ADJACENT",
                  value: local!customer.customerSince,
                  saveInto: {},
                  refreshAfter: "UNFOCUS",
                  readonly: true,
                  validations: {}
                ),
                #"SYSTEM_SYSRULES_textField"(
                  label: "Industry",
                  labelPosition: "ADJACENT",
                  value: local!customer.industry,
                  saveInto: {},
                  refreshAfter: "UNFOCUS",
                  readonly: true,
                  validations: {}
                ),
                #"SYSTEM_SYSRULES_textField"(
                  label: "Products",
                  labelPosition: "ADJACENT",
                  value: local!customer.products,
                  saveInto: {},
                  refreshAfter: "UNFOCUS",
                  readonly: true,
                  validations: {}
                ),
                #"SYSTEM_SYSRULES_textField"(
                  label: "Headquarters",
                  labelPosition: "ADJACENT",
                  value: local!customer.headquarters,
                  saveInto: {},
                  refreshAfter: "UNFOCUS",
                  required: false,
                  readonly: true,
                  validations: {}
                ),
                #"SYSTEM_SYSRULES_textField"(
                  label: "Number of Employees",
                  labelPosition: "ADJACENT",
                  value: local!customer.nbrOfEmployees,
                  saveInto: {},
                  refreshAfter: "UNFOCUS",
                  readonly: true,
                  validations: {}
                ),
                #"SYSTEM_SYSRULES_textField"(
                  label: "Contact Email",
                  labelPosition: "ADJACENT",
                  value: local!customer.contactEmail,
                  saveInto: {},
                  refreshAfter: "UNFOCUS",
                  readonly: true,
                  validations: {}
                ),
                #"SYSTEM_SYSRULES_textField"(
                  label: "Revenue",
                  labelPosition: "ADJACENT",
                  value: local!customer.revenue,
                  saveInto: {},
                  refreshAfter: "UNFOCUS",
                  readonly: true,
                  validations: {}
                ),
                #"SYSTEM_SYSRULES_textField"(
                  label: "Phone",
                  labelPosition: "ADJACENT",
                  value: local!customer.contactPhone,
                  saveInto: {},
                  refreshAfter: "UNFOCUS",
                  readonly: true,
                  validations: {}
                ),
                #"SYSTEM_SYSRULES_textField"(
                  label: "Preferred Channel",
                  labelPosition: "ADJACENT",
                  value: local!customer.preferredChannel,
                  saveInto: {},
                  refreshAfter: "UNFOCUS",
                  readonly: true,
                  validations: {}
                ),
                #"SYSTEM_SYSRULES_linkField"(
                  label: "Corporate Website",
                  labelPosition: "ADJACENT",
                  links: #"SYSTEM_SYSRULES_safeLink"(local!customer.website),
                  saveInto: {},
                  refreshAfter: "UNFOCUS",
                  readonly: true,
                  validations: {}
                ),
                #"SYSTEM_SYSRULES_textField"(
                  label: "",
                  labelPosition: "ABOVE",
                  saveInto: {},
                  refreshAfter: "UNFOCUS",
                  required: false,
                  readonly: true,
                  validations: {}
                )
              }
            ),
            #"SYSTEM_SYSRULES_columnLayout"(
              contents: {
                #"SYSTEM_SYSRULES_textField"(
                  label: "",
                  labelPosition: "ABOVE",
                  saveInto: {},
                  refreshAfter: "UNFOCUS",
                  required: false,
                  readonly: true,
                  validations: {}
                ),
                #"SYSTEM_SYSRULES_pieChartField"(
                  label: "Contract types for customer",
                  labelposition: "ABOVE",
                  instructions: "",
                  series: {
                    #"SYSTEM_SYSRULES_chartSeries"(label: #"_a-0000df0b-b44d-8000-9ba2-011c48011c48_16339"[1],       data: 2),
                    #"SYSTEM_SYSRULES_chartSeries"(label: #"_a-0000df0b-b44d-8000-9ba2-011c48011c48_16339"[2], data: 12),
                    #"SYSTEM_SYSRULES_chartSeries"(label: #"_a-0000df0b-b44d-8000-9ba2-011c48011c48_16339"[3],    data: 4),
                    #"SYSTEM_SYSRULES_chartSeries"(label: #"_a-0000df0b-b44d-8000-9ba2-011c48011c48_16339"[4],        data: 7),
                    #"SYSTEM_SYSRULES_chartSeries"(label: #"_a-0000df0b-b44d-8000-9ba2-011c48011c48_16339"[5],       data: 8),
                    #"SYSTEM_SYSRULES_chartSeries"(label: #"_a-0000df0b-b44d-8000-9ba2-011c48011c48_16339"[6],        data: 6)
                  },
                  showDataLabels: true,
                  showaspercentage: true
                )
              }
            )
          }
        )
      }
    ),
    #"_a-0000dee6-acf9-8000-9ba2-011c48011c48_7289"(ri!customerId)
  },
  validations: {}
)
)
)</definition>
        <namedTypedValue>
            <name>cancel</name>
            <type>
                <name>boolean</name>
                <namespace>http://www.w3.org/2001/XMLSchema</namespace>
            </type>
        </namedTypedValue>
        <namedTypedValue>
            <name>customerId</name>
            <type>
                <name>int</name>
                <namespace>http://www.w3.org/2001/XMLSchema</namespace>
            </type>
        </namedTypedValue>
        <metadataExpr></metadataExpr>
        <preferredEditor>interface</preferredEditor>
        <offlineEnabled>false</offlineEnabled>
    </rule>
    <roleMap public="true">
        <role inherit="true" allowForAll="false" name="readers">
            <users/>
            <groups/>
        </role>
        <role inherit="true" allowForAll="false" name="authors">
            <users/>
            <groups/>
        </role>
        <role inherit="true" allowForAll="false" name="administrators">
            <users>
                <userUuid>samuel.bruns@perficient.com</userUuid>
                <userUuid>mwandama.mutanuka@perficient.com</userUuid>
            </users>
            <groups/>
        </role>
        <role inherit="false" allowForAll="false" name="denyReaders">
            <users/>
            <groups/>
        </role>
        <role inherit="false" allowForAll="false" name="denyAuthors">
            <users/>
            <groups/>
        </role>
        <role inherit="false" allowForAll="false" name="denyAdministrators">
            <users/>
            <groups/>
        </role>
    </roleMap>
    <typedValue>
        <type>
            <name>RuleTestConfig?list</name>
            <namespace>http://www.appian.com/ae/types/2009</namespace>
        </type>
        <value>
            <el>
                <a:name/>
                <a:ruleInputTestConfigs>
                    <a:value xmlns:xsd="http://www.w3.org/2001/XMLSchema" xmlns:xsi="http://www.w3.org/2001/XMLSchema-instance" xsi:type="xsd:boolean">false</a:value>
                    <a:nameRef>cancel</a:nameRef>
                    <a:id/>
                </a:ruleInputTestConfigs>
                <a:ruleInputTestConfigs>
                    <a:value xmlns:xsd="http://www.w3.org/2001/XMLSchema" xmlns:xsi="http://www.w3.org/2001/XMLSchema-instance" xsi:type="xsd:int">1</a:value>
                    <a:nameRef>customerId</a:nameRef>
                    <a:id/>
                </a:ruleInputTestConfigs>
                <a:assertions xmlns:xsi="http://www.w3.org/2001/XMLSchema-instance" xsi:nil="true"/>
            </el>
        </value>
    </typedValue>
    <history>
        <historyInfo versionUuid="_a-0000df4f-3e48-8000-9ba2-011c48011c48_60740"/>
        <historyInfo versionUuid="_a-0000df4f-3e48-8000-9ba2-011c48011c48_61351"/>
        <historyInfo versionUuid="_a-0000df63-1167-8000-9ba2-011c48011c48_109371"/>
    </history>
</contentHaul>
