<?xml version="1.0" encoding="UTF-8" standalone="yes"?>
<contentHaul xmlns:a="http://www.appian.com/ae/types/2009">
    <versionUuid>_a-0000df4f-3e48-8000-9ba2-011c48011c48_60742</versionUuid>
    <rule>
        <name>ASC_ContractModificationGeneral_Grid</name>
        <uuid>_a-0000df0b-b44d-8000-9ba2-011c48011c48_19555</uuid>
        <description>General modification type to a contract</description>
        <parentUuid>_a-0000deba-19b3-8000-9ba2-011c48011c48_32858</parentUuid>
        <visibility>
            <advertise>false</advertise>
            <hierarchy>true</hierarchy>
            <indexable>true</indexable>
            <quota>false</quota>
            <searchable>true</searchable>
            <system>false</system>
            <unlogged>false</unlogged>
        </visibility>
        <definition>#"SYSTEM_SYSRULES_sectionLayout_v1"(
  label: "General Modification",
  contents: {
    #"SYSTEM_SYSRULES_columnsLayout"(
      columns: {
        #"SYSTEM_SYSRULES_columnLayout"(
          contents: {
            #"SYSTEM_SYSRULES_paragraphField"(
              label: "Description",
              labelPosition: "ABOVE",
              value: ri!contractModification.description,
              saveInto: ri!contractModification.description,
              refreshAfter: "UNFOCUS",
              readonly: ri!readOnly,
              height: "MEDIUM",
              validations: {}
            ),
            #"SYSTEM_SYSRULES_pickerFieldUsers"(
              label: "Spirit Focal",
              labelPosition: "ABOVE",
              value: ri!contractModification.spiritFocal,
              saveInto: ri!contractModification.spiritFocal,
              readonly: ri!readOnly,
              validations: {}
            )
          }
        ),
        #"SYSTEM_SYSRULES_columnLayout"(
          contents: {
            #"SYSTEM_SYSRULES_dropdownField"(
              label: "Reason",
              labelPosition: "ABOVE",
              placeholderLabel: "--- Select a Value ---",
              choiceLabels: {"Option 1", "Option 2"},
              choiceValues: {"Option 1", "Option 2"},
              value: ri!contractModification.requestReason,
              saveInto: ri!contractModification.requestReason,
              disabled: ri!readOnly,
              validations: {}
            ),
            #"SYSTEM_SYSRULES_textField"(
              label: "Contract Ammount",
              labelPosition: "ABOVE",
              value: dollar(text(ri!contract.contractAmount, "$00.00" )),
              saveInto: ri!contractModification.contractAmount,
              refreshAfter: "UNFOCUS",
              readonly: ri!readOnly,
              validations: {}
            ),
            #"SYSTEM_SYSRULES_dateTimeField"(
              label: "Date Created",
              labelPosition: "ABOVE",
              value: now()
            ,
              saveInto: ri!contractModification.createdDateTime,
              readonly: true,
              validations: {}
            ),
            #"SYSTEM_SYSRULES_textField"(
              label: "Created By",
              labelPosition: "ABOVE",
              value: loggedInUser(),
              saveInto: ri!contractModification.createdBy,
              refreshAfter: "UNFOCUS",
              readonly: true,
              validations: {}
            )


          }
        )
      }
    )
  },
  isCollapsible: true
)</definition>
        <namedTypedValue>
            <name>contractModification</name>
            <type>
                <name>ASC_Contract_Modifications</name>
                <namespace>urn:com:appian:types</namespace>
            </type>
        </namedTypedValue>
        <namedTypedValue>
            <name>contract</name>
            <type>
                <name>ASC_Contract</name>
                <namespace>urn:com:appian:types</namespace>
            </type>
        </namedTypedValue>
        <namedTypedValue>
            <name>readOnly</name>
            <type>
                <name>boolean</name>
                <namespace>http://www.w3.org/2001/XMLSchema</namespace>
            </type>
        </namedTypedValue>
        <metadataExpr></metadataExpr>
        <preferredEditor>interface</preferredEditor>
        <offlineEnabled>false</offlineEnabled>
    </rule>
    <roleMap public="true">
        <role inherit="true" allowForAll="false" name="readers">
            <users/>
            <groups/>
        </role>
        <role inherit="true" allowForAll="false" name="authors">
            <users/>
            <groups/>
        </role>
        <role inherit="true" allowForAll="false" name="administrators">
            <users>
                <userUuid>samuel.bruns@perficient.com</userUuid>
            </users>
            <groups/>
        </role>
        <role inherit="false" allowForAll="false" name="denyReaders">
            <users/>
            <groups/>
        </role>
        <role inherit="false" allowForAll="false" name="denyAuthors">
            <users/>
            <groups/>
        </role>
        <role inherit="false" allowForAll="false" name="denyAdministrators">
            <users/>
            <groups/>
        </role>
    </roleMap>
    <typedValue>
        <type>
            <name>RuleTestConfig?list</name>
            <namespace>http://www.appian.com/ae/types/2009</namespace>
        </type>
        <value>
            <el>
                <a:name/>
                <a:ruleInputTestConfigs>
                    <a:value xmlns:xsi="http://www.w3.org/2001/XMLSchema-instance" xsi:type="a:Expression">'type!{urn:com:appian:types}ASC_Contract_Modifications'(description:"nb")</a:value>
                    <a:nameRef>contractModification</a:nameRef>
                    <a:id/>
                </a:ruleInputTestConfigs>
                <a:ruleInputTestConfigs>
                    <a:value xmlns:xsi="http://www.w3.org/2001/XMLSchema-instance" xsi:type="a:Expression">#"571fac17-e2ad-41e6-b60a-2c6295469786"(1)</a:value>
                    <a:nameRef>contract</a:nameRef>
                    <a:id/>
                </a:ruleInputTestConfigs>
                <a:ruleInputTestConfigs>
                    <a:value xmlns:xsd="http://www.w3.org/2001/XMLSchema" xmlns:xsi="http://www.w3.org/2001/XMLSchema-instance" xsi:nil="true" xsi:type="xsd:boolean"/>
                    <a:nameRef>readOnly</a:nameRef>
                    <a:id/>
                </a:ruleInputTestConfigs>
                <a:assertions xmlns:xsi="http://www.w3.org/2001/XMLSchema-instance" xsi:nil="true"/>
            </el>
        </value>
    </typedValue>
    <history>
        <historyInfo versionUuid="_a-0000df4f-3e48-8000-9ba2-011c48011c48_60742"/>
    </history>
</contentHaul>
