<?xml version="1.0" encoding="UTF-8" standalone="yes"?>
<contentHaul xmlns:a="http://www.appian.com/ae/types/2009">
    <versionUuid>_a-0000df4f-3e48-8000-9ba2-011c48011c48_60819</versionUuid>
    <rule>
        <name>ASC_UserTaskCompletion_Graph</name>
        <uuid>_a-0000df4f-3e48-8000-9ba2-011c48011c48_60815</uuid>
        <description>Pie graph to demonstrate the time taken on a process by user</description>
        <parentUuid>_a-0000deba-19b3-8000-9ba2-011c48011c48_32858</parentUuid>
        <visibility>
            <advertise>false</advertise>
            <hierarchy>true</hierarchy>
            <indexable>true</indexable>
            <quota>false</quota>
            <searchable>true</searchable>
            <system>false</system>
            <unlogged>false</unlogged>
        </visibility>
        <definition>load(
  local!pagingInfo: #"SYSTEM_SYSRULES_pagingInfo"(
    startIndex: 1,
    batchSize: 50,
    sort: #"SYSTEM_SYSRULES_sortInfo"(
      field: "c4",
      ascending: true
    )
  ),
  with(
    local!datasubset: a!queryProcessAnalytics(
      report: #"_a-0000df4f-3e48-8000-9ba2-011c48011c48_60781",
      contextProcessModels: #"_a-0000df0b-b44d-8000-9ba2-011c48011c48_18944"
      ),
    #"SYSTEM_SYSRULES_pieChartField"(
      label: "Average time a users spend to complete a task ",
      showTooltips: true,
      helpTooltip: "Time can consist of Lag Time and Work Time",
      series: {
        #"SYSTEM_SYSRULES_forEach"(
          items: local!datasubset.data,
          expression: #"SYSTEM_SYSRULES_chartSeries"(
            label: #"SYSTEM_SYSRULES_forEach"(index(fv!item, "c4", null), if(fv!item = "System","System",#"_a-0000dd3a-dada-8000-daab-640000640000_11313"(fv!item))),
            data: #"SYSTEM_SYSRULES_forEach"(index(fv!item, "c5", null), roundup(fv!item,3)),
            links: 
              #"SYSTEM_SYSRULES_dynamicLink"(
                value: index(fv!item, "c4", null),
                saveInto: ri!selectedUser
              )
          )
        )
      }
    )
  )
) 

</definition>
        <namedTypedValue>
            <name>selectedUser</name>
            <type>
                <name>string</name>
                <namespace>http://www.w3.org/2001/XMLSchema</namespace>
            </type>
            <value/>
        </namedTypedValue>
        <metadataExpr></metadataExpr>
        <preferredEditor>interface</preferredEditor>
        <offlineEnabled>false</offlineEnabled>
    </rule>
    <roleMap public="true">
        <role inherit="true" allowForAll="false" name="readers">
            <users/>
            <groups/>
        </role>
        <role inherit="true" allowForAll="false" name="authors">
            <users/>
            <groups/>
        </role>
        <role inherit="true" allowForAll="false" name="administrators">
            <users>
                <userUuid>samuel.bruns@perficient.com</userUuid>
            </users>
            <groups/>
        </role>
        <role inherit="false" allowForAll="false" name="denyReaders">
            <users/>
            <groups/>
        </role>
        <role inherit="false" allowForAll="false" name="denyAuthors">
            <users/>
            <groups/>
        </role>
        <role inherit="false" allowForAll="false" name="denyAdministrators">
            <users/>
            <groups/>
        </role>
    </roleMap>
    <history>
        <historyInfo versionUuid="_a-0000df4f-3e48-8000-9ba2-011c48011c48_60819"/>
    </history>
</contentHaul>
