<?xml version="1.0" encoding="UTF-8" standalone="yes"?>
<contentHaul xmlns:a="http://www.appian.com/ae/types/2009">
    <versionUuid>_a-0000df63-1167-8000-9ba2-011c48011c48_109390</versionUuid>
    <rule>
        <name>ASC_EmployeeReport_Dashboard</name>
        <uuid>_a-0000df0b-b44d-8000-9ba2-011c48011c48_19305</uuid>
        <description>Display for an employee report and audit report</description>
        <parentUuid>_a-0000deba-19b3-8000-9ba2-011c48011c48_32858</parentUuid>
        <visibility>
            <advertise>false</advertise>
            <hierarchy>true</hierarchy>
            <indexable>true</indexable>
            <quota>false</quota>
            <searchable>true</searchable>
            <system>false</system>
            <unlogged>false</unlogged>
        </visibility>
        <definition>= load(
  local!pagingInfo: #"SYSTEM_SYSRULES_pagingInfo"(
    startIndex: 1,
    batchSize: 5
  ),
  local!departments: {
    "HR",
    "Marketing",
    "Sales",
    "IT"
  },
  local!selectedType,
  local!selectedUser,
  #"SYSTEM_SYSRULES_dashboardLayout_v1"(
    contents: {
      #"SYSTEM_SYSRULES_sectionLayout_v1"(
        contents: {
          #"SYSTEM_SYSRULES_billboardLayout"(
            backgroundColor: "#619ed6",
            overlayPositionBar: "BOTTOM",
            overlayStyle: "DARK",
            overlayContents: {
              #"SYSTEM_SYSRULES_columnsLayout"(
                columns: {
                  #"SYSTEM_SYSRULES_columnLayout"(
                    contents: {
                      #"SYSTEM_SYSRULES_richTextDisplayField"(
                        labelPosition: "COLLAPSED",
                        value: {
                          #"SYSTEM_SYSRULES_richTextItem"(
                            text: "Employee Audit History",
                            style: "LARGE"
                          )
                        }
                      )
                    }
                  ),
                  #"SYSTEM_SYSRULES_columnLayout"(
                    contents: {
                      #"SYSTEM_SYSRULES_columnsLayout"(
                        columns: {
                          #"SYSTEM_SYSRULES_columnLayout"(
                            contents: {}
                          ),
                          #"SYSTEM_SYSRULES_columnLayout"(
                            contents: {}
                          )
                        },
                        alignVertical: "TOP"
                      )
                    }
                  )
                },
                alignVertical: "MIDDLE"
              )
            },
            height: "SHORT"
          )
        }
      ),
      #"SYSTEM_SYSRULES_sectionLayout_v1"(
        contents: {
          #"SYSTEM_SYSRULES_columnsLayout"(
            columns: {
              #"SYSTEM_SYSRULES_columnLayout"(
                contents: {
                  #"_a-0000df4f-3e48-8000-9ba2-011c48011c48_60815"(
                    selectedUser: local!selectedUser
                  ),
                  #"SYSTEM_SYSRULES_linkField"(
                    label: "",
                    labelPosition: "ABOVE",
                    links: {
                      #"SYSTEM_SYSRULES_dynamicLink"(
                        label: "Clear User Filter",
                        value: null,
                        saveInto: local!selectedUser
                      )
                    },
                    align: "CENTER"
                  )
                }
              ),
              #"SYSTEM_SYSRULES_columnLayout"(
                contents: {
                  #"_a-0000df4f-3e48-8000-9ba2-011c48011c48_62129"(),
                  /*rule!ASC_EmployeeAuditReportStackedGraph_Section(
                    selectedType: local!selectedType,
                    selectedUser: local!selectedUser
                  ),*/
                  #"SYSTEM_SYSRULES_linkField"(
                    label: "",
                    labelPosition: "ABOVE",
                    links: {
                      #"SYSTEM_SYSRULES_dynamicLink"(
                        label: "Clear Type Filter",
                        value: null,
                        saveInto: local!selectedType
                      )
                    },
                    align: "CENTER"
                  )
                }
              )
            }
          )
        }
      ),
      #"_a-0000df0b-b44d-8000-9ba2-011c48011c48_18976"(
        selectedUser: local!selectedUser,
        selectedType: local!selectedType
      )
      /*Debug,
      a!textField(
        local!selectedType
      ),
      a!textField(
        local!selectedUser
      )*/
    }
  )
)</definition>
        <metadataExpr></metadataExpr>
        <preferredEditor>interface</preferredEditor>
        <offlineEnabled>false</offlineEnabled>
    </rule>
    <roleMap public="true">
        <role inherit="false" allowForAll="true" name="readers">
            <users/>
            <groups>
                <groupUuid>_e-0000df4f-3e02-8000-9aee-01075c01075c_63</groupUuid>
            </groups>
        </role>
        <role inherit="false" allowForAll="true" name="authors">
            <users/>
            <groups/>
        </role>
        <role inherit="false" allowForAll="false" name="administrators">
            <users>
                <userUuid>samuel.bruns@perficient.com</userUuid>
            </users>
            <groups>
                <groupUuid>_e-0000def3-0203-8000-9aee-01075c01075c_10</groupUuid>
            </groups>
        </role>
        <role inherit="false" allowForAll="false" name="denyReaders">
            <users/>
            <groups/>
        </role>
        <role inherit="false" allowForAll="false" name="denyAuthors">
            <users/>
            <groups/>
        </role>
        <role inherit="false" allowForAll="false" name="denyAdministrators">
            <users/>
            <groups/>
        </role>
    </roleMap>
    <history>
        <historyInfo versionUuid="_a-0000df4f-3e48-8000-9ba2-011c48011c48_60722"/>
        <historyInfo versionUuid="_a-0000df4f-3e48-8000-9ba2-011c48011c48_60824"/>
        <historyInfo versionUuid="_a-0000df4f-3e48-8000-9ba2-011c48011c48_62196"/>
        <historyInfo versionUuid="_a-0000df63-1167-8000-9ba2-011c48011c48_109390"/>
    </history>
</contentHaul>
