<?xml version="1.0" encoding="UTF-8" standalone="yes"?>
<contentHaul xmlns:a="http://www.appian.com/ae/types/2009">
    <versionUuid>_a-0000df4f-3e48-8000-9ba2-011c48011c48_61336</versionUuid>
    <rule>
        <name>ASC_ChangeNoticeRecord_Form</name>
        <uuid>_a-0000df0b-b44d-8000-9ba2-011c48011c48_16375</uuid>
        <description>Form containing summary layout for the change notice record</description>
        <parentUuid>_a-0000deba-19b3-8000-9ba2-011c48011c48_32858</parentUuid>
        <visibility>
            <advertise>false</advertise>
            <hierarchy>true</hierarchy>
            <indexable>true</indexable>
            <quota>false</quota>
            <searchable>true</searchable>
            <system>false</system>
            <unlogged>false</unlogged>
        </visibility>
        <definition>= #"SYSTEM_SYSRULES_formLayout_v1"(
  label: "",
  instructions: "",
  contents: {
    #"SYSTEM_SYSRULES_sectionLayout_v1"(
        label: "",
        contents: {
          #"SYSTEM_SYSRULES_billboardLayout"(
            backgroundmedia: #"SYSTEM_SYSRULES_documentImage"(
              document: 15203),
            backgroundColor: "#f0f0f0",
            overlayStyle: "LIGHT",
            overlayContents: {
              #"SYSTEM_SYSRULES_richTextDisplayField"(
                label: "Change Notice",
                labelPosition: "ABOVE",
                value: {}
              )
            }
          )
        }
      ),
    #"_a-0000df0b-b44d-8000-9ba2-011c48011c48_15469"(
      milestoneStep: ri!changeNotice.milestoneStep
    ),
    #"_a-0000df0b-b44d-8000-9ba2-011c48011c48_16371"(
      ri!changeNotice
    ),
    #"_a-0000df0b-b44d-8000-9ba2-011c48011c48_15330"(
      contract: #"571fac17-e2ad-41e6-b60a-2c6295469786"(
        ri!changeNotice.contractId
      ),
      readOnly: true,
      changeNotice: ri!changeNotice,
      contractModification: #"_a-0000df0b-b44d-8000-9ba2-011c48011c48_15550"(
        ri!changeNotice.Id
      )
    ),
    #"_a-0000df0b-b44d-8000-9ba2-011c48011c48_19530"(
      changeNotice: ri!changeNotice
    )
  },
  validations: {}
)</definition>
        <namedTypedValue>
            <name>cancel</name>
            <type>
                <name>boolean</name>
                <namespace>http://www.w3.org/2001/XMLSchema</namespace>
            </type>
        </namedTypedValue>
        <namedTypedValue>
            <name>changeNotice</name>
            <type>
                <name>ASC_ChangeNoticeRequest</name>
                <namespace>urn:com:appian:types</namespace>
            </type>
        </namedTypedValue>
        <namedTypedValue>
            <name>modification</name>
            <type>
                <name>ASC_Contract_Modifications</name>
                <namespace>urn:com:appian:types</namespace>
            </type>
        </namedTypedValue>
        <metadataExpr></metadataExpr>
        <preferredEditor>interface</preferredEditor>
        <offlineEnabled>false</offlineEnabled>
    </rule>
    <roleMap public="true">
        <role inherit="true" allowForAll="false" name="readers">
            <users/>
            <groups/>
        </role>
        <role inherit="true" allowForAll="false" name="authors">
            <users/>
            <groups/>
        </role>
        <role inherit="true" allowForAll="false" name="administrators">
            <users/>
            <groups/>
        </role>
        <role inherit="false" allowForAll="false" name="denyReaders">
            <users/>
            <groups/>
        </role>
        <role inherit="false" allowForAll="false" name="denyAuthors">
            <users/>
            <groups/>
        </role>
        <role inherit="false" allowForAll="false" name="denyAdministrators">
            <users/>
            <groups/>
        </role>
    </roleMap>
    <typedValue>
        <type>
            <name>RuleTestConfig?list</name>
            <namespace>http://www.appian.com/ae/types/2009</namespace>
        </type>
        <value>
            <el>
                <a:name/>
                <a:ruleInputTestConfigs>
                    <a:value xmlns:xsd="http://www.w3.org/2001/XMLSchema" xmlns:xsi="http://www.w3.org/2001/XMLSchema-instance" xsi:nil="true" xsi:type="xsd:boolean"/>
                    <a:nameRef>cancel</a:nameRef>
                    <a:id/>
                </a:ruleInputTestConfigs>
                <a:ruleInputTestConfigs>
                    <a:value xmlns:xsi="http://www.w3.org/2001/XMLSchema-instance" xsi:type="a:Expression">#"_a-0000df0b-b44d-8000-9ba2-011c48011c48_15734"(37)</a:value>
                    <a:nameRef>changeNotice</a:nameRef>
                    <a:id/>
                </a:ruleInputTestConfigs>
                <a:ruleInputTestConfigs>
                    <a:value xmlns:xsi="http://www.w3.org/2001/XMLSchema-instance" xsi:type="a:Expression">#"_a-0000df0b-b44d-8000-9ba2-011c48011c48_16548"(76)</a:value>
                    <a:nameRef>modification</a:nameRef>
                    <a:id/>
                </a:ruleInputTestConfigs>
                <a:assertions xmlns:xsi="http://www.w3.org/2001/XMLSchema-instance" xsi:nil="true"/>
            </el>
        </value>
    </typedValue>
    <history>
        <historyInfo versionUuid="_a-0000df4f-3e48-8000-9ba2-011c48011c48_60667"/>
        <historyInfo versionUuid="_a-0000df4f-3e48-8000-9ba2-011c48011c48_61336"/>
    </history>
</contentHaul>
