<?xml version="1.0" encoding="UTF-8" standalone="yes"?>
<contentHaul xmlns:a="http://www.appian.com/ae/types/2009">
    <versionUuid>_a-0000df4f-3e48-8000-9ba2-011c48011c48_60688</versionUuid>
    <constant>
        <name>ASC_DOCUMENT_KNOWLEDGE_CENTER</name>
        <uuid>_a-0000df0b-b44d-8000-9ba2-011c48011c48_17432</uuid>
        <description>Constant pointing to the document knowledge center</description>
        <parentUuid>_a-0000def3-0227-8000-9ba2-011c48011c48_10542</parentUuid>
        <visibility>
            <advertise>false</advertise>
            <hierarchy>true</hierarchy>
            <indexable>true</indexable>
            <quota>false</quota>
            <searchable>true</searchable>
            <system>false</system>
            <unlogged>false</unlogged>
        </visibility>
        <typedValue>
            <type>
                <name>CollaborationKnowledgeCenter</name>
                <namespace>http://www.appian.com/ae/types/2009</namespace>
            </type>
            <value>_a-0000def3-0227-8000-9ba2-011c48011c48_10570</value>
        </typedValue>
        <isEnvironmentSpecific>false</isEnvironmentSpecific>
    </constant>
    <roleMap public="true">
        <role inherit="true" allowForAll="false" name="readers">
            <users/>
            <groups/>
        </role>
        <role inherit="true" allowForAll="false" name="authors">
            <users/>
            <groups/>
        </role>
        <role inherit="true" allowForAll="false" name="administrators">
            <users>
                <userUuid>mike.duong@perficient.com</userUuid>
            </users>
            <groups/>
        </role>
        <role inherit="false" allowForAll="false" name="denyReaders">
            <users/>
            <groups/>
        </role>
        <role inherit="false" allowForAll="false" name="denyAuthors">
            <users/>
            <groups/>
        </role>
        <role inherit="false" allowForAll="false" name="denyAdministrators">
            <users/>
            <groups/>
        </role>
    </roleMap>
    <history>
        <historyInfo versionUuid="_a-0000df4f-3e48-8000-9ba2-011c48011c48_60688"/>
    </history>
</contentHaul>
