<?xml version="1.0" encoding="UTF-8" standalone="yes"?>
<contentHaul xmlns:a="http://www.appian.com/ae/types/2009">
    <versionUuid>_a-0000df63-1167-8000-9ba2-011c48011c48_112693</versionUuid>
    <constant>
        <name>ASC_PROCESS_MODELS_FOR_USER_TASK_REPORT</name>
        <uuid>_a-0000df0b-b44d-8000-9ba2-011c48011c48_18944</uuid>
        <description>Processes used for the ASC_PROCESS_REPORT_ENTITY report data</description>
        <parentUuid>_a-0000def3-0227-8000-9ba2-011c48011c48_10542</parentUuid>
        <visibility>
            <advertise>false</advertise>
            <hierarchy>true</hierarchy>
            <indexable>true</indexable>
            <quota>false</quota>
            <searchable>true</searchable>
            <system>false</system>
            <unlogged>false</unlogged>
        </visibility>
        <typedValue>
            <type>
                <name>ProcessModel?list</name>
                <namespace>http://www.appian.com/ae/types/2009</namespace>
            </type>
            <value>
                <el>0002df0f-d7ed-8000-f92f-7f0000014e7a</el>
                <el>0002df19-efbf-8000-f92f-7f0000014e7a</el>
                <el>0016df4a-bfde-8000-f92f-7f0000014e7a</el>
                <el>0024df51-6472-8000-f92f-7f0000014e7a</el>
                <el>0008df23-ad59-8000-f92f-7f0000014e7a</el>
                <el>0002df0f-d7ed-8000-f92f-7f0000014e7a</el>
            </value>
        </typedValue>
        <isEnvironmentSpecific>false</isEnvironmentSpecific>
    </constant>
    <roleMap public="true">
        <role inherit="true" allowForAll="false" name="readers">
            <users/>
            <groups/>
        </role>
        <role inherit="true" allowForAll="false" name="authors">
            <users/>
            <groups/>
        </role>
        <role inherit="true" allowForAll="false" name="administrators">
            <users/>
            <groups/>
        </role>
        <role inherit="false" allowForAll="false" name="denyReaders">
            <users/>
            <groups/>
        </role>
        <role inherit="false" allowForAll="false" name="denyAuthors">
            <users/>
            <groups/>
        </role>
        <role inherit="false" allowForAll="false" name="denyAdministrators">
            <users/>
            <groups/>
        </role>
    </roleMap>
    <history>
        <historyInfo versionUuid="_a-0000df4f-3e48-8000-9ba2-011c48011c48_60712"/>
        <historyInfo versionUuid="_a-0000df4f-3e48-8000-9ba2-011c48011c48_61468"/>
        <historyInfo versionUuid="_a-0000df63-1167-8000-9ba2-011c48011c48_112693"/>
    </history>
</contentHaul>
