<?xml version="1.0" encoding="UTF-8" standalone="yes"?>
<contentHaul xmlns:a="http://www.appian.com/ae/types/2009">
    <versionUuid>_a-0000df4f-3e48-8000-9ba2-011c48011c48_61380</versionUuid>
    <rule>
        <name>ASC_ChangeNoticeAudit_Graph</name>
        <uuid>_a-0000df0b-b44d-8000-9ba2-011c48011c48_18745</uuid>
        <description>Graph pertaining to the audit record</description>
        <parentUuid>_a-0000deba-19b3-8000-9ba2-011c48011c48_32858</parentUuid>
        <visibility>
            <advertise>false</advertise>
            <hierarchy>true</hierarchy>
            <indexable>true</indexable>
            <quota>false</quota>
            <searchable>true</searchable>
            <system>false</system>
            <unlogged>false</unlogged>
        </visibility>
        <definition>load(
  local!color: {
    "GREEN",
    "GOLD",
    "AMBER",
    "ORANGE",
    "VIOLETRED",
    "PURPLE",
    "RED",
    "SKYBLUE",
    "LIMEGREEN"
  },
  local!selectedUser: ri!selectedUser,
  local!pagingInfo: #"SYSTEM_SYSRULES_pagingInfo"(
    startIndex: 1,
    batchSize: - 1,
    sort: #"SYSTEM_SYSRULES_sortInfo"(
      field: "actionType",
      ascending: true
    )
  ),
  with(
    local!selectedUser: ri!selectedUser,
    local!datasubset: #"SYSTEM_SYSRULES_queryEntity"(
      entity: #"_a-0000df0b-b44d-8000-9ba2-011c48011c48_18743",
      query: #"SYSTEM_SYSRULES_query"(
        aggregation: #"SYSTEM_SYSRULES_queryAggregation"(
          aggregationColumns: {
            #"SYSTEM_SYSRULES_queryAggregationColumn"(
              field: "actionType",
              isGrouping: true
            ),
            #"SYSTEM_SYSRULES_queryAggregationColumn"(
              field: "recordId",
              aggregationFunction: "COUNT"
            ),
            #"SYSTEM_SYSRULES_queryAggregationColumn"(
              field: "id",
              aggregationFunction: "COUNT"
            ),
            
          }
        ),
        filter: {
          if(
            isnull(
              local!selectedUser
            ),
            {
              #"SYSTEM_SYSRULES_queryFilter"(
                field: "initiatorName",
                operator: "&lt;&gt;",
                value: "blah"
              )
            },
            #"SYSTEM_SYSRULES_queryFilter"(
              field: "initiatorName",
              operator: "includes",
              value: local!selectedUser
            )
          )
        },
        pagingInfo: local!pagingInfo
      )
    ),
    #"SYSTEM_SYSRULES_pieChartField"(
      showDataLabels: false,
      label: "Volume of work by type",
      showTooltips: true,
      helpTooltip: "number of types from audit",
      series: {
        #"SYSTEM_SYSRULES_forEach"(
          items: local!datasubset,
          expression: #"SYSTEM_SYSRULES_chartSeries"(
            label: index(
              fv!item,
              "actionType",
              null
            ),
            data: index(
              fv!item,
              "id",
              null
            ),
            /*color: local!color[fv!index],*/
            links: #"SYSTEM_SYSRULES_dynamicLink"(
              value: fv!item.actionType,
              saveInto: ri!selectedType
            )
          )
        )
      }
    )
  )
)</definition>
        <namedTypedValue>
            <name>selectedType</name>
            <type>
                <name>string</name>
                <namespace>http://www.w3.org/2001/XMLSchema</namespace>
            </type>
            <value/>
        </namedTypedValue>
        <namedTypedValue>
            <name>selectedUser</name>
            <type>
                <name>string</name>
                <namespace>http://www.w3.org/2001/XMLSchema</namespace>
            </type>
            <value/>
        </namedTypedValue>
        <metadataExpr></metadataExpr>
        <preferredEditor>interface</preferredEditor>
        <offlineEnabled>false</offlineEnabled>
    </rule>
    <roleMap public="true">
        <role inherit="true" allowForAll="false" name="readers">
            <users/>
            <groups/>
        </role>
        <role inherit="true" allowForAll="false" name="authors">
            <users/>
            <groups/>
        </role>
        <role inherit="true" allowForAll="false" name="administrators">
            <users/>
            <groups/>
        </role>
        <role inherit="false" allowForAll="false" name="denyReaders">
            <users/>
            <groups/>
        </role>
        <role inherit="false" allowForAll="false" name="denyAuthors">
            <users/>
            <groups/>
        </role>
        <role inherit="false" allowForAll="false" name="denyAdministrators">
            <users/>
            <groups/>
        </role>
    </roleMap>
    <history>
        <historyInfo versionUuid="_a-0000df4f-3e48-8000-9ba2-011c48011c48_60708"/>
        <historyInfo versionUuid="_a-0000df4f-3e48-8000-9ba2-011c48011c48_61215"/>
        <historyInfo versionUuid="_a-0000df4f-3e48-8000-9ba2-011c48011c48_61380"/>
    </history>
</contentHaul>
