<?xml version="1.0" encoding="UTF-8" standalone="yes"?>
<contentHaul xmlns:a="http://www.appian.com/ae/types/2009">
    <versionUuid>_a-0000df4f-3e48-8000-9ba2-011c48011c48_60605</versionUuid>
    <rule>
        <name>ASC_CoordinationSheets_Grid</name>
        <uuid>_a-0000def3-0227-8000-9ba2-011c48011c48_12011</uuid>
        <description>Section with the list of coordination sheets for a customer</description>
        <parentUuid>_a-0000deba-19b3-8000-9ba2-011c48011c48_32858</parentUuid>
        <visibility>
            <advertise>false</advertise>
            <hierarchy>true</hierarchy>
            <indexable>true</indexable>
            <quota>false</quota>
            <searchable>true</searchable>
            <system>false</system>
            <unlogged>false</unlogged>
        </visibility>
        <definition>#"SYSTEM_SYSRULES_sectionLayout_v1"(
  label: "Coordination Sheet(s)",
  contents: {
    load(
      local!pagingInfo: #"SYSTEM_SYSRULES_pagingInfo"(
        startIndex: 1,
        batchSize: 20,
        sort: #"SYSTEM_SYSRULES_sortInfo"(
          field: "lastUpdateDate",
          ascending: true
        )
      ),
      with(
        local!datasubset: #"SYSTEM_SYSRULES_queryEntity"(
          entity: #"_a-0000def3-0227-8000-9ba2-011c48011c48_10675",
          query: #"SYSTEM_SYSRULES_query"(
            filter: #"SYSTEM_SYSRULES_queryFilter"(
              field: "customerId",
              operator: "=",
              value: ri!customerID
            ),
            selection: #"SYSTEM_SYSRULES_querySelection"(
              columns: {
                #"SYSTEM_SYSRULES_queryColumn"(
                  field: "contractTitle"
                ),
                #"SYSTEM_SYSRULES_queryColumn"(
                  field: "contractStatus"
                ),
                #"SYSTEM_SYSRULES_queryColumn"(
                  field: "contractType"
                ),
                #"SYSTEM_SYSRULES_queryColumn"(
                  field: "mainContactName"
                ),
                #"SYSTEM_SYSRULES_queryColumn"(
                  field: "lastUpdateDate"
                ),
                #"SYSTEM_SYSRULES_queryColumn"(
                  field: "contractAmount"
                ),
                #"SYSTEM_SYSRULES_queryColumn"(
                  field: "contractId"
                ),
                #"SYSTEM_SYSRULES_queryColumn"(
                  field: "contractIcon"
                )
                
              }
            ),
            pagingInfo: local!pagingInfo
          )
        ),
        #"SYSTEM_SYSRULES_gridField"(
          totalCount: local!datasubset.totalCount,
          columns: {
            #"SYSTEM_SYSRULES_gridImageColumn"(
              label: "Status Icon",
              size: "ICON",
              data: apply(
                #"SYSTEM_SYSRULES_documentImage"(
                  document: _,
                  caption: _
                ),
                merge(
                  apply(
                    #"SYSTEM_SYSRULES_iconIndicator"(
                      icon: _
                    ),
                    index(
                      local!datasubset.data,
                      "contractIcon",
                      {}
                    )
                  ),
                  index(
                    local!datasubset.data,
                    "contractStatus",
                    {}
                  )
                )
              )
            ),
            /*a!gridImageColumn(
              label: "Status",
              data: {
                a!forEach(
                  items: local!datasubset.data,
                  expression: rule!ASC_Contract_getIconIndicatorByStatus(
                    index(
                      index(
                        local!datasubset.data,
                        "contractStatus",
                        null
                      ),
                      local!datasubset.totalCount,
                      null
                    )
                  )
                )
              },
              size: "ICON"
            ),*/
            #"SYSTEM_SYSRULES_gridTextColumn"(
              label: "Status Text",
              field: "contractStatusText",
              data: index(
                local!datasubset.data,
                "contractStatus",
                null
              )
            ),
            #"SYSTEM_SYSRULES_gridTextColumn"(
              label: "Coordination Sheet",
              field: "contractTitle",
              data: index(
                local!datasubset.data,
                "contractTitle",
                null
              ),
              links: apply(
                #"SYSTEM_SYSRULES_recordLink"(
                  recordType: #"_a-0000df0b-b44d-8000-9ba2-011c48011c48_17227",
                  identifier: _
                ),
                index(
                  local!datasubset.data,
                  "contractId",
                  {}
                )
              )
            ),
            #"SYSTEM_SYSRULES_gridTextColumn"(
              label: "Functional Lead",
              field: "mainContactName",
              data: index(
                local!datasubset.data,
                "mainContactName",
                null
              )
            ),
            #"SYSTEM_SYSRULES_gridTextColumn"(
              label: "Max Approval",
              field: "contractAmount",
              data: dollar(
                index(
                  local!datasubset.data,
                  "contractAmount",
                  null
                )
              )
            ),
            #"SYSTEM_SYSRULES_gridTextColumn"(
              label: "Exp. Date",
              field: "lastUpdateDate",
              data: index(
                local!datasubset.data,
                "lastUpdateDate",
                null
              )
            )
          },
          value: local!pagingInfo,
          saveInto: local!pagingInfo
        )
      )
    )
  }
)</definition>
        <namedTypedValue>
            <name>customerID</name>
            <type>
                <name>int</name>
                <namespace>http://www.w3.org/2001/XMLSchema</namespace>
            </type>
        </namedTypedValue>
        <metadataExpr></metadataExpr>
        <preferredEditor>interface</preferredEditor>
        <offlineEnabled>false</offlineEnabled>
    </rule>
    <roleMap public="true">
        <role inherit="true" allowForAll="false" name="readers">
            <users/>
            <groups/>
        </role>
        <role inherit="true" allowForAll="false" name="authors">
            <users/>
            <groups/>
        </role>
        <role inherit="true" allowForAll="false" name="administrators">
            <users>
                <userUuid>mwandama.mutanuka@perficient.com</userUuid>
            </users>
            <groups/>
        </role>
        <role inherit="false" allowForAll="false" name="denyReaders">
            <users/>
            <groups/>
        </role>
        <role inherit="false" allowForAll="false" name="denyAuthors">
            <users/>
            <groups/>
        </role>
        <role inherit="false" allowForAll="false" name="denyAdministrators">
            <users/>
            <groups/>
        </role>
    </roleMap>
    <typedValue>
        <type>
            <name>RuleTestConfig?list</name>
            <namespace>http://www.appian.com/ae/types/2009</namespace>
        </type>
        <value>
            <el>
                <a:name/>
                <a:ruleInputTestConfigs>
                    <a:value xmlns:xsd="http://www.w3.org/2001/XMLSchema" xmlns:xsi="http://www.w3.org/2001/XMLSchema-instance" xsi:type="xsd:int">1</a:value>
                    <a:nameRef>customerID</a:nameRef>
                    <a:id/>
                </a:ruleInputTestConfigs>
                <a:assertions xmlns:xsi="http://www.w3.org/2001/XMLSchema-instance" xsi:nil="true"/>
            </el>
        </value>
    </typedValue>
    <history>
        <historyInfo versionUuid="_a-0000df4f-3e48-8000-9ba2-011c48011c48_60605"/>
    </history>
</contentHaul>
