<?xml version="1.0" encoding="UTF-8" standalone="yes"?>
<contentHaul xmlns:a="http://www.appian.com/ae/types/2009">
    <versionUuid>_a-0000df63-1167-8000-9ba2-011c48011c48_111351</versionUuid>
    <rule>
        <name>ASC_ContractModificationsTaskTrackerGrid_Section</name>
        <uuid>_a-0000df0b-b44d-8000-9ba2-011c48011c48_19540</uuid>
        <description>Grid that displays the task status for contracts that require task completion</description>
        <parentUuid>_a-0000deba-19b3-8000-9ba2-011c48011c48_32858</parentUuid>
        <visibility>
            <advertise>false</advertise>
            <hierarchy>true</hierarchy>
            <indexable>true</indexable>
            <quota>false</quota>
            <searchable>true</searchable>
            <system>false</system>
            <unlogged>false</unlogged>
        </visibility>
        <definition>= load(
  local!gridSelection: #"SYSTEM_SYSRULES_gridSelection"(
    pagingInfo: #"SYSTEM_SYSRULES_pagingInfo"(
      startIndex: 1,
      batchsize: 5
    )
  ),
  with(
      local!datasubset: #"SYSTEM_SYSRULES_queryEntity"(
      entity: #"_a-0000df0b-b44d-8000-9ba2-011c48011c48_17151",
      query: #"SYSTEM_SYSRULES_query"(
        filter: #"SYSTEM_SYSRULES_queryFilter"(
          field: "contractModificationId",
          operator: "=",
          value: ri!contractModificationId
        ),
        pagingInfo: #"SYSTEM_SYSRULES_pagingInfo"(
          startIndex: 1,
          batchSize: -1
        )
      )
    ),
    #"SYSTEM_SYSRULES_sectionLayout_v1"(
      label: "Coordination Sheet Tracker",
      
      contents: {
        #"SYSTEM_SYSRULES_gridField"(
          label: "",
          labelPosition: "ABOVE",
          totalCount: local!datasubset.totalCount,
          helpTooltip:"Perf: Completion Performance According to Due Date",
          columns: {
            /*a!gridTextColumn(*/
              /*label: "Id #",*/
              /*data: index(*/
                  /*local!datasubset.data,*/
                  /*"id",*/
                  /*{}*/
                /*)*/
            /*),*/
            #"SYSTEM_SYSRULES_gridTextColumn"(
              label: "Status",
              data: 
              /*index(*/
                  /*local!datasubset.data,*/
                  /*"id",*/
                  /*{}*/
                /*),*/
                #"SYSTEM_SYSRULES_forEach"(
                      local!datasubset.data
                    ,
                    if(
        #"_a-0000dd3a-dada-8000-daab-640000640000_11122"(fv!item.amount),
          if(
            #"_a-0000dd3a-dada-8000-daab-640000640000_11122"(fv!item.hourAmount),
            if(
              now()&gt;todatetime(fv!item.dueDate),
                "Past Due",
                "Requires Users Attention"
          ),
          "Completed"
          ),
        "Completed"
      ))
            ),
            #"SYSTEM_SYSRULES_gridTextColumn"(
              label: "User",
              field: "userName",
              data: {
                #"SYSTEM_SYSRULES_forEach"(
                  index(
                    local!datasubset.data,
                    "userName",
                    ""
                  ),
                  #"_a-0000dd3a-dada-8000-daab-640000640000_11313"(fv!item)
                )                
              }              
            ),
            #"SYSTEM_SYSRULES_gridTextColumn"(
              label: "Information Type",
              data: index(
                  local!datasubset.data,
                  "infoType",
                  {}
                )
            ),
            #"SYSTEM_SYSRULES_gridTextColumn"(
              label: "Requestor Comments",
              data: index(
                  local!datasubset.data,
                  "requestComments",
                  {}
                )
            ),
            #"SYSTEM_SYSRULES_gridTextColumn"(
              label: "Due Date",
              data: index(
                  local!datasubset.data,
                  "dueDate",
                  {}
                )
            ),
              #"SYSTEM_SYSRULES_gridImageColumn"(
                label: "Perf.",
                
                field: "status",
                
                data: {
                  #"SYSTEM_SYSRULES_forEach"(
                      local!datasubset.data
                    ,
                    #"_a-0000df0b-b44d-8000-9ba2-011c48011c48_17119"(fv!item))
                },
                size: "ICON"
              )
          },
          value: #"SYSTEM_SYSRULES_pagingInfo"(
            startIndex: 1,
            batchSize: 5
          ),
          saveInto: {},
          validations: {}
        )
      },
      isCollapsible: true
    )
  )
)</definition>
        <namedTypedValue>
            <name>contractModificationId</name>
            <type>
                <name>int</name>
                <namespace>http://www.w3.org/2001/XMLSchema</namespace>
            </type>
        </namedTypedValue>
        <metadataExpr></metadataExpr>
        <preferredEditor>interface</preferredEditor>
        <offlineEnabled>false</offlineEnabled>
    </rule>
    <roleMap public="true">
        <role inherit="true" allowForAll="false" name="readers">
            <users/>
            <groups/>
        </role>
        <role inherit="true" allowForAll="false" name="authors">
            <users/>
            <groups/>
        </role>
        <role inherit="true" allowForAll="false" name="administrators">
            <users>
                <userUuid>samuel.bruns@perficient.com</userUuid>
            </users>
            <groups/>
        </role>
        <role inherit="false" allowForAll="false" name="denyReaders">
            <users/>
            <groups/>
        </role>
        <role inherit="false" allowForAll="false" name="denyAuthors">
            <users/>
            <groups/>
        </role>
        <role inherit="false" allowForAll="false" name="denyAdministrators">
            <users/>
            <groups/>
        </role>
    </roleMap>
    <typedValue>
        <type>
            <name>RuleTestConfig?list</name>
            <namespace>http://www.appian.com/ae/types/2009</namespace>
        </type>
        <value>
            <el>
                <a:name/>
                <a:ruleInputTestConfigs>
                    <a:value xmlns:xsd="http://www.w3.org/2001/XMLSchema" xmlns:xsi="http://www.w3.org/2001/XMLSchema-instance" xsi:type="xsd:int">144</a:value>
                    <a:nameRef>contractModificationId</a:nameRef>
                    <a:id/>
                </a:ruleInputTestConfigs>
                <a:assertions xmlns:xsi="http://www.w3.org/2001/XMLSchema-instance" xsi:nil="true"/>
            </el>
        </value>
    </typedValue>
    <history>
        <historyInfo versionUuid="_a-0000df4f-3e48-8000-9ba2-011c48011c48_60737"/>
        <historyInfo versionUuid="_a-0000df63-1167-8000-9ba2-011c48011c48_111351"/>
    </history>
</contentHaul>
