<?xml version="1.0" encoding="UTF-8" standalone="yes"?>
<contentHaul xmlns:a="http://www.appian.com/ae/types/2009">
    <versionUuid>_a-0000df4f-3e48-8000-9ba2-011c48011c48_60669</versionUuid>
    <rule>
        <name>ASC_DetermineStatusIconByMilestoneStep</name>
        <uuid>_a-0000df0b-b44d-8000-9ba2-011c48011c48_16459</uuid>
        <description>Determine the status icon to be displayed on the interface based on the milestone step</description>
        <parentUuid>_a-0000deba-19b3-8000-9ba2-011c48011c48_32853</parentUuid>
        <visibility>
            <advertise>false</advertise>
            <hierarchy>true</hierarchy>
            <indexable>true</indexable>
            <quota>false</quota>
            <searchable>true</searchable>
            <system>false</system>
            <unlogged>false</unlogged>
        </visibility>
        <definition>/*
  Initiated (1)
  Contracts Review (2)
  Assessment for Changes (3)
  Functional Lead Review (4)
  Internal Approvals (5)
  Contract Negotiation (6)
  Complete (7)
  
*/
if(
  #"_a-0000dd3a-dada-8000-daab-640000640000_11122"(
    ri!milestoneStep
  ), {},
  #"SYSTEM_SYSRULES_documentImage"(
    document: #"SYSTEM_SYSRULES_iconIndicator"(
      if(
        ri!milestoneStep &gt; 6,
        "STATUS_OK",
        if(
          ri!milestoneStep &gt; 5,
          "HARVEY_100",
          if(
            ri!milestoneStep &gt; 4,
            "HARVEY_75",
            if(
              ri!milestoneStep &gt; 3,
              "HARVEY_50",
              if(
                ri!milestoneStep &gt; 2,
                "HARVEY_25",
                "HARVEY_0"
              )
            )
          )
        )
      )
    )
  )
)</definition>
        <namedTypedValue>
            <name>milestoneStep</name>
            <type>
                <name>int</name>
                <namespace>http://www.w3.org/2001/XMLSchema</namespace>
            </type>
        </namedTypedValue>
        <preferredEditor>legacy</preferredEditor>
        <offlineEnabled>false</offlineEnabled>
    </rule>
    <roleMap public="true">
        <role inherit="true" allowForAll="false" name="readers">
            <users/>
            <groups/>
        </role>
        <role inherit="true" allowForAll="false" name="authors">
            <users/>
            <groups/>
        </role>
        <role inherit="true" allowForAll="false" name="administrators">
            <users/>
            <groups/>
        </role>
        <role inherit="false" allowForAll="false" name="denyReaders">
            <users/>
            <groups/>
        </role>
        <role inherit="false" allowForAll="false" name="denyAuthors">
            <users/>
            <groups/>
        </role>
        <role inherit="false" allowForAll="false" name="denyAdministrators">
            <users/>
            <groups/>
        </role>
    </roleMap>
    <history>
        <historyInfo versionUuid="_a-0000df4f-3e48-8000-9ba2-011c48011c48_60669"/>
    </history>
</contentHaul>
