<?xml version="1.0" encoding="UTF-8" standalone="yes"?>
<contentHaul xmlns:a="http://www.appian.com/ae/types/2009">
    <versionUuid>_a-0000df4f-3e48-8000-9ba2-011c48011c48_62388</versionUuid>
    <constant>
        <name>ASC_MC_MASTER_SCHEDULE_CODES</name>
        <uuid>_a-0000df0b-b44d-8000-9ba2-011c48011c48_15846</uuid>
        <description>Codes that coordinate with the master schedule </description>
        <parentUuid>_a-0000def3-0227-8000-9ba2-011c48011c48_10542</parentUuid>
        <visibility>
            <advertise>false</advertise>
            <hierarchy>true</hierarchy>
            <indexable>true</indexable>
            <quota>false</quota>
            <searchable>true</searchable>
            <system>false</system>
            <unlogged>false</unlogged>
        </visibility>
        <typedValue>
            <type>
                <name>Text?list</name>
                <namespace>http://www.appian.com/ae/types/2009</namespace>
            </type>
            <value>
                <el>737 Master Schedule R173R2</el>
                <el>737 Master Schedule R174</el>
                <el>737 Master Schedule E-151</el>
                <el>747 Propulsion FOB Update E-155</el>
                <el>747 Tulsa FOB Update E-155</el>
                <el>747 Wichita Structures FOB Update E-155</el>
                <el>747 Master Schedule E-155</el>
                <el>747 Tulsa FOB Master Schedule E-155</el>
                <el>747 Propulsion FOB Update E-155</el>
                <el>767 Master Schedule T-129R2 Structures FOB UPDATES</el>
                <el>777 Master Schedule U-55 Structures FOB UPDATES</el>
                <el>777 Master Schedule U-55 Structures FOB UPDATES </el>
            </value>
        </typedValue>
        <isEnvironmentSpecific>false</isEnvironmentSpecific>
    </constant>
    <roleMap public="true">
        <role inherit="true" allowForAll="false" name="readers">
            <users/>
            <groups/>
        </role>
        <role inherit="true" allowForAll="false" name="authors">
            <users/>
            <groups/>
        </role>
        <role inherit="true" allowForAll="false" name="administrators">
            <users/>
            <groups/>
        </role>
        <role inherit="false" allowForAll="false" name="denyReaders">
            <users/>
            <groups/>
        </role>
        <role inherit="false" allowForAll="false" name="denyAuthors">
            <users/>
            <groups/>
        </role>
        <role inherit="false" allowForAll="false" name="denyAdministrators">
            <users/>
            <groups/>
        </role>
    </roleMap>
    <history>
        <historyInfo versionUuid="_a-0000df4f-3e48-8000-9ba2-011c48011c48_60639"/>
        <historyInfo versionUuid="_a-0000df4f-3e48-8000-9ba2-011c48011c48_62388"/>
    </history>
</contentHaul>
