<?xml version="1.0" encoding="UTF-8" standalone="yes"?>
<recordTypeHaul xmlns:a="http://www.appian.com/ae/types/2009">
    <versionUuid>1a832103-81c4-416f-bfdb-2b3767ac89cb</versionUuid>
    <recordType a:uuid="0846f47f-dfc2-403d-b758-4126c6a734cd" name="Vehicle">
        <a:pluralName>Vehicles</a:pluralName>
        <a:description>List of entries in the Vehicle Management application</a:description>
        <a:urlStub>ZdPu5Q</a:urlStub>
        <a:source xmlns:xsi="http://www.w3.org/2001/XMLSchema-instance" xsi:type="a:DataStoreEntity" a:uuid="e3741c2a-2be0-487d-ac71-658eb60c3c1d@_a-0000def6-d094-8000-9ba2-011c48011c48_40449"/>
        <a:listViewTemplateExpr>#"SYSTEM_SYSRULES_recordGridLayoutColumns"(
  emptygridmessage: "No Vehicles available",
  columns: {
    #"SYSTEM_SYSRULES_gridLayoutColumn"(
      label: "Vehicle Name",
      weight: 7,
      field: "vehicleName",
      component: #"SYSTEM_SYSRULES_recordGrid_linkField"(
        links: #"SYSTEM_SYSRULES_recordLink"(
          label: rf!vehicleName,
          recordType: rp!type,
          identifier: rp!id
        )
      )
    ),
    
    
    #"SYSTEM_SYSRULES_gridLayoutColumn"(
      label: "Created By",
      weight: 4,
      field: "createdBy",
      component: #"SYSTEM_SYSRULES_recordGrid_linkField"(
        links: {
          #"SYSTEM_SYSRULES_userRecordLink"(
            label: #"4232b83a-1806-41d3-b693-d4edd01ecc1c_FORMATNAME"(rf!createdBy),
            user: rf!createdBy
          )
        }
      )
    ),
    #"SYSTEM_SYSRULES_gridLayoutColumn"(
      label: "Updated On",
      width: "DISTRIBUTE",
      weight: 2,
      field: "updatedOn",
      align: "RIGHT",
      component: #"SYSTEM_SYSRULES_recordGrid_textField"(
        displayvalue: #"_a-0000def6-d094-8000-9ba2-011c48011c48_40417"(rf!updatedOn),
        align: "RIGHT"
      )
    )
  },
  pageSize: 50,
  defaultSort: #"SYSTEM_SYSRULES_sortInfo"(
    field: "updatedOn",
    ascending: false
  )
)</a:listViewTemplateExpr>
        <a:fieldCfg name="Created By">
            <a:isSortable>false</a:isSortable>
            <a:isSearchable>false</a:isSearchable>
            <a:isFacet>true</a:isFacet>
            <a:facetType>EXPRESSION</a:facetType>
            <a:isExclusiveFacet>true</a:isExclusiveFacet>
            <a:facetExpr>with(
  local!creators:#"SYSTEM_SYSRULES_queryEntity"(
    entity: #"8c06bb5f-71b6-42c9-b19b-c906328b1893_MAINDSECONSTANT",
    query: #"SYSTEM_SYSRULES_query"(
      aggregation: #"SYSTEM_SYSRULES_queryAggregation"(
        aggregationColumns: {
          #"SYSTEM_SYSRULES_queryAggregationColumn"(field: "createdBy", isGrouping: true),
          #"SYSTEM_SYSRULES_queryAggregationColumn"(field: "createdBy", alias: "numberCreated", aggregationFunction: "COUNT")
        }
      ),
      pagingInfo: #"SYSTEM_SYSRULES_pagingInfo"(1, -1, #"SYSTEM_SYSRULES_sortInfo"("createdBy", true))
    )
  ),
  if(
    local!creators.totalCount = 0,
    {},
    #"SYSTEM_SYSRULES_facet_v1"(
      name: "Created By",
      options: #"SYSTEM_SYSRULES_forEach"(
        items: local!creators,
        expression: #"SYSTEM_SYSRULES_facetOption"(
          id: fv!index,
          name: #"4232b83a-1806-41d3-b693-d4edd01ecc1c_FORMATNAME"(fv!item.createdBy),
          filter: #"SYSTEM_SYSRULES_queryFilter"(
            field: "createdBy",
            operator: "=",
            value: fv!item.createdBy
          ),
          dataCount: fv!item.numberCreated
        )
      )
    )
  )
)</a:facetExpr>
            <a:sortOrderIndex>0</a:sortOrderIndex>
            <a:facetOrderIndex>0</a:facetOrderIndex>
            <a:visibilityExpr></a:visibilityExpr>
            <a:defaultOptionExpr></a:defaultOptionExpr>
            <a:allowMultipleSelections>false</a:allowMultipleSelections>
        </a:fieldCfg>
        <a:detailViewCfg>
            <a:nameExpr>="Summary"</a:nameExpr>
            <a:uiExpr>#"_a-0000def6-d094-8000-9ba2-011c48011c48_40435"(rp!id)</a:uiExpr>
            <a:visibilityExpr>=true()</a:visibilityExpr>
            <a:urlStub>summary</a:urlStub>
            <a:headerExpr></a:headerExpr>
            <a:relatedActionCfg>06704890-20ea-4304-8cf3-8d7621cb5066</a:relatedActionCfg>
            <a:relatedActionCfg>2e592961-51f5-4acc-8750-88162e54d55b</a:relatedActionCfg>
            <a:relatedActionCfg>4a775a85-6426-4c1f-937b-e04475cd2f2d</a:relatedActionCfg>
        </a:detailViewCfg>
        <a:detailViewCfg>
            <a:nameExpr>"Activity History"</a:nameExpr>
            <a:uiExpr>#"_a-0000def6-d094-8000-9ba2-011c48011c48_40427"(rp!id)</a:uiExpr>
            <a:visibilityExpr>=true()</a:visibilityExpr>
            <a:urlStub>_4zVEZw</a:urlStub>
            <a:headerExpr></a:headerExpr>
            <a:relatedActionCfg>06704890-20ea-4304-8cf3-8d7621cb5066</a:relatedActionCfg>
            <a:relatedActionCfg>2e592961-51f5-4acc-8750-88162e54d55b</a:relatedActionCfg>
        </a:detailViewCfg>
        <a:relatedActionCfg>
            <a:target xmlns:xsi="http://www.w3.org/2001/XMLSchema-instance" xsi:type="a:ProcessModel" a:uuid="1ac93e58-72ea-458e-8aa8-89f4f01af146"/>
            <a:contextExpr>with(
  local!record: #"b3d215d6-f546-4e63-9aba-d1493bc9990d_GETONERECORD"(rp!id),
  {
    record: local!record,
    documents: folder(local!record.folderId, "documentChildren"),
  }
)</a:contextExpr>
            <a:visibilityExpr>=true()</a:visibilityExpr>
            <a:iconId>f044</a:iconId>
            <a:refId>06704890-20ea-4304-8cf3-8d7621cb5066</a:refId>
            <a:staticTitle>true</a:staticTitle>
            <a:staticDescription>true</a:staticDescription>
        </a:relatedActionCfg>
        <a:relatedActionCfg>
            <a:target xmlns:xsi="http://www.w3.org/2001/XMLSchema-instance" xsi:type="a:ProcessModel" a:uuid="a48ad90c-016a-4e3f-99af-2a931debf1a1"/>
            <a:contextExpr>{
  recordId: rp!id
}</a:contextExpr>
            <a:visibilityExpr>=true()</a:visibilityExpr>
            <a:iconId>f046</a:iconId>
            <a:refId>2e592961-51f5-4acc-8750-88162e54d55b</a:refId>
            <a:staticTitle>true</a:staticTitle>
            <a:staticDescription>true</a:staticDescription>
        </a:relatedActionCfg>
        <a:relatedActionCfg>
            <a:target xmlns:xsi="http://www.w3.org/2001/XMLSchema-instance" xsi:type="a:ProcessModel" a:uuid="7efadc3d-10e3-4498-939d-810d8fe8bb6f"/>
            <a:contextExpr>{
  record: #"b3d215d6-f546-4e63-9aba-d1493bc9990d_GETONERECORD"(rp!id)
}</a:contextExpr>
            <a:visibilityExpr>=true()</a:visibilityExpr>
            <a:iconId>f014</a:iconId>
            <a:refId>4a775a85-6426-4c1f-937b-e04475cd2f2d</a:refId>
            <a:staticTitle>true</a:staticTitle>
            <a:staticDescription>true</a:staticDescription>
        </a:relatedActionCfg>
        <a:isSystem>false</a:isSystem>
        <a:dataSrcExpr></a:dataSrcExpr>
        <a:facetsListExpr></a:facetsListExpr>
        <a:titleExpr>rf!vehicleName</a:titleExpr>
        <a:defaultFiltersExpr></a:defaultFiltersExpr>
        <a:layoutType>GRID</a:layoutType>
        <a:security>16383</a:security>
        <a:hideLatestNews>false</a:hideLatestNews>
        <a:isExportable>true</a:isExportable>
    </recordType>
    <roleMap>
        <role name="record_type_administrator">
            <users/>
            <groups>
                <groupUuid>_e-0000def6-d077-8000-9aee-01075c01075c_91</groupUuid>
            </groups>
        </role>
    </roleMap>
    <history>
        <historyInfo versionUuid="1a832103-81c4-416f-bfdb-2b3767ac89cb"/>
    </history>
</recordTypeHaul>
