<?xml version="1.0" encoding="UTF-8" standalone="yes"?>
<groupHaul xmlns:a="http://www.appian.com/ae/types/2009">
    <group>
        <name>Vehicle Management Administrators</name>
        <securityMap>SECURITYMAP_TEAM</securityMap>
        <uuid>_e-0000def6-d077-8000-9aee-01075c01075c_91</uuid>
        <groupTypeUuid>SYSTEM_GROUP_TYPE_CUSTOM</groupTypeUuid>
        <description>Group that all Vehicle Management design objects are secured to</description>
        <delegatedCreation>false</delegatedCreation>
        <memberPolicy>MEMBERPOLICY_CLOSED</memberPolicy>
        <viewingPolicy>VIEWINGPOLICY_LOW</viewingPolicy>
        <attributes/>
    </group>
    <members>
        <users/>
        <groups/>
    </members>
    <admins>
        <users/>
        <groups>
            <groupUuid>_e-0000def6-d077-8000-9aee-01075c01075c_91</groupUuid>
        </groups>
    </admins>
    <ruleSet/>
</groupHaul>
