<?xml version="1.0" encoding="UTF-8" standalone="yes"?>
<contentHaul xmlns:a="http://www.appian.com/ae/types/2009">
    <versionUuid>_a-0000df6d-83a9-8000-9ba2-011c48011c48_51264</versionUuid>
    <rule>
        <name>SLA_CalculateMilestoneDurrationByDays</name>
        <uuid>_a-0000df6d-83a9-8000-9ba2-011c48011c48_50684</uuid>
        <description>given the list of variants generated by SLA_GenerateData </description>
        <parentUuid>_a-0000df6d-83a9-8000-9ba2-011c48011c48_47561</parentUuid>
        <visibility>
            <advertise>false</advertise>
            <hierarchy>true</hierarchy>
            <indexable>true</indexable>
            <quota>false</quota>
            <searchable>true</searchable>
            <system>false</system>
            <unlogged>false</unlogged>
        </visibility>
        <definition>load(
  local!data: #"SYSTEM_SYSRULES_forEach"(
    ldrop(ri!data,1),
    if(
      fv!index &gt; count(todatasubset(ri!data).data),
      {days360(
        ri!data[fv!index].milestoneStartTime,
        ri!data[fv!index+1].milestoneStartTime
      ),ri!data[fv!index+1].id}
      ,
      {days360(
        ri!data[fv!index].milestoneStartTime,
        ri!data[fv!index+1].milestoneStartTime
      ),ri!data[fv!index+1].id}
    )
  ),
  local!data
)</definition>
        <namedTypedValue>
            <name>data</name>
            <type>
                <name>Variant</name>
                <namespace>http://www.appian.com/ae/types/2009</namespace>
            </type>
        </namedTypedValue>
        <preferredEditor>legacy</preferredEditor>
        <offlineEnabled>false</offlineEnabled>
    </rule>
    <roleMap public="true">
        <role inherit="true" allowForAll="false" name="readers">
            <users/>
            <groups/>
        </role>
        <role inherit="true" allowForAll="false" name="authors">
            <users/>
            <groups/>
        </role>
        <role inherit="true" allowForAll="false" name="administrators">
            <users/>
            <groups/>
        </role>
        <role inherit="false" allowForAll="false" name="denyReaders">
            <users/>
            <groups/>
        </role>
        <role inherit="false" allowForAll="false" name="denyAuthors">
            <users/>
            <groups/>
        </role>
        <role inherit="false" allowForAll="false" name="denyAdministrators">
            <users/>
            <groups/>
        </role>
    </roleMap>
    <typedValue>
        <type>
            <name>RuleTestConfig?list</name>
            <namespace>http://www.appian.com/ae/types/2009</namespace>
        </type>
        <value>
            <el>
                <a:name>Unnamed Test Case</a:name>
                <a:ruleInputTestConfigs>
                    <a:value xmlns:xsi="http://www.w3.org/2001/XMLSchema-instance" xsi:type="a:Expression">load(
  local!dataRecords: #"SYSTEM_SYSRULES_forEach"(#"_a-0000df6d-83a9-8000-9ba2-011c48011c48_49108"(),fv!item.recordId),
  local!dataRecordIdentifiers: union(local!dataRecords,local!dataRecords),
  local!Groupeddata: #"SYSTEM_SYSRULES_forEach"(local!dataRecordIdentifiers,#"_a-0000df6d-83a9-8000-9ba2-011c48011c48_49187"(fv!item)),
  local!Groupeddata[2]
)</a:value>
                    <a:nameRef>data</a:nameRef>
                    <a:id>1</a:id>
                </a:ruleInputTestConfigs>
                <a:assertions xmlns:xsi="http://www.w3.org/2001/XMLSchema-instance" xsi:nil="true"/>
            </el>
        </value>
    </typedValue>
    <history>
        <historyInfo versionUuid="_a-0000df6d-83a9-8000-9ba2-011c48011c48_51264"/>
    </history>
</contentHaul>
