<?xml version="1.0" encoding="UTF-8" standalone="yes"?>
<contentHaul xmlns:a="http://www.appian.com/ae/types/2009">
    <versionUuid>_a-0000df6d-83a9-8000-9ba2-011c48011c48_56380</versionUuid>
    <rule>
        <name>SLA_Report_Form</name>
        <uuid>_a-0000df6d-83a9-8000-9ba2-011c48011c48_48083</uuid>
        <description>Form containing the report information</description>
        <parentUuid>_a-0000df6d-83a9-8000-9ba2-011c48011c48_47543</parentUuid>
        <visibility>
            <advertise>false</advertise>
            <hierarchy>true</hierarchy>
            <indexable>true</indexable>
            <quota>false</quota>
            <searchable>true</searchable>
            <system>false</system>
            <unlogged>false</unlogged>
        </visibility>
        <definition>load(
  with(
    #"SYSTEM_SYSRULES_dashboardLayout_v1"(
      contents: {
        #"SYSTEM_SYSRULES_billboardLayout"(
          backgroundColor: "#619ed6",
          overlayPositionBar: "BOTTOM",
          overlayStyle: "DARK",
          overlayContents: {
            #"SYSTEM_SYSRULES_columnsLayout"(
              columns: {
                #"SYSTEM_SYSRULES_columnLayout"(
                  contents: {
                    #"SYSTEM_SYSRULES_richTextDisplayField"(
                      labelPosition: "COLLAPSED",
                      value: {
                        #"SYSTEM_SYSRULES_richTextItem"(
                          text: "Service Level Agreement Summary",
                          style: "LARGE"
                        )
                      }
                    )
                  }
                ),
                #"SYSTEM_SYSRULES_columnLayout"(
                  contents: {
                    #"SYSTEM_SYSRULES_columnsLayout"(
                      columns: {
                        #"SYSTEM_SYSRULES_columnLayout"(
                          contents: {
                            #"SYSTEM_SYSRULES_richTextDisplayField"(
                              label: "Total SLA's",
                              value: #"SYSTEM_SYSRULES_richTextItem"(
                                text: 5
                                /*count(*/
                                  /*rule!DRF_GetAllDocumentChangeRequests()*/
                                /*)*/
                                ,
                                style: "MEDIUM"
                              )
                            )
                          }
                        ),
                      },
                      alignVertical: "TOP"
                    )
                  }
                )
              },
              alignVertical: "MIDDLE"
            )
          },
          height: "SHORT"
        ),
        #"SYSTEM_SYSRULES_columnsLayout"(
          columns: {
            #"SYSTEM_SYSRULES_columnLayout"(
              contents: {
                #"_a-0000df6d-83a9-8000-9ba2-011c48011c48_48089"(
                  ri!recordId,
                  ri!selectedType,
                  ri!selectedMilestone
                )
              }
            )
          }
        ),
        #"_a-0000df6d-83a9-8000-9ba2-011c48011c48_50446"(
          ri!selectedMilestone,
          ri!selectedType
        )
      }
    )
  )
)</definition>
        <namedTypedValue>
            <name>recordId</name>
            <type>
                <name>int</name>
                <namespace>http://www.w3.org/2001/XMLSchema</namespace>
            </type>
        </namedTypedValue>
        <namedTypedValue>
            <name>selectedType</name>
            <type>
                <name>string</name>
                <namespace>http://www.w3.org/2001/XMLSchema</namespace>
            </type>
            <value/>
        </namedTypedValue>
        <namedTypedValue>
            <name>selectedMilestone</name>
            <type>
                <name>int</name>
                <namespace>http://www.w3.org/2001/XMLSchema</namespace>
            </type>
        </namedTypedValue>
        <metadataExpr></metadataExpr>
        <preferredEditor>interface</preferredEditor>
        <offlineEnabled>false</offlineEnabled>
    </rule>
    <roleMap public="true">
        <role inherit="true" allowForAll="false" name="readers">
            <users/>
            <groups/>
        </role>
        <role inherit="true" allowForAll="false" name="authors">
            <users/>
            <groups/>
        </role>
        <role inherit="true" allowForAll="false" name="administrators">
            <users/>
            <groups/>
        </role>
        <role inherit="false" allowForAll="false" name="denyReaders">
            <users/>
            <groups/>
        </role>
        <role inherit="false" allowForAll="false" name="denyAuthors">
            <users/>
            <groups/>
        </role>
        <role inherit="false" allowForAll="false" name="denyAdministrators">
            <users/>
            <groups/>
        </role>
    </roleMap>
    <history>
        <historyInfo versionUuid="_a-0000df6d-83a9-8000-9ba2-011c48011c48_51179"/>
        <historyInfo versionUuid="_a-0000df6d-83a9-8000-9ba2-011c48011c48_56380"/>
    </history>
</contentHaul>
