<?xml version="1.0" encoding="UTF-8" standalone="yes"?>
<contentHaul xmlns:a="http://www.appian.com/ae/types/2009">
    <versionUuid>_a-0000df6d-83a9-8000-9ba2-011c48011c48_56623</versionUuid>
    <queryRule>
        <name>SLA_GetAllSLAEntries</name>
        <uuid>_a-0000df6d-83a9-8000-9ba2-011c48011c48_49108</uuid>
        <description>Returns all the SLA Entries</description>
        <folderUuid>_a-0000df6d-83a9-8000-9ba2-011c48011c48_47567</folderUuid>
        <dataStoreEntityCompositeUuid>931f13d6-58ee-4423-9497-6e1f4b42c5ab@_a-0000df6d-83a9-8000-9ba2-011c48011c48_47590</dataStoreEntityCompositeUuid>
        <params/>
        <filters/>
        <orderings/>
    </queryRule>
    <roleMap public="false">
        <role inherit="true" allowForAll="false" name="readers">
            <users/>
            <groups/>
        </role>
        <role inherit="true" allowForAll="false" name="authors">
            <users/>
            <groups/>
        </role>
        <role inherit="true" allowForAll="false" name="administrators">
            <users/>
            <groups/>
        </role>
        <role inherit="false" allowForAll="false" name="denyReaders">
            <users/>
            <groups/>
        </role>
        <role inherit="false" allowForAll="false" name="denyAuthors">
            <users/>
            <groups/>
        </role>
        <role inherit="false" allowForAll="false" name="denyAdministrators">
            <users/>
            <groups/>
        </role>
    </roleMap>
    <history>
        <historyInfo versionUuid="_a-0000df6d-83a9-8000-9ba2-011c48011c48_49118"/>
        <historyInfo versionUuid="_a-0000df6d-83a9-8000-9ba2-011c48011c48_56623"/>
    </history>
</contentHaul>
