<?xml version="1.0" encoding="UTF-8" standalone="yes"?>
<taskReportHaul xmlns:a="http://www.appian.com/ae/types/2009">
    <versionUuid>68c9f279-6fa9-4698-8e9a-bdf9aa86c352</versionUuid>
    <taskReport a:uuid="3c29e93a-a619-429b-82c1-827a177b1d42" name="Vehicle Management">
        <a:description>Task report showing open tasks in the Vehicle Management application</a:description>
        <a:uiExpr>=#"_a-0000def6-d094-8000-9ba2-011c48011c48_40443"()</a:uiExpr>
        <a:urlStub>dEgD_A</a:urlStub>
    </taskReport>
    <roleMap>
        <role name="report_administrator">
            <users/>
            <groups>
                <groupUuid>_e-0000def6-d077-8000-9aee-01075c01075c_91</groupUuid>
            </groups>
        </role>
    </roleMap>
    <history>
        <historyInfo versionUuid="68c9f279-6fa9-4698-8e9a-bdf9aa86c352"/>
    </history>
</taskReportHaul>
