<?xml version="1.0" encoding="UTF-8" standalone="yes"?>
<applicationHaul xmlns:a="http://www.appian.com/ae/types/2009">
    <versionUuid>_a-0000df6a-d82f-8000-9ba2-011c48011c48_112645</versionUuid>
    <application>
        <name>CTMS SiteConnect</name>
        <uuid>_a-0000dcd5-e7b4-8000-daab-640000640000_6390</uuid>
        <description>A clinical trial management system enabling the connection of payment inquiries between Investigators and Clinical Finance</description>
        <parentUuid>SYSTEM_APPLICATIONS_ROOT</parentUuid>
        <visibility>
            <advertise>false</advertise>
            <hierarchy>true</hierarchy>
            <indexable>true</indexable>
            <quota>false</quota>
            <searchable>true</searchable>
            <system>false</system>
            <unlogged>false</unlogged>
        </visibility>
        <urlIdentifier>CUAKFQ</urlIdentifier>
        <published>true</published>
        <public>false</public>
        <associatedObjects>
            <globalIdMap>
                <item>
                    <type>datatype</type>
                    <uuids>
                        <uuid>{urn:com:appian:types:CTMS}CTMS_SiteBudgetSplitView</uuid>
                        <uuid>{urn:com:appian:types:CTMS}CTMS_SiteBudgetView</uuid>
                        <uuid>{urn:com:appian:types:CTMS}CTMS_SitePaymentDetailsView</uuid>
                        <uuid>{urn:com:appian:types:CTMS}CTMS_SitePaymentAndDetailsView</uuid>
                        <uuid>{urn:com:appian:types:CTMS}CTMS_SitePayment</uuid>
                        <uuid>{urn:com:appian:types:CTMS}CTMS_PaymentClaim</uuid>
                        <uuid>{urn:com:appian:types:CTMS}CTMS_SitePaymentActivitiesView</uuid>
                        <uuid>{urn:com:appian:types:CTMS}CTMS_SiteAccessControl</uuid>
                        <uuid>{urn:com:appian:types:CTMS}CTMS_SiteAccessView</uuid>
                        <uuid>{urn:com:appian:types:CTMS}CTMS_InvestigatorAddress</uuid>
                        <uuid>{urn:com:appian:types:CTMS}CTMS_License</uuid>
                        <uuid>{urn:com:appian:types:CTMS}CTMS_SiteDocument</uuid>
                        <uuid>{urn:com:appian:types:CTMS}CTMS_SubjectStatus</uuid>
                        <uuid>{urn:com:appian:types:CTMS}CTMS_User</uuid>
                        <uuid>{urn:com:appian:types:CTMS}CTMS_ProtocolSiteList</uuid>
                        <uuid>{urn:com:appian:types:CTMS}CTMS_PaymentReportView</uuid>
                        <uuid>{urn:com:appian:types:CTMS}CTMS_SiteImage</uuid>
                        <uuid>{urn:com:appian:types:CTMS}CTMS_SiteAddress</uuid>
                        <uuid>{urn:com:appian:types:CTMS}CTMS_InvestigatorAddressesView</uuid>
                        <uuid>{urn:com:appian:types:CTMS}CTMS_CurrentRequestStep</uuid>
                        <uuid>{urn:com:appian:types:CTMS}CTMS_InvestigatorLicense</uuid>
                        <uuid>{urn:com:appian:types:CTMS}CTMS_SiteDocumentDetails</uuid>
                        <uuid>{urn:com:appian:types:CTMS}CTMS_complianceEmail</uuid>
                        <uuid>{urn:com:appian:types:CTMS}CTMS_PIPOInvestigatorLicense</uuid>
                    </uuids>
                </item>
                <item>
                    <type>dataStore</type>
                    <uuids>
                        <uuid>_a-0000dcd5-e7b4-8000-daab-640000640000_6413</uuid>
                        <uuid>_a-0000ddcb-815e-8000-daab-640000640000_18429</uuid>
                    </uuids>
                </item>
                <item>
                    <type>user</type>
                    <uuids/>
                </item>
                <item>
                    <type>groupType</type>
                    <uuids/>
                </item>
                <item>
                    <type>group</type>
                    <uuids>
                        <uuid>_e-0001dccd-fe85-8000-daa7-640000640000_67</uuid>
                        <uuid>_e-0000dd39-67e0-8000-daa7-640000640000_75</uuid>
                        <uuid>_e-0000dd39-67e0-8000-daa7-640000640000_77</uuid>
                        <uuid>_e-0000dd39-67e0-8000-daa7-640000640000_78</uuid>
                        <uuid>_e-0001dd4e-0437-8000-daa7-640000640000_86</uuid>
                        <uuid>_e-0000def6-d077-8000-9aee-01075c01075c_80</uuid>
                    </uuids>
                </item>
                <item>
                    <type>content</type>
                    <uuids>
                        <uuid>_a-0000dcd5-e7b4-8000-daab-640000640000_6391</uuid>
                        <uuid>_a-0000dcd5-e7b4-8000-daab-640000640000_6447</uuid>
                        <uuid>_a-0000dcd5-e7b4-8000-daab-640000640000_6431</uuid>
                        <uuid>_a-0000dcd5-e7b4-8000-daab-640000640000_6430</uuid>
                        <uuid>_a-0000dcd5-e7b4-8000-daab-640000640000_6429</uuid>
                        <uuid>2773beec-0945-4f1f-a981-d6e245df2d4e</uuid>
                        <uuid>22e18c7d-c28b-4615-96ec-c8eb58bf5f72</uuid>
                        <uuid>_a-0000dcd5-e7b4-8000-daab-640000640000_6353</uuid>
                        <uuid>_a-0000dcd5-e7b4-8000-daab-640000640000_6355</uuid>
                        <uuid>_a-0000dcd5-e7b4-8000-daab-640000640000_6358</uuid>
                        <uuid>_a-0000dcd5-e7b4-8000-daab-640000640000_6394</uuid>
                        <uuid>_a-0000dcd5-e7b4-8000-daab-640000640000_6351</uuid>
                        <uuid>_a-0000dcd5-e7b4-8000-daab-640000640000_6352</uuid>
                        <uuid>_a-0000dceb-92a1-8000-daab-640000640000_6475</uuid>
                        <uuid>_a-0000dceb-92a1-8000-daab-640000640000_6504</uuid>
                        <uuid>_a-0000dcd5-e7b4-8000-daab-640000640000_6354</uuid>
                        <uuid>2d9bd3e8-1fec-4b8e-bfdf-b08fa26eac5f</uuid>
                        <uuid>2b098053-ae74-4cc0-b0c2-2a9d1d9fd096</uuid>
                        <uuid>1ce433f7-6ac5-4ce3-9a4a-93c51952de92</uuid>
                        <uuid>feada343-e6ce-48f0-b935-5beef43e52c9</uuid>
                        <uuid>449d069e-8ce3-47b9-9bcf-ee97b32c9a2b</uuid>
                        <uuid>10ad9496-32f5-4a0b-bb90-53827544216e</uuid>
                        <uuid>38c0b0ce-9c91-480f-9ee6-eda722584131</uuid>
                        <uuid>_a-0000dcd5-e7b4-8000-daab-640000640000_6433</uuid>
                        <uuid>_a-0000dcd5-e7b4-8000-daab-640000640000_6434</uuid>
                        <uuid>_a-0000dcd5-e7b4-8000-daab-640000640000_6432</uuid>
                        <uuid>_a-0000dcfa-ab37-8000-daab-640000640000_6628</uuid>
                        <uuid>_a-0000dcfa-ab37-8000-daab-640000640000_6629</uuid>
                        <uuid>_a-0000dcfa-ab37-8000-daab-640000640000_6635</uuid>
                        <uuid>_a-0000dcfa-ab37-8000-daab-640000640000_6641</uuid>
                        <uuid>_a-0000dcfa-ab37-8000-daab-640000640000_6653</uuid>
                        <uuid>_a-0000dcfa-ab37-8000-daab-640000640000_6746</uuid>
                        <uuid>_a-0000dcfa-ab37-8000-daab-640000640000_6758</uuid>
                        <uuid>119ad6c1-c429-4d47-8e6b-255ff660d456</uuid>
                        <uuid>_a-0000dcfa-ab37-8000-daab-640000640000_6859</uuid>
                        <uuid>_a-0000dcfa-ab37-8000-daab-640000640000_6955</uuid>
                        <uuid>_a-0000dcfa-ab37-8000-daab-640000640000_6970</uuid>
                        <uuid>_a-0000dcfa-ab37-8000-daab-640000640000_6988</uuid>
                        <uuid>99fbaef6-d7e6-4300-ac33-54df6eb73bfd</uuid>
                        <uuid>_a-0000dcfa-ab37-8000-daab-640000640000_7023</uuid>
                        <uuid>_a-0000dcfa-ab37-8000-daab-640000640000_7030</uuid>
                        <uuid>8c526c12-f030-47b5-ba94-3b7b2fcd873b</uuid>
                        <uuid>_a-0000dcfa-ab37-8000-daab-640000640000_7119</uuid>
                        <uuid>_a-0000dcfa-ab37-8000-daab-640000640000_7127</uuid>
                        <uuid>_a-0000dcfa-ab37-8000-daab-640000640000_7144</uuid>
                        <uuid>_a-0000dcfa-ab37-8000-daab-640000640000_7164</uuid>
                        <uuid>_a-0000dcfa-ab37-8000-daab-640000640000_7168</uuid>
                        <uuid>_a-0000dcfa-ab37-8000-daab-640000640000_7210</uuid>
                        <uuid>_a-0000dcfa-ab37-8000-daab-640000640000_7214</uuid>
                        <uuid>_a-0000dcfa-ab37-8000-daab-640000640000_7219</uuid>
                        <uuid>_a-0000dcfa-ab37-8000-daab-640000640000_7256</uuid>
                        <uuid>_a-0000dd1f-71b0-8000-daab-640000640000_7319</uuid>
                        <uuid>675d167a-b9f7-42f4-97d7-7fc50085fced</uuid>
                        <uuid>_a-0000dd25-17fe-8000-daab-640000640000_10004</uuid>
                        <uuid>_a-0000dd26-de8a-8000-daab-640000640000_10086</uuid>
                        <uuid>_a-0000dd28-aefc-8000-daab-640000640000_10091</uuid>
                        <uuid>_a-0000dd28-e149-8000-daab-640000640000_10112</uuid>
                        <uuid>_a-0000dd28-e149-8000-daab-640000640000_10155</uuid>
                        <uuid>_a-0000dd28-e149-8000-daab-640000640000_10183</uuid>
                        <uuid>_a-0000dd28-e149-8000-daab-640000640000_10205</uuid>
                        <uuid>_a-0000dd28-e149-8000-daab-640000640000_10217</uuid>
                        <uuid>9c201a70-5414-4b4b-9190-1ef7bc20f93b</uuid>
                        <uuid>b3e9a8fd-8deb-4b66-a79e-277749cf7966</uuid>
                        <uuid>_a-0000dd3a-dada-8000-daab-640000640000_10883</uuid>
                        <uuid>_a-0000dd3a-dada-8000-daab-640000640000_10886</uuid>
                        <uuid>_a-0000dd3a-dada-8000-daab-640000640000_10916</uuid>
                        <uuid>_a-0000dd3a-dada-8000-daab-640000640000_10917</uuid>
                        <uuid>_a-0000dd3a-dada-8000-daab-640000640000_10921</uuid>
                        <uuid>_a-0000dd3a-dada-8000-daab-640000640000_10928</uuid>
                        <uuid>_a-0000dd3a-dada-8000-daab-640000640000_10931</uuid>
                        <uuid>_a-0000dd3a-dada-8000-daab-640000640000_10938</uuid>
                        <uuid>_a-0000dd3a-dada-8000-daab-640000640000_10986</uuid>
                        <uuid>_a-0000dd3a-dada-8000-daab-640000640000_10990</uuid>
                        <uuid>_a-0000dd3a-dada-8000-daab-640000640000_10991</uuid>
                        <uuid>_a-0000dd3a-dada-8000-daab-640000640000_10993</uuid>
                        <uuid>_a-0000dd3a-dada-8000-daab-640000640000_11004</uuid>
                        <uuid>_a-0000dd3a-dada-8000-daab-640000640000_11007</uuid>
                        <uuid>_a-0000dd3a-dada-8000-daab-640000640000_11012</uuid>
                        <uuid>_a-0000dd3a-dada-8000-daab-640000640000_11014</uuid>
                        <uuid>_a-0000dd3a-dada-8000-daab-640000640000_11015</uuid>
                        <uuid>_a-0000dd3a-dada-8000-daab-640000640000_11022</uuid>
                        <uuid>_a-0000dd3a-dada-8000-daab-640000640000_11107</uuid>
                        <uuid>_a-0000dd3a-dada-8000-daab-640000640000_11225</uuid>
                        <uuid>_a-0000dd3a-dada-8000-daab-640000640000_11228</uuid>
                        <uuid>_a-0000dd3a-dada-8000-daab-640000640000_11282</uuid>
                        <uuid>_a-0000dd3a-dada-8000-daab-640000640000_11299</uuid>
                        <uuid>_a-0000dd3a-dada-8000-daab-640000640000_11306</uuid>
                        <uuid>_a-0000dd3a-dada-8000-daab-640000640000_11320</uuid>
                        <uuid>_a-0000dd3a-dada-8000-daab-640000640000_11355</uuid>
                        <uuid>_a-0000dd3a-dada-8000-daab-640000640000_11379</uuid>
                        <uuid>_a-0000dd3a-dada-8000-daab-640000640000_11381</uuid>
                        <uuid>_a-0000dd3a-dada-8000-daab-640000640000_11388</uuid>
                        <uuid>_a-0000dd3a-dada-8000-daab-640000640000_11389</uuid>
                        <uuid>_a-0000dd3a-dada-8000-daab-640000640000_11394</uuid>
                        <uuid>_a-0000dd3a-dada-8000-daab-640000640000_11414</uuid>
                        <uuid>_a-0000dd3a-dada-8000-daab-640000640000_11417</uuid>
                        <uuid>_a-0000dd3a-dada-8000-daab-640000640000_11421</uuid>
                        <uuid>_a-0000dd3a-dada-8000-daab-640000640000_11447</uuid>
                        <uuid>_a-0000dd3a-dada-8000-daab-640000640000_11574</uuid>
                        <uuid>_a-0000dd3a-dada-8000-daab-640000640000_11587</uuid>
                        <uuid>_a-0000dd3a-dada-8000-daab-640000640000_13596</uuid>
                        <uuid>_a-0000dd4f-0404-8000-daab-640000640000_16503</uuid>
                        <uuid>_a-0000dd4f-0404-8000-daab-640000640000_16505</uuid>
                        <uuid>_a-0000dd4f-0404-8000-daab-640000640000_16518</uuid>
                        <uuid>_a-0000dd4f-0404-8000-daab-640000640000_16525</uuid>
                        <uuid>_a-0000dd4f-0404-8000-daab-640000640000_16530</uuid>
                        <uuid>_a-0000dd4f-0404-8000-daab-640000640000_16532</uuid>
                        <uuid>_a-0000dd4f-0404-8000-daab-640000640000_16579</uuid>
                        <uuid>_a-0000dd4f-0404-8000-daab-640000640000_16583</uuid>
                        <uuid>_a-0000dd4f-0404-8000-daab-640000640000_16593</uuid>
                        <uuid>_a-0000dd4f-0404-8000-daab-640000640000_16600</uuid>
                        <uuid>ae7fc2b7-0da2-43af-aa2b-f678bf8bcbc1</uuid>
                        <uuid>_a-0000dd4f-0404-8000-daab-640000640000_16712</uuid>
                        <uuid>_a-0000dd4f-0404-8000-daab-640000640000_16715</uuid>
                        <uuid>_a-0000dd4f-0404-8000-daab-640000640000_16720</uuid>
                        <uuid>_a-0000dd4f-0404-8000-daab-640000640000_16722</uuid>
                        <uuid>_a-0000dd4f-0404-8000-daab-640000640000_16805</uuid>
                        <uuid>99df99be-cd03-43fd-ac41-253a6a2d40e8</uuid>
                        <uuid>_a-0000dcfa-ab37-8000-daab-640000640000_7292</uuid>
                        <uuid>_a-0000dd1f-71b0-8000-daab-640000640000_7305</uuid>
                        <uuid>_a-0000dd25-2c63-8000-daab-640000640000_10028</uuid>
                        <uuid>_a-0000dd25-2c63-8000-daab-640000640000_10030</uuid>
                        <uuid>_a-0000dd25-2c63-8000-daab-640000640000_10033</uuid>
                        <uuid>_a-0000dd25-2c63-8000-daab-640000640000_10019</uuid>
                        <uuid>_a-0000dd3a-dada-8000-daab-640000640000_11171</uuid>
                        <uuid>30601f19-d155-4551-abfe-f83286eae862</uuid>
                        <uuid>_a-0000dd4f-0404-8000-daab-640000640000_16757</uuid>
                        <uuid>d8fd0da7-b3d9-4831-999a-9530d4f8f370</uuid>
                        <uuid>_a-0000dcfa-ab37-8000-daab-640000640000_7196</uuid>
                        <uuid>_a-0000dd25-2c63-8000-daab-640000640000_10013</uuid>
                        <uuid>_a-0000dd4f-0404-8000-daab-640000640000_16755</uuid>
                        <uuid>_a-0000dcfa-ab37-8000-daab-640000640000_6917</uuid>
                        <uuid>_a-0000ddcb-815e-8000-daab-640000640000_18378</uuid>
                        <uuid>_a-0000ddcb-815e-8000-daab-640000640000_18391</uuid>
                        <uuid>_a-0000ddcb-815e-8000-daab-640000640000_18394</uuid>
                        <uuid>_a-0000ddcb-815e-8000-daab-640000640000_18400</uuid>
                        <uuid>_a-0000ddcb-815e-8000-daab-640000640000_18401</uuid>
                        <uuid>_a-0000ddcb-815e-8000-daab-640000640000_18351</uuid>
                        <uuid>_a-0000ddcb-815e-8000-daab-640000640000_18356</uuid>
                        <uuid>_a-0000ddcb-815e-8000-daab-640000640000_18358</uuid>
                        <uuid>_a-0000ddcb-815e-8000-daab-640000640000_18373</uuid>
                        <uuid>_a-0000ddcb-815e-8000-daab-640000640000_18375</uuid>
                        <uuid>_a-0000ddcb-815e-8000-daab-640000640000_18377</uuid>
                        <uuid>_a-0000ddcb-815e-8000-daab-640000640000_18383</uuid>
                        <uuid>_a-0000ddcb-815e-8000-daab-640000640000_18385</uuid>
                        <uuid>_a-0000ddcb-815e-8000-daab-640000640000_18388</uuid>
                        <uuid>_a-0000ddcb-815e-8000-daab-640000640000_18402</uuid>
                        <uuid>_a-0000ddcb-815e-8000-daab-640000640000_18403</uuid>
                        <uuid>_a-0000ddcb-815e-8000-daab-640000640000_18404</uuid>
                        <uuid>_a-0000ddcb-815e-8000-daab-640000640000_18405</uuid>
                        <uuid>_a-0000ddcb-815e-8000-daab-640000640000_18406</uuid>
                        <uuid>_a-0000ddcb-815e-8000-daab-640000640000_18407</uuid>
                        <uuid>_a-0000ddcb-815e-8000-daab-640000640000_18410</uuid>
                        <uuid>_a-0000ddcb-815e-8000-daab-640000640000_18423</uuid>
                        <uuid>_a-0000ddcb-815e-8000-daab-640000640000_18424</uuid>
                        <uuid>_a-0000ddcb-815e-8000-daab-640000640000_18425</uuid>
                        <uuid>_a-0000ddcb-815e-8000-daab-640000640000_18428</uuid>
                        <uuid>_a-0000ddcb-815e-8000-daab-640000640000_18435</uuid>
                        <uuid>_a-0000ddcb-815e-8000-daab-640000640000_18438</uuid>
                        <uuid>_a-0000ddcb-815e-8000-daab-640000640000_18443</uuid>
                        <uuid>_a-0000ddcb-815e-8000-daab-640000640000_18446</uuid>
                        <uuid>_a-0000ddcb-815e-8000-daab-640000640000_18450</uuid>
                        <uuid>_a-0000ddcb-815e-8000-daab-640000640000_18455</uuid>
                        <uuid>_a-0000ddcb-815e-8000-daab-640000640000_18459</uuid>
                        <uuid>_a-0000ddcb-815e-8000-daab-640000640000_18464</uuid>
                        <uuid>_a-0000ddcc-a4d5-8000-daab-640000640000_18469</uuid>
                        <uuid>_a-0000ddcc-a4d5-8000-daab-640000640000_18473</uuid>
                        <uuid>_a-0000ddcc-a4d5-8000-daab-640000640000_18479</uuid>
                        <uuid>_a-0000ddcc-a4d5-8000-daab-640000640000_18484</uuid>
                        <uuid>_a-0000ddcc-a4d5-8000-daab-640000640000_18487</uuid>
                        <uuid>_a-0000ddcc-a4d5-8000-daab-640000640000_18492</uuid>
                        <uuid>_a-0000ddcc-a4d5-8000-daab-640000640000_18494</uuid>
                        <uuid>_a-0000ddcc-a4d5-8000-daab-640000640000_18500</uuid>
                        <uuid>_a-0000ddcc-a4d5-8000-daab-640000640000_18526</uuid>
                        <uuid>_a-0000ddcc-a4d5-8000-daab-640000640000_18528</uuid>
                        <uuid>_a-0000ddcb-815e-8000-daab-640000640000_18343</uuid>
                        <uuid>_a-0000ddcb-815e-8000-daab-640000640000_18344</uuid>
                        <uuid>_a-0000ddcb-815e-8000-daab-640000640000_18345</uuid>
                        <uuid>_a-0000ddec-5998-8000-daab-640000640000_18541</uuid>
                        <uuid>_a-0000ddf1-7abf-8000-daab-640000640000_21220</uuid>
                        <uuid>_a-0000ddf1-7abf-8000-daab-640000640000_21221</uuid>
                        <uuid>_a-0000ddf1-7abf-8000-daab-640000640000_21225</uuid>
                        <uuid>_a-0000ddf1-7abf-8000-daab-640000640000_21230</uuid>
                        <uuid>_a-0000ddf1-7abf-8000-daab-640000640000_21232</uuid>
                        <uuid>_a-0000ddf1-7abf-8000-daab-640000640000_21247</uuid>
                        <uuid>_a-0000ddf1-7abf-8000-daab-640000640000_21272</uuid>
                        <uuid>_a-0000ddf1-7abf-8000-daab-640000640000_21366</uuid>
                        <uuid>_a-0000ddf1-7abf-8000-daab-640000640000_21384</uuid>
                        <uuid>_a-0000ddf1-7abf-8000-daab-640000640000_21524</uuid>
                        <uuid>_a-0000ddf1-7abf-8000-daab-640000640000_21589</uuid>
                        <uuid>_a-0000ddf1-7abf-8000-daab-640000640000_21595</uuid>
                        <uuid>_a-0000ddf1-7abf-8000-daab-640000640000_21606</uuid>
                        <uuid>_a-0000ddf1-7abf-8000-daab-640000640000_21608</uuid>
                        <uuid>_a-0000ddf1-7abf-8000-daab-640000640000_21611</uuid>
                        <uuid>_a-0000ddf1-7abf-8000-daab-640000640000_21612</uuid>
                        <uuid>_a-0000ddf1-7abf-8000-daab-640000640000_21701</uuid>
                        <uuid>_a-0000ddf1-7abf-8000-daab-640000640000_21702</uuid>
                        <uuid>_a-0000ddf1-7abf-8000-daab-640000640000_21704</uuid>
                        <uuid>_a-0000ddf1-7abf-8000-daab-640000640000_21744</uuid>
                        <uuid>_a-0000ddf1-7abf-8000-daab-640000640000_21749</uuid>
                        <uuid>_a-0000ddf1-7abf-8000-daab-640000640000_21804</uuid>
                        <uuid>_a-0000ddf1-7abf-8000-daab-640000640000_21805</uuid>
                        <uuid>_a-0000dcfa-ab37-8000-daab-640000640000_6918</uuid>
                        <uuid>_a-0000dcd5-e7b4-8000-daab-640000640000_6357</uuid>
                        <uuid>_a-0000ddf1-7abf-8000-daab-640000640000_21500</uuid>
                        <uuid>_a-0000def6-d094-8000-9ba2-011c48011c48_36359</uuid>
                        <uuid>_a-0000def6-d094-8000-9ba2-011c48011c48_36388</uuid>
                        <uuid>_a-0000def6-d094-8000-9ba2-011c48011c48_36519</uuid>
                        <uuid>_a-0000def6-d094-8000-9ba2-011c48011c48_36522</uuid>
                        <uuid>_a-0000def6-d094-8000-9ba2-011c48011c48_36780</uuid>
                        <uuid>_a-0000def6-d094-8000-9ba2-011c48011c48_36845</uuid>
                        <uuid>_a-0000def6-d094-8000-9ba2-011c48011c48_36846</uuid>
                        <uuid>_a-0000def6-d094-8000-9ba2-011c48011c48_36848</uuid>
                        <uuid>_a-0000def6-d094-8000-9ba2-011c48011c48_37089</uuid>
                        <uuid>_a-0000def6-d094-8000-9ba2-011c48011c48_37090</uuid>
                        <uuid>_a-0000def6-d094-8000-9ba2-011c48011c48_37092</uuid>
                        <uuid>_a-0000def6-d094-8000-9ba2-011c48011c48_37096</uuid>
                        <uuid>_a-0000def6-d094-8000-9ba2-011c48011c48_37098</uuid>
                        <uuid>_a-0000def6-d094-8000-9ba2-011c48011c48_37105</uuid>
                        <uuid>_a-0000def6-d094-8000-9ba2-011c48011c48_37112</uuid>
                        <uuid>_a-0000def6-d094-8000-9ba2-011c48011c48_37122</uuid>
                        <uuid>_a-0000def6-d094-8000-9ba2-011c48011c48_37124</uuid>
                        <uuid>_a-0000def6-d094-8000-9ba2-011c48011c48_37130</uuid>
                        <uuid>bc61ffa9-e060-477a-8783-7c6cec2ec915</uuid>
                        <uuid>_a-0000def6-d094-8000-9ba2-011c48011c48_37137</uuid>
                        <uuid>_a-0000def6-d094-8000-9ba2-011c48011c48_37148</uuid>
                        <uuid>ac73982e-f701-4b17-86f6-2d9a117c0ca7</uuid>
                        <uuid>_a-0000def6-d094-8000-9ba2-011c48011c48_37303</uuid>
                        <uuid>_a-0000def6-d094-8000-9ba2-011c48011c48_37319</uuid>
                        <uuid>_a-0000def6-d094-8000-9ba2-011c48011c48_37335</uuid>
                        <uuid>_a-0000def6-d094-8000-9ba2-011c48011c48_39065</uuid>
                        <uuid>_a-0000def6-d094-8000-9ba2-011c48011c48_39083</uuid>
                        <uuid>_a-0000def6-d094-8000-9ba2-011c48011c48_39101</uuid>
                        <uuid>_a-0000def6-d094-8000-9ba2-011c48011c48_39163</uuid>
                        <uuid>_a-0000def6-d094-8000-9ba2-011c48011c48_39169</uuid>
                        <uuid>_a-0000def6-d094-8000-9ba2-011c48011c48_39385</uuid>
                        <uuid>_a-0000def6-d094-8000-9ba2-011c48011c48_39427</uuid>
                        <uuid>95b86a62-465f-47f8-b3a7-5089427b76ba</uuid>
                        <uuid>54d353dc-88ae-4aa3-952d-70b3b82a9e0e</uuid>
                        <uuid>_a-0000def6-d094-8000-9ba2-011c48011c48_39557</uuid>
                        <uuid>_a-0000def6-d094-8000-9ba2-011c48011c48_39703</uuid>
                        <uuid>_a-0000def6-d094-8000-9ba2-011c48011c48_39705</uuid>
                        <uuid>_a-0000def6-d094-8000-9ba2-011c48011c48_40542</uuid>
                        <uuid>_a-0000df6a-d82f-8000-9ba2-011c48011c48_104545</uuid>
                        <uuid>_a-0000df6a-d82f-8000-9ba2-011c48011c48_104553</uuid>
                        <uuid>_a-0000def6-d094-8000-9ba2-011c48011c48_36507</uuid>
                        <uuid>_a-0000def6-d094-8000-9ba2-011c48011c48_37302</uuid>
                        <uuid>_a-0000def6-d094-8000-9ba2-011c48011c48_39547</uuid>
                        <uuid>_a-0000def6-d094-8000-9ba2-011c48011c48_39548</uuid>
                        <uuid>_a-0000def6-d094-8000-9ba2-011c48011c48_39549</uuid>
                    </uuids>
                </item>
                <item>
                    <type>forum</type>
                    <uuids/>
                </item>
                <item>
                    <type>processModelFolder</type>
                    <uuids>
                        <uuid>_g-0001dccd-fe85-8000-daab-640000640000_25</uuid>
                    </uuids>
                </item>
                <item>
                    <type>processModel</type>
                    <uuids>
                        <uuid>0002dcde-0a88-8000-daab-640000640000</uuid>
                        <uuid>0002dd1d-52b5-8000-daab-640000640000</uuid>
                        <uuid>0002dd1f-8c2d-8000-daab-640000640000</uuid>
                        <uuid>0005dd28-b287-8000-daab-640000640000</uuid>
                        <uuid>0002dd43-122b-8000-daab-640000640000</uuid>
                        <uuid>0007dd45-f096-8000-daab-640000640000</uuid>
                        <uuid>0006dd55-f2b7-8000-daab-640000640000</uuid>
                        <uuid>0005dd46-1971-8000-daab-640000640000</uuid>
                        <uuid>0002df1a-6c1d-8000-f92f-7f0000014e7a</uuid>
                        <uuid>0002df1a-7308-8000-f92f-7f0000014e7a</uuid>
                        <uuid>0002df1e-192c-8000-f92f-7f0000014e7a</uuid>
                        <uuid>0002df1e-1c32-8000-f92f-7f0000014e7a</uuid>
                        <uuid>0002df2c-7999-8000-f92f-7f0000014e7a</uuid>
                        <uuid>0002df32-4e9e-8000-f92f-7f0000014e7a</uuid>
                        <uuid>0002df35-9e18-8000-f92f-7f0000014e7a</uuid>
                        <uuid>0006df48-065d-8000-f92f-7f0000014e7a</uuid>
                        <uuid>0002df59-7818-8000-f92f-7f0000014e7a</uuid>
                        <uuid>000edf5b-d454-8000-f92f-7f0000014e7a</uuid>
                        <uuid>0007df5b-dcd5-8000-f92f-7f0000014e7a</uuid>
                    </uuids>
                </item>
                <item>
                    <type>portlet</type>
                    <uuids/>
                </item>
                <item>
                    <type>page</type>
                    <uuids/>
                </item>
                <item>
                    <type>application</type>
                    <uuids/>
                </item>
                <item>
                    <type>tempoFeed</type>
                    <uuids/>
                </item>
                <item>
                    <type>recordType</type>
                    <uuids>
                        <uuid>cd6cb4e3-13ad-4f29-9ccd-3bdb70f9a89c</uuid>
                        <uuid>ba203ca9-b15a-4ff5-b17c-7ba82c32305b</uuid>
                        <uuid>aef32ad6-a6e0-4fd1-8d45-2b5a348372c8</uuid>
                        <uuid>d644da8c-894b-4b1b-9f7a-6f8bfdd8c54a</uuid>
                        <uuid>a2ae5eaf-9a4c-4811-bb2e-b10fa87ece91</uuid>
                        <uuid>89e0bf31-feee-4217-b91e-7cd322753b05</uuid>
                    </uuids>
                </item>
                <item>
                    <type>tempoReport</type>
                    <uuids>
                        <uuid>8bcc5d58-4ce1-4a6c-8d61-ea5cee848880</uuid>
                    </uuids>
                </item>
                <item>
                    <type>taskReport</type>
                    <uuids>
                        <uuid>5968e208-067e-4564-8bd6-4db1c97a6bda</uuid>
                    </uuids>
                </item>
                <item>
                    <type>webApi</type>
                    <uuids/>
                </item>
                <item>
                    <type>site</type>
                    <uuids>
                        <uuid>3d512fdb-92d4-4d6b-80ab-471445391145</uuid>
                    </uuids>
                </item>
                <item>
                    <type>adminSetting</type>
                    <uuids/>
                </item>
                <item>
                    <type>thirdPartyCredentials</type>
                    <uuids/>
                </item>
                <item>
                    <type>dataSource</type>
                    <uuids/>
                </item>
                <item>
                    <type>embeddedSailTheme</type>
                    <uuids/>
                </item>
                <item>
                    <type>connectedSystem</type>
                    <uuids/>
                </item>
            </globalIdMap>
        </associatedObjects>
        <applicationNavigation/>
        <applicationActions>
            <action>
                <displayLabel>Update My Record</displayLabel>
                <description>Update My CTMS user Profile </description>
                <processModelUuid>0002dcde-0a88-8000-daab-640000640000</processModelUuid>
                <actionUuid>2e3689b0-6779-4733-8a19-24d629265c74</actionUuid>
            </action>
        </applicationActions>
        <associatedApplications>
            <globalIdMap>
                <item>
                    <type>datatype</type>
                    <uuids/>
                </item>
                <item>
                    <type>dataStore</type>
                    <uuids/>
                </item>
                <item>
                    <type>user</type>
                    <uuids/>
                </item>
                <item>
                    <type>groupType</type>
                    <uuids/>
                </item>
                <item>
                    <type>group</type>
                    <uuids/>
                </item>
                <item>
                    <type>content</type>
                    <uuids/>
                </item>
                <item>
                    <type>forum</type>
                    <uuids/>
                </item>
                <item>
                    <type>processModelFolder</type>
                    <uuids/>
                </item>
                <item>
                    <type>processModel</type>
                    <uuids/>
                </item>
                <item>
                    <type>portlet</type>
                    <uuids/>
                </item>
                <item>
                    <type>page</type>
                    <uuids/>
                </item>
                <item>
                    <type>application</type>
                    <uuids/>
                </item>
                <item>
                    <type>tempoFeed</type>
                    <uuids/>
                </item>
                <item>
                    <type>recordType</type>
                    <uuids/>
                </item>
                <item>
                    <type>tempoReport</type>
                    <uuids/>
                </item>
                <item>
                    <type>taskReport</type>
                    <uuids/>
                </item>
                <item>
                    <type>webApi</type>
                    <uuids/>
                </item>
                <item>
                    <type>site</type>
                    <uuids/>
                </item>
                <item>
                    <type>adminSetting</type>
                    <uuids/>
                </item>
                <item>
                    <type>thirdPartyCredentials</type>
                    <uuids/>
                </item>
                <item>
                    <type>dataSource</type>
                    <uuids/>
                </item>
                <item>
                    <type>embeddedSailTheme</type>
                    <uuids/>
                </item>
                <item>
                    <type>connectedSystem</type>
                    <uuids/>
                </item>
            </globalIdMap>
        </associatedApplications>
    </application>
    <roleMap>
        <contentRoleMap public="true">
            <role inherit="false" allowForAll="false" name="readers">
                <users/>
                <groups>
                    <groupUuid>_e-0001dccd-fe85-8000-daa7-640000640000_67</groupUuid>
                </groups>
            </role>
            <role inherit="false" allowForAll="false" name="authors">
                <users/>
                <groups/>
            </role>
            <role inherit="false" allowForAll="false" name="administrators">
                <users/>
                <groups>
                    <groupUuid>_e-0000dd39-67e0-8000-daa7-640000640000_75</groupUuid>
                </groups>
            </role>
            <role inherit="false" allowForAll="false" name="denyReaders">
                <users/>
                <groups/>
            </role>
            <role inherit="false" allowForAll="false" name="denyAuthors">
                <users/>
                <groups/>
            </role>
            <role inherit="false" allowForAll="false" name="denyAdministrators">
                <users/>
                <groups/>
            </role>
        </contentRoleMap>
    </roleMap>
    <history>
        <historyInfo versionUuid="_a-0000df6a-d82f-8000-9ba2-011c48011c48_104558"/>
        <historyInfo versionUuid="_a-0000df6a-d82f-8000-9ba2-011c48011c48_112625"/>
        <historyInfo versionUuid="_a-0000df6a-d82f-8000-9ba2-011c48011c48_112632"/>
        <historyInfo versionUuid="_a-0000df6a-d82f-8000-9ba2-011c48011c48_112645"/>
    </history>
</applicationHaul>
