<?xml version="1.0" encoding="UTF-8" standalone="yes"?>
<tempoReportHaul xmlns:a="http://www.appian.com/ae/types/2009">
    <tempoReport a:uuid="6bd2b4d3-8cfc-4a35-98f6-9916bebdfe22" name="Contract Modifications Pipeline Dashboard">
        <a:description>Consolidated data concerning contract modifications</a:description>
        <a:uiExpr>=#"_a-0000df0b-b44d-8000-9ba2-011c48011c48_19521"()</a:uiExpr>
        <a:urlStub>VjD75A</a:urlStub>
    </tempoReport>
    <roleMap>
        <role name="report_administrator">
            <users/>
            <groups>
                <groupUuid>_e-0000def3-0203-8000-9aee-01075c01075c_10</groupUuid>
            </groups>
        </role>
        <role name="report_viewer">
            <users/>
            <groups>
                <groupUuid>_e-0000df0b-b424-8000-9aee-01075c01075c_56</groupUuid>
            </groups>
        </role>
        <role name="report_editor">
            <users/>
            <groups>
                <groupUuid>_e-0000df4f-3e02-8000-9aee-01075c01075c_63</groupUuid>
                <groupUuid>_e-0000df0b-b424-8000-9aee-01075c01075c_57</groupUuid>
            </groups>
        </role>
    </roleMap>
</tempoReportHaul>
