<?xml version="1.0" encoding="UTF-8" standalone="yes"?>
<tempoReportHaul xmlns:a="http://www.appian.com/ae/types/2009">
    <tempoReport a:uuid="b3d5bd44-63e8-450d-9245-bedb59927710" name="Contract Modification Dashboard">
        <a:description>Audit history for change notice</a:description>
        <a:uiExpr>=#"_a-0000df0b-b44d-8000-9ba2-011c48011c48_19518"()</a:uiExpr>
        <a:urlStub>KYYxLA</a:urlStub>
    </tempoReport>
    <roleMap>
        <role name="report_administrator">
            <users/>
            <groups>
                <groupUuid>_e-0000def3-0203-8000-9aee-01075c01075c_10</groupUuid>
            </groups>
        </role>
        <role name="report_editor">
            <users/>
            <groups>
                <groupUuid>_e-0000df4f-3e02-8000-9aee-01075c01075c_63</groupUuid>
            </groups>
        </role>
    </roleMap>
</tempoReportHaul>
