<?xml version="1.0" encoding="UTF-8" standalone="yes"?>
<recordTypeHaul xmlns:a="http://www.appian.com/ae/types/2009">
    <versionUuid>92687652-aff2-4e67-84ba-e85af111e30c</versionUuid>
    <recordType a:uuid="91ff313f-ded5-4775-8f1f-7fc13b427482" name="Product">
        <a:pluralName>Products</a:pluralName>
        <a:description>Spirit AeroSystem products</a:description>
        <a:urlStub>2xeckg</a:urlStub>
        <a:source xmlns:xsi="http://www.w3.org/2001/XMLSchema-instance" xsi:type="a:DataStoreEntity" a:uuid="fb6874cd-47b8-4868-93ec-533e965038d3@_a-0000dee6-acf9-8000-9ba2-011c48011c48_7300"/>
        <a:listViewTemplateExpr>#"SYSTEM_SYSRULES_recordGridLayoutColumns"(
  columns: {
    #"SYSTEM_SYSRULES_gridLayoutColumn"(
      label: "Description",
      field: "productDescription",
      component: #"SYSTEM_SYSRULES_recordGrid_linkField"(
        links: #"SYSTEM_SYSRULES_recordLink"(
          label: rf!productDescription,
          recordType: rp!type,
          identifier: rp!id
        )
      )
    )
  },
  pageSize: 50,
  defaultSort: #"SYSTEM_SYSRULES_sortInfo"(
    field: "productDescription",
    ascending: fn!true()
  )
)</a:listViewTemplateExpr>
        <a:detailViewCfg>
            <a:nameExpr>="Summary"</a:nameExpr>
            <a:uiExpr></a:uiExpr>
            <a:visibilityExpr>=true()</a:visibilityExpr>
            <a:urlStub>summary</a:urlStub>
            <a:headerExpr></a:headerExpr>
        </a:detailViewCfg>
        <a:isSystem>false</a:isSystem>
        <a:dataSrcExpr></a:dataSrcExpr>
        <a:facetsListExpr></a:facetsListExpr>
        <a:titleExpr>rf!productDescription</a:titleExpr>
        <a:defaultFiltersExpr></a:defaultFiltersExpr>
        <a:layoutType>GRID</a:layoutType>
        <a:security>16383</a:security>
        <a:hideLatestNews>false</a:hideLatestNews>
    </recordType>
    <roleMap/>
    <history>
        <historyInfo versionUuid="92687652-aff2-4e67-84ba-e85af111e30c"/>
    </history>
</recordTypeHaul>
