<?xml version="1.0" encoding="UTF-8" standalone="yes"?>
<recordTypeHaul xmlns:a="http://www.appian.com/ae/types/2009">
    <versionUuid>156a1f11-ff0c-4c06-b11e-95eacb096d3e</versionUuid>
    <recordType a:uuid="93977630-f1b4-4d16-9c21-fd29300c9a13" name="Contract">
        <a:pluralName>Contracts</a:pluralName>
        <a:description>Record for contracts within the organization</a:description>
        <a:urlStub>5Dwi2g</a:urlStub>
        <a:source xmlns:xsi="http://www.w3.org/2001/XMLSchema-instance" xsi:type="a:DataStoreEntity" a:uuid="65db9a56-fc04-4e02-b833-ff009e08a83a@_a-0000dee6-acf9-8000-9ba2-011c48011c48_7300"/>
        <a:listViewTemplateExpr>#"SYSTEM_SYSRULES_recordGridLayoutColumns"(
  columns: {
    #"SYSTEM_SYSRULES_gridLayoutColumn"(
      label: "Contract Title",
      field: "contractTitle",
      component: #"SYSTEM_SYSRULES_recordGrid_linkField"(
        links: #"SYSTEM_SYSRULES_recordLink"(
          label: rf!contractTitle,
          recordType: rp!type,
          identifier: rp!id
        )
      )
    ),
    #"SYSTEM_SYSRULES_gridLayoutColumn"(
      label: "Contract Status",
      field: "contractStatus",
      component: #"SYSTEM_SYSRULES_recordGrid_textField"(
        displayValue: rf!contractStatus,
        align: null
      )
    ),
    #"SYSTEM_SYSRULES_gridLayoutColumn"(
      label: "Contract Type",
      field: "contractType",
      component: #"SYSTEM_SYSRULES_recordGrid_textField"(
        displayValue: rf!contractType,
        align: null
      )
    ),
    #"SYSTEM_SYSRULES_gridLayoutColumn"(
      label: "Contract Amount",
      field: "contractAmount",
      component: #"SYSTEM_SYSRULES_recordGrid_textField"(
        displayvalue: dollar(tostring(rf!contractAmount))
      )
    ),
    #"SYSTEM_SYSRULES_gridLayoutColumn"(
      label: "Customer",
      field: "customerId",
      component: #"SYSTEM_SYSRULES_recordGrid_textField"(
        displayvalue: #"_a-0000def3-0227-8000-9ba2-011c48011c48_10896"(rf!customerId)
      )
    ),
    #"SYSTEM_SYSRULES_gridLayoutColumn"(
      label: "Status",
      width: "DISTRIBUTE",
      component: #"SYSTEM_SYSRULES_recordGrid_textField"(
        displayvalue: rf!contractStatus
      )
    )
  },
  pageSize: 50,
  defaultSort: #"SYSTEM_SYSRULES_sortInfo"(
    field: "contractTitle",
    ascending: fn!true()
  )
)</a:listViewTemplateExpr>
        <a:detailViewCfg>
            <a:nameExpr>="Summary"</a:nameExpr>
            <a:uiExpr>#"_a-0000df0b-b44d-8000-9ba2-011c48011c48_19542"(null, #"571fac17-e2ad-41e6-b60a-2c6295469786"(rf!contractId), "",false,null)</a:uiExpr>
            <a:visibilityExpr>=true()</a:visibilityExpr>
            <a:urlStub>summary</a:urlStub>
            <a:headerExpr></a:headerExpr>
            <a:relatedActionCfg>549e05a4-26b1-4ca2-b03c-54bd98dc2f6f</a:relatedActionCfg>
        </a:detailViewCfg>
        <a:detailViewCfg>
            <a:nameExpr>"Contract Modifications"</a:nameExpr>
            <a:uiExpr>=#"_a-0000df0b-b44d-8000-9ba2-011c48011c48_19529"(
  contractId: rf!contractId,
  selectable: false,
  selected: null
)</a:uiExpr>
            <a:visibilityExpr>=true()</a:visibilityExpr>
            <a:urlStub>_gFD51A</a:urlStub>
            <a:headerExpr></a:headerExpr>
            <a:relatedActionCfg>549e05a4-26b1-4ca2-b03c-54bd98dc2f6f</a:relatedActionCfg>
        </a:detailViewCfg>
        <a:detailViewCfg>
            <a:nameExpr>"Contract Documents"</a:nameExpr>
            <a:uiExpr>#"_a-0000def3-0227-8000-9ba2-011c48011c48_10563"(rf!contractId)</a:uiExpr>
            <a:visibilityExpr>=true()</a:visibilityExpr>
            <a:urlStub>_4Xa-MQ</a:urlStub>
            <a:headerExpr></a:headerExpr>
            <a:relatedActionCfg>549e05a4-26b1-4ca2-b03c-54bd98dc2f6f</a:relatedActionCfg>
        </a:detailViewCfg>
        <a:relatedActionCfg>
            <a:target xmlns:xsi="http://www.w3.org/2001/XMLSchema-instance" xsi:type="a:ProcessModel" a:uuid="0024df49-7501-8000-f92f-7f0000014e7a"/>
            <a:contextExpr>{
  contractId: rf!contractId /* Number (Integer) */
}</a:contextExpr>
            <a:visibilityExpr>=true()</a:visibilityExpr>
            <a:iconId>f0e7</a:iconId>
            <a:refId>549e05a4-26b1-4ca2-b03c-54bd98dc2f6f</a:refId>
        </a:relatedActionCfg>
        <a:isSystem>false</a:isSystem>
        <a:dataSrcExpr></a:dataSrcExpr>
        <a:facetsListExpr></a:facetsListExpr>
        <a:titleExpr>rf!contractTitle</a:titleExpr>
        <a:defaultFiltersExpr></a:defaultFiltersExpr>
        <a:layoutType>GRID</a:layoutType>
        <a:security>16383</a:security>
        <a:hideLatestNews>false</a:hideLatestNews>
    </recordType>
    <roleMap>
        <role name="record_type_administrator">
            <users/>
            <groups>
                <groupUuid>_e-0000def3-0203-8000-9aee-01075c01075c_10</groupUuid>
            </groups>
        </role>
        <role name="record_type_viewer">
            <users/>
            <groups>
                <groupUuid>_e-0000df0b-b424-8000-9aee-01075c01075c_55</groupUuid>
            </groups>
        </role>
    </roleMap>
    <history>
        <historyInfo versionUuid="10812663-56ab-4fbb-a1db-4b90017e8399"/>
        <historyInfo versionUuid="156a1f11-ff0c-4c06-b11e-95eacb096d3e"/>
    </history>
</recordTypeHaul>
