<?xml version="1.0" encoding="UTF-8" standalone="yes"?>
<recordTypeHaul xmlns:a="http://www.appian.com/ae/types/2009">
    <versionUuid>3f6864d3-4e8b-416a-af37-aa5dd2c268cf</versionUuid>
    <recordType a:uuid="959dd65c-e597-4d00-aab1-677106b92df5" name="Document">
        <a:pluralName>Documents</a:pluralName>
        <a:description>Record system for contract documents</a:description>
        <a:urlStub>7NBK2g</a:urlStub>
        <a:source xmlns:xsi="http://www.w3.org/2001/XMLSchema-instance" xsi:type="a:DataStoreEntity" a:uuid="02f9c235-e41a-4734-9282-c617ae06467d@_a-0000dee6-acf9-8000-9ba2-011c48011c48_7300"/>
        <a:listViewTemplateExpr>#"SYSTEM_SYSRULES_recordGridLayoutColumns"(
  emptygridmessage: "",
  columns: {
    #"SYSTEM_SYSRULES_gridLayoutColumn"(
      label: "Status",
      field: "status",
      component: #"SYSTEM_SYSRULES_recordGrid_linkField"(
        links: #"SYSTEM_SYSRULES_recordLink"(
          label: rf!status,
          recordType: rp!type,
          identifier: rp!id
        )
      )
    ),
    #"SYSTEM_SYSRULES_gridLayoutColumn"(
      label: "Updaded By",
      field: "upladedBy",
      component: #"SYSTEM_SYSRULES_recordGrid_textField"(
        displayValue: rf!upladedBy,
        align: null
      )
    ),
    #"SYSTEM_SYSRULES_gridLayoutColumn"(
      label: "Document Name",
      field: "documentName",
      component: #"SYSTEM_SYSRULES_recordGrid_textField"(
        displayValue: rf!documentName,
        align: null
      )
    ),
    #"SYSTEM_SYSRULES_gridLayoutColumn"(
      label: "Document Id",
      field: "documentId",
      component: #"SYSTEM_SYSRULES_recordGrid_integerField"(
        displayValue: rf!documentId,
        align: "RIGHT"
      )
    ),
    #"SYSTEM_SYSRULES_gridLayoutColumn"(
      label: "Document Version",
      width: "DISTRIBUTE",
      field: "documentVersionId",
      component: #"SYSTEM_SYSRULES_recordGrid_integerField"()
    )
  },
  pageSize: 50,
  defaultSort: #"SYSTEM_SYSRULES_sortInfo"(
    field: "contractId",
    ascending: fn!true()
  )
)</a:listViewTemplateExpr>
        <a:detailViewCfg>
            <a:nameExpr>="Summary"</a:nameExpr>
            <a:uiExpr>#"_a-0000df0b-b44d-8000-9ba2-011c48011c48_19525"(null, #"_a-0000def3-0227-8000-9ba2-011c48011c48_10792"(rf!id))</a:uiExpr>
            <a:visibilityExpr>=true()</a:visibilityExpr>
            <a:urlStub>summary</a:urlStub>
            <a:headerExpr></a:headerExpr>
        </a:detailViewCfg>
        <a:isSystem>false</a:isSystem>
        <a:dataSrcExpr></a:dataSrcExpr>
        <a:facetsListExpr></a:facetsListExpr>
        <a:titleExpr>"Document Information"</a:titleExpr>
        <a:defaultFiltersExpr></a:defaultFiltersExpr>
        <a:layoutType>GRID</a:layoutType>
        <a:security>16383</a:security>
        <a:hideLatestNews>false</a:hideLatestNews>
    </recordType>
    <roleMap>
        <role name="record_type_administrator">
            <users/>
            <groups>
                <groupUuid>_e-0000def3-0203-8000-9aee-01075c01075c_10</groupUuid>
            </groups>
        </role>
        <role name="record_type_viewer">
            <users/>
            <groups>
                <groupUuid>_e-0000df0b-b424-8000-9aee-01075c01075c_55</groupUuid>
            </groups>
        </role>
    </roleMap>
    <history>
        <historyInfo versionUuid="3f6864d3-4e8b-416a-af37-aa5dd2c268cf"/>
    </history>
</recordTypeHaul>
