<?xml version="1.0" encoding="UTF-8" standalone="yes"?>
<dataStoreHaul xmlns:a="http://www.appian.com/ae/types/2009">
    <dataStore>
        <uuid>_a-0000dcd5-e7b4-8000-daab-640000640000_6413</uuid>
        <name>CTMS_Datastore</name>
        <description>Holds the tables for CTMS</description>
        <dataSourceKey>jdbc/biopharm</dataSourceKey>
        <adaptingExplicitSqlNames>false</adaptingExplicitSqlNames>
        <autoUpdateSchema>false</autoUpdateSchema>
        <entities>
            <entity>
                <uuid>97ba7e35-b1a9-4024-9391-19e4ed53e42e</uuid>
                <name>CTMS_InvestigatorAddress</name>
                <type>{urn:com:appian:types:CTMS}CTMS_InvestigatorAddress</type>
            </entity>
            <entity>
                <uuid>3c8bc5c1-e40f-4321-9ae9-e24b13594700</uuid>
                <name>CTMS_SiteDocument</name>
                <type>{urn:com:appian:types:CTMS}CTMS_SiteDocument</type>
            </entity>
            <entity>
                <uuid>4cc942b1-f06e-458e-baf6-4740de9d7d28</uuid>
                <name>CTMS_SubjectStatus</name>
                <type>{urn:com:appian:types:CTMS}CTMS_SubjectStatus</type>
            </entity>
            <entity>
                <uuid>5da7b82f-4a82-4ffe-ba83-e6db24d83b49</uuid>
                <name>CTMS_User</name>
                <type>{urn:com:appian:types:CTMS}CTMS_User</type>
            </entity>
            <entity>
                <uuid>f7c7e0ef-5122-48e8-aef5-94f53bfbbc9c</uuid>
                <name>CTMS_License</name>
                <type>{urn:com:appian:types:CTMS}CTMS_License</type>
            </entity>
            <entity>
                <uuid>5720eb68-1b44-4c3f-9852-a7ce4edb22af</uuid>
                <name>CTMS_SitePayment</name>
                <type>{urn:com:appian:types:CTMS}CTMS_SitePayment</type>
            </entity>
            <entity>
                <uuid>3c583add-5f44-426a-b16c-7503de9a0a9e</uuid>
                <name>CTMS_PaymentClaim</name>
                <type>{urn:com:appian:types:CTMS}CTMS_PaymentClaim</type>
            </entity>
            <entity>
                <uuid>30e80b2e-06f5-4385-8eb0-7b8eab1582a2</uuid>
                <name>CTMS_SiteAccessControl</name>
                <type>{urn:com:appian:types:CTMS}CTMS_SiteAccessControl</type>
            </entity>
            <entity>
                <uuid>e513f70c-4974-4e2e-908b-615e362d324c</uuid>
                <name>CTMS_SiteImage</name>
                <type>{urn:com:appian:types:CTMS}CTMS_SiteImage</type>
            </entity>
            <entity>
                <uuid>71530d2d-5636-4626-88fe-4aef1426342f</uuid>
                <name>CTMS_SiteAddress</name>
                <type>{urn:com:appian:types:CTMS}CTMS_SiteAddress</type>
            </entity>
            <entity>
                <uuid>1eab4f13-dc77-4020-9ffc-32db36b45d07</uuid>
                <name>CTMS_InvestigatorLicense</name>
                <type>{urn:com:appian:types:CTMS}CTMS_InvestigatorLicense</type>
            </entity>
            <entity>
                <uuid>e4218b9f-fe7a-4187-80b1-1f720d42467f</uuid>
                <name>CTMS_CurrentRequestStep</name>
                <type>{urn:com:appian:types:CTMS}CTMS_CurrentRequestStep</type>
            </entity>
            <entity>
                <uuid>4e2c5118-bbd7-4fff-a449-9115b2301f2a</uuid>
                <name>CTMS_SiteDocumentDetails</name>
                <type>{urn:com:appian:types:CTMS}CTMS_SiteDocumentDetails</type>
            </entity>
        </entities>
    </dataStore>
    <isPublished>true</isPublished>
    <roleMap>
        <role inherit="false" allowForAll="false" name="administrators">
            <users/>
            <groups>
                <groupUuid>_e-0000dd39-67e0-8000-daa7-640000640000_75</groupUuid>
            </groups>
        </role>
        <role inherit="false" allowForAll="false" name="authors">
            <users/>
            <groups/>
        </role>
        <role inherit="false" allowForAll="false" name="denyAdministrators">
            <users/>
            <groups/>
        </role>
        <role inherit="false" allowForAll="false" name="denyAuthors">
            <users/>
            <groups/>
        </role>
        <role inherit="false" allowForAll="false" name="denyReaders">
            <users/>
            <groups/>
        </role>
        <role inherit="false" allowForAll="true" name="readers">
            <users/>
            <groups>
                <groupUuid>_e-0001dccd-fe85-8000-daa7-640000640000_67</groupUuid>
            </groups>
        </role>
    </roleMap>
</dataStoreHaul>
