<?xml version="1.0" encoding="UTF-8" standalone="yes"?>
<contentHaul xmlns:a="http://www.appian.com/ae/types/2009">
    <versionUuid>_a-0000dfd8-6941-8000-9ba2-011c48011c48_181581</versionUuid>
    <rule>
        <name>HR_GenerateGlassDoorEndpoint</name>
        <uuid>_a-0000def6-d094-8000-9ba2-011c48011c48_39933</uuid>
        <description>Generates the endpoint needed in retrieving the average salary for a position and location</description>
        <parentUuid>_a-0000def6-d094-8000-9ba2-011c48011c48_39923</parentUuid>
        <visibility>
            <advertise>false</advertise>
            <hierarchy>true</hierarchy>
            <indexable>true</indexable>
            <quota>false</quota>
            <searchable>true</searchable>
            <system>false</system>
            <unlogged>false</unlogged>
        </visibility>
        <definition>load(
  local!spaceLocation: find(" ",ri!jobTitle,1),
  local!secondSpaceLocation: find(" ",ri!jobTitle,local!spaceLocation+1),
  local!newJobTitle: replace(ri!jobTitle,local!spaceLocation,1,"+"),
  local!secondNewJobTitle:replace(local!newJobTitle,local!secondSpaceLocation,1,"+"),
  local!link: "http://api.glassdoor.com/api/api.htm?t.p=" &amp; ri!tp &amp; "&amp;t.k=" &amp;ri!tk &amp; "&amp;format=json&amp;v=1&amp;action=jobs-prog&amp;jobTitle="&amp;if(local!secondSpaceLocation = 0,local!newJobTitle,local!secondNewJobTitle) &amp;"&amp;countryId=1&amp;state="&amp; ri!state,
  local!link
)</definition>
        <namedTypedValue>
            <name>jobTitle</name>
            <type>
                <name>string</name>
                <namespace>http://www.w3.org/2001/XMLSchema</namespace>
            </type>
            <value/>
        </namedTypedValue>
        <namedTypedValue>
            <name>state</name>
            <type>
                <name>string</name>
                <namespace>http://www.w3.org/2001/XMLSchema</namespace>
            </type>
            <value/>
        </namedTypedValue>
        <namedTypedValue>
            <name>tp</name>
            <type>
                <name>string</name>
                <namespace>http://www.w3.org/2001/XMLSchema</namespace>
            </type>
            <value/>
        </namedTypedValue>
        <namedTypedValue>
            <name>tk</name>
            <type>
                <name>string</name>
                <namespace>http://www.w3.org/2001/XMLSchema</namespace>
            </type>
            <value/>
        </namedTypedValue>
        <preferredEditor>legacy</preferredEditor>
        <offlineEnabled>false</offlineEnabled>
    </rule>
    <roleMap public="true">
        <role inherit="true" allowForAll="false" name="readers">
            <users/>
            <groups/>
        </role>
        <role inherit="true" allowForAll="false" name="authors">
            <users/>
            <groups/>
        </role>
        <role inherit="true" allowForAll="false" name="administrators">
            <users/>
            <groups/>
        </role>
        <role inherit="false" allowForAll="false" name="denyReaders">
            <users/>
            <groups/>
        </role>
        <role inherit="false" allowForAll="false" name="denyAuthors">
            <users/>
            <groups/>
        </role>
        <role inherit="false" allowForAll="false" name="denyAdministrators">
            <users/>
            <groups/>
        </role>
    </roleMap>
    <history>
        <historyInfo versionUuid="_a-0000dfd8-6941-8000-9ba2-011c48011c48_181581"/>
    </history>
</contentHaul>
