<?xml version="1.0" encoding="UTF-8" standalone="yes"?>
<contentHaul xmlns:a="http://www.appian.com/ae/types/2009">
    <versionUuid>_a-0000dfd8-6941-8000-9ba2-011c48011c48_181585</versionUuid>
    <rule>
        <name>HR_RetrieveAverageSalary</name>
        <uuid>_a-0000def6-d094-8000-9ba2-011c48011c48_40393</uuid>
        <description>Retrieves the Average Salary from the Result from a glassdoor request</description>
        <parentUuid>_a-0000def6-d094-8000-9ba2-011c48011c48_39923</parentUuid>
        <visibility>
            <advertise>false</advertise>
            <hierarchy>true</hierarchy>
            <indexable>true</indexable>
            <quota>false</quota>
            <searchable>true</searchable>
            <system>false</system>
            <unlogged>false</unlogged>
        </visibility>
        <definition>load(
  local!start: find(
    "payMedian",
    ri!result,
    1
  ),
  local!result: extract(
    ri!result,
    "payMedian",
    ","
  ),
  local!length: len(
    local!result
  ),
  local!newResult: right(
    local!result,
    local!length - 3
  ),
  local!newResult
)</definition>
        <namedTypedValue>
            <name>result</name>
            <type>
                <name>string</name>
                <namespace>http://www.w3.org/2001/XMLSchema</namespace>
            </type>
            <value/>
        </namedTypedValue>
        <preferredEditor>legacy</preferredEditor>
        <offlineEnabled>false</offlineEnabled>
    </rule>
    <roleMap public="true">
        <role inherit="true" allowForAll="false" name="readers">
            <users/>
            <groups/>
        </role>
        <role inherit="true" allowForAll="false" name="authors">
            <users/>
            <groups/>
        </role>
        <role inherit="true" allowForAll="false" name="administrators">
            <users/>
            <groups/>
        </role>
        <role inherit="false" allowForAll="false" name="denyReaders">
            <users/>
            <groups/>
        </role>
        <role inherit="false" allowForAll="false" name="denyAuthors">
            <users/>
            <groups/>
        </role>
        <role inherit="false" allowForAll="false" name="denyAdministrators">
            <users/>
            <groups/>
        </role>
    </roleMap>
    <typedValue>
        <type>
            <name>RuleTestConfig?list</name>
            <namespace>http://www.appian.com/ae/types/2009</namespace>
        </type>
        <value>
            <el>
                <a:name>Test</a:name>
                <a:ruleInputTestConfigs>
                    <a:value xmlns:xsd="http://www.w3.org/2001/XMLSchema" xmlns:xsi="http://www.w3.org/2001/XMLSchema-instance" xsi:type="xsd:string">{  "success": true,  "status": "OK",  "jsessionid": "CC16FBA45574A1DF704327DA9204F99D",  "response": {    "attributionURL": "http://www.glassdoor.com/api/json/search/jobProgression.htm?t.k=hA1vreLoU53&amp;amp;v=1&amp;amp;jobTitle=associate+technical+consultant&amp;amp;format=json&amp;amp;state=Indiana&amp;amp;countryId=1",    "jobTitle": "associate technical consultant",    "payCurrencyCode": "USD",    "payCurrencySymbol": "$",    "payLow": 52644.8,    "payMedian": 62902.42,    "payHigh": 71384,    "results": []  }}</a:value>
                    <a:nameRef>result</a:nameRef>
                    <a:id>1</a:id>
                </a:ruleInputTestConfigs>
                <a:assertions xmlns:xsi="http://www.w3.org/2001/XMLSchema-instance" xsi:nil="true"/>
            </el>
        </value>
    </typedValue>
    <history>
        <historyInfo versionUuid="_a-0000dfd8-6941-8000-9ba2-011c48011c48_181585"/>
    </history>
</contentHaul>
