<?xml version="1.0" encoding="UTF-8" standalone="yes"?>
<groupHaul xmlns:a="http://www.appian.com/ae/types/2009">
    <versionUuid>_e-0000e037-4081-8000-9aee-01075c01075c_67</versionUuid>
    <group>
        <name>IOT Alert Staff</name>
        <securityMap>SECURITYMAP_TEAM</securityMap>
        <uuid>_e-0000df20-697e-8000-f335-011e94011e94_12</uuid>
        <groupTypeUuid>SYSTEM_GROUP_TYPE_CUSTOM</groupTypeUuid>
        <description>Group of users that respond to IOT Alerts</description>
        <delegatedCreation>false</delegatedCreation>
        <memberPolicy>MEMBERPOLICY_CLOSED</memberPolicy>
        <viewingPolicy>VIEWINGPOLICY_LOW</viewingPolicy>
        <attributes/>
    </group>
    <members>
        <users/>
        <groups/>
    </members>
    <admins>
        <users/>
        <groups/>
    </admins>
    <ruleSet/>
    <history>
        <historyInfo versionUuid="_e-0000e037-4081-8000-9aee-01075c01075c_67"/>
    </history>
</groupHaul>
