<?xml version="1.0" encoding="UTF-8" standalone="yes"?>
<contentHaul xmlns:a="http://www.appian.com/ae/types/2009">
    <versionUuid>_a-0000df6a-d82f-8000-9ba2-011c48011c48_112405</versionUuid>
    <rule>
        <name>CTMS_Site_LicenceSectionGridView</name>
        <uuid>10ad9496-32f5-4a0b-bb90-53827544216e</uuid>
        <description>Grid view for site licence section</description>
        <parentUuid>_a-0000dcd5-e7b4-8000-daab-640000640000_6355</parentUuid>
        <visibility>
            <advertise>false</advertise>
            <hierarchy>true</hierarchy>
            <indexable>true</indexable>
            <quota>false</quota>
            <searchable>true</searchable>
            <system>false</system>
            <unlogged>false</unlogged>
        </visibility>
        <definition>load(
  local!pagingInfo: #"SYSTEM_SYSRULES_pagingInfo"(
    startIndex: 1,
    batchSize: - 1
  ),
  /*local!datasubset:todatasubset(ri!CTMS_LICENSE),*/
  {
    if(#"_a-0000dcfa-ab37-8000-daab-640000640000_7168"(ri!CTMS_LICENSE),{},
        {
    #"SYSTEM_SYSRULES_sectionLayout"(
      /*label:"License Details",*/
      firstColumnContents: {
        #"SYSTEM_SYSRULES_milestoneField"(steps:{"",""}),
        #"SYSTEM_SYSRULES_gridField"(
          labelPosition: "COLLAPSED",
          totalCount: length(ri!CTMS_LICENSE),
          columns: {
              #"SYSTEM_SYSRULES_gridImageColumn"(
              label: "Licence Status", 
              data: {
                apply(
                        #"_a-0000dcfa-ab37-8000-daab-640000640000_7164"(input:_),
                      ri!CTMS_LICENSE.licenseExpiryDate
                      )
              },
              size: "ICON"
              
              ),
              
            #"SYSTEM_SYSRULES_gridTextColumn"(
              label: "Licence #",
              data: ri!CTMS_LICENSE.licenseNumber
            ),
                        
            #"SYSTEM_SYSRULES_gridTextColumn"(
              label: "State",
              data: ri!CTMS_LICENSE.licenseState
            ),
            #"SYSTEM_SYSRULES_gridTextColumn"(
              label: "Expiration Date",
              data: ri!CTMS_LICENSE.licenseExpiryDate
            )

            
          },
          selection:true,
          value: local!pagingInfo
        )
      })
        }
    ),
    if(
      isnull(
        ri!selected
      ),
      {},
      {
        #"SYSTEM_SYSRULES_sectionLayout"(
          firstColumnContents: {
            #"SYSTEM_SYSRULES_textField"(
              label: "License Number",
              labelPosition: "ADJACENT",
              value: ri!selected.licenseNumber,
              saveInto:ri!selected.licenseNumber,
              readOnly: not(
                ri!isEdit
              )
            ),
            #"SYSTEM_SYSRULES_textField"(
              label: "License State",
              labelPosition: "ADJACENT",
              value: ri!selected.licenseState,
              saveInto:ri!selected.licenseState,
              readOnly: not(
                ri!isEdit
              )
            )

          },
          secondColumnContents: {
            #"SYSTEM_SYSRULES_textField"(
              label: "License Identifier",
              labelPosition: "ADJACENT",
              value: ri!selected.licenseIdentifier,
              saveInto:ri!selected.licenseIdentifier,
              readOnly: not(
                ri!isEdit
              )
            ),
            #"SYSTEM_SYSRULES_dateField"(
              label: "Expiration Date",
              labelPosition: "ADJACENT",
              value: ri!selected.licenseExpiryDate,
              saveInto:ri!selected.licenseExpiryDate,
              readOnly: not(
                ri!isEdit
              )
            )
          }
        )
      }
    )
  }
)</definition>
        <namedTypedValue>
            <name>isEdit</name>
            <type>
                <name>boolean</name>
                <namespace>http://www.w3.org/2001/XMLSchema</namespace>
            </type>
        </namedTypedValue>
        <namedTypedValue>
            <name>CTMS_LICENSE</name>
            <type>
                <name>CTMS_InvestigatorLicense?list</name>
                <namespace>urn:com:appian:types:CTMS</namespace>
            </type>
        </namedTypedValue>
        <namedTypedValue>
            <name>selected</name>
            <type>
                <name>CTMS_PIPOInvestigatorLicense</name>
                <namespace>urn:com:appian:types:CTMS</namespace>
            </type>
        </namedTypedValue>
        <metadataExpr></metadataExpr>
        <preferredEditor>interface</preferredEditor>
        <offlineEnabled>false</offlineEnabled>
    </rule>
    <roleMap public="true">
        <role inherit="true" allowForAll="false" name="readers">
            <users/>
            <groups/>
        </role>
        <role inherit="true" allowForAll="false" name="authors">
            <users/>
            <groups/>
        </role>
        <role inherit="true" allowForAll="false" name="administrators">
            <users/>
            <groups/>
        </role>
        <role inherit="false" allowForAll="false" name="denyReaders">
            <users/>
            <groups/>
        </role>
        <role inherit="false" allowForAll="false" name="denyAuthors">
            <users/>
            <groups/>
        </role>
        <role inherit="false" allowForAll="false" name="denyAdministrators">
            <users/>
            <groups/>
        </role>
    </roleMap>
    <typedValue>
        <type>
            <name>RuleTestConfig?list</name>
            <namespace>http://www.appian.com/ae/types/2009</namespace>
        </type>
        <value>
            <el>
                <a:name/>
                <a:ruleInputTestConfigs>
                    <a:value xmlns:xsi="http://www.w3.org/2001/XMLSchema-instance" xsi:type="a:Expression">true</a:value>
                    <a:nameRef>isEdit</a:nameRef>
                    <a:id/>
                </a:ruleInputTestConfigs>
                <a:ruleInputTestConfigs>
                    <a:value xmlns:xsi="http://www.w3.org/2001/XMLSchema-instance" xsi:type="a:Expression">#"_a-0000ddcc-a4d5-8000-daab-640000640000_18484"(ID:"1")</a:value>
                    <a:nameRef>CTMS_LICENSE</a:nameRef>
                    <a:id/>
                </a:ruleInputTestConfigs>
                <a:ruleInputTestConfigs>
                    <a:value xmlns:xsd="http://www.w3.org/2001/XMLSchema" xmlns:xsi="http://www.w3.org/2001/XMLSchema-instance" xsi:type="xsd:string">&lt;a:value xmlns:a="http://www.appian.com/ae/types/2009" xmlns:n1="urn:com:appian:types:CTMS" xmlns:xsi="http://www.w3.org/2001/XMLSchema-instance" xsi:nil="true" xsi:type="n1:CTMS_PIPOInvestigatorLicense" /&gt;</a:value>
                    <a:nameRef>selected</a:nameRef>
                    <a:id/>
                </a:ruleInputTestConfigs>
                <a:assertions xmlns:xsi="http://www.w3.org/2001/XMLSchema-instance" xsi:nil="true"/>
            </el>
        </value>
    </typedValue>
    <history>
        <historyInfo versionUuid="_a-0000df6a-d82f-8000-9ba2-011c48011c48_112405"/>
    </history>
</contentHaul>
