<?xml version="1.0" encoding="UTF-8" standalone="yes"?>
<contentHaul xmlns:a="http://www.appian.com/ae/types/2009">
    <versionUuid>_a-0000df6a-d82f-8000-9ba2-011c48011c48_112389</versionUuid>
    <rule>
        <name>CTMS_User_UserRecordDashboard</name>
        <uuid>2773beec-0945-4f1f-a981-d6e245df2d4e</uuid>
        <description>User Record Dashboard for display and edit </description>
        <parentUuid>_a-0000dcd5-e7b4-8000-daab-640000640000_6355</parentUuid>
        <visibility>
            <advertise>false</advertise>
            <hierarchy>true</hierarchy>
            <indexable>true</indexable>
            <quota>false</quota>
            <searchable>true</searchable>
            <system>false</system>
            <unlogged>false</unlogged>
        </visibility>
        <definition>load(
  local!CTMS_USER: #"_a-0000ddcc-a4d5-8000-daab-640000640000_18500"(
    ID: ri!ID
  ),
  local!CTMS_LICENSE: #"_a-0000ddcc-a4d5-8000-daab-640000640000_18484"(
    ID: local!CTMS_USER.identifier
  ),
  local!selected,
  local!currentMilestone: #"_a-0000ddf1-7abf-8000-daab-640000640000_21744"(
    username: local!CTMS_USER.userName,
    process: #"_a-0000ddf1-7abf-8000-daab-640000640000_21749"[2]
  ).milestone,
  local!doesUserRequasted: false,
  with(
    {
      if(
        #"_a-0000dcfa-ab37-8000-daab-640000640000_7168"(
          local!currentMilestone
        ),
        {},
        #"SYSTEM_SYSRULES_milestoneField"(
          steps: #"_a-0000ddf1-7abf-8000-daab-640000640000_21702",
          links: {},
          active: local!currentMilestone
        )
      ),
      #"SYSTEM_SYSRULES_sectionLayout"(
        label: "",
        firstColumnContents: {
         



         /* a!imageField(
            labelPosition: "ADJACENT",
            instructions: "",
            images: a!documentImage(
              document: if(
                rule!CTMS_checkNull(
                  local!CTMS_USER.imageID
                ),
                cons!CTMS_DEFAULT_USER_ICON,
                todocument(
                  local!CTMS_USER.imageID
                )
              ),
              link: if(
                rule!CTMS_checkNull(
                  local!CTMS_USER.userName
                ),
                a!userRecordLink(
                  user: loggedInUser()
                ),
                a!recordLink(
                  recordType: cons!CTMS_USERS_RECORDTYPE,
                  identifier: local!CTMS_USER.identifier,
                  dashboard: "summary"
                )
              )
            ),
            size: "MEDIUM"
          )
        
        
     */
          },
        
        secondColumnContents: {
          #"SYSTEM_SYSRULES_textField"(
            label: "Role",
            labelPosition: "ADJACENT",
            value: local!CTMS_USER.role,
            saveInto: local!CTMS_USER.role,
            refreshAfter: "UNFOCUS",
            readonly: true
          ),
          #"SYSTEM_SYSRULES_textField"(
            label: "Email",
            labelPosition: "ADJACENT",
            placeholder: "yourname@domain.com",
            value: local!CTMS_USER.emailAddress,
            saveInto: local!CTMS_USER.emailAddress,
            required: false,
            readonly: true
          ),
          #"SYSTEM_SYSRULES_textField"(
            label: "Work Phone",
            labelPosition: "ADJACENT",
            value: local!CTMS_USER.workPhoneNumber,
            saveInto: local!CTMS_USER.workPhoneNumber,
            readonly: true
          ),
          #"SYSTEM_SYSRULES_textField"(
            label: "Contact Type",
            labelPosition: "ADJACENT",
            value: local!CTMS_USER.contactType,
            saveInto: local!CTMS_USER.contactType,
            readonly: true
          ),
          #"SYSTEM_SYSRULES_textField"(
            label: "Primary Speciality",
            labelPosition: "ADJACENT",
            value: local!CTMS_USER.primarySpeciality,
            saveInto: local!CTMS_USER.primarySpeciality,
            readonly: true
          )
        }
        ),
      
        
      #"10ad9496-32f5-4a0b-bb90-53827544216e"(
        isEdit: false,
        CTMS_LICENSE: local!CTMS_LICENSE,
        selected: local!selected
      )
    }
  )
)
</definition>
        <namedTypedValue>
            <name>ID</name>
            <type>
                <name>string</name>
                <namespace>http://www.w3.org/2001/XMLSchema</namespace>
            </type>
            <value/>
        </namedTypedValue>
        <metadataExpr></metadataExpr>
        <preferredEditor>interface</preferredEditor>
        <offlineEnabled>false</offlineEnabled>
    </rule>
    <roleMap public="true">
        <role inherit="true" allowForAll="false" name="readers">
            <users/>
            <groups/>
        </role>
        <role inherit="true" allowForAll="false" name="authors">
            <users/>
            <groups/>
        </role>
        <role inherit="true" allowForAll="false" name="administrators">
            <users/>
            <groups/>
        </role>
        <role inherit="false" allowForAll="false" name="denyReaders">
            <users/>
            <groups/>
        </role>
        <role inherit="false" allowForAll="false" name="denyAuthors">
            <users/>
            <groups/>
        </role>
        <role inherit="false" allowForAll="false" name="denyAdministrators">
            <users/>
            <groups/>
        </role>
    </roleMap>
    <history>
        <historyInfo versionUuid="_a-0000df6a-d82f-8000-9ba2-011c48011c48_112389"/>
    </history>
</contentHaul>
