<?xml version="1.0" encoding="UTF-8" standalone="yes"?>
<contentHaul xmlns:a="http://www.appian.com/ae/types/2009">
    <versionUuid>_a-0000df6a-d82f-8000-9ba2-011c48011c48_112650</versionUuid>
    <rule>
        <name>CTMS_ProtocoleSiteRecordDashboard</name>
        <uuid>449d069e-8ce3-47b9-9bcf-ee97b32c9a2b</uuid>
        <description>Protocole Site Record Dashboard for CTMS</description>
        <parentUuid>_a-0000dcd5-e7b4-8000-daab-640000640000_6355</parentUuid>
        <visibility>
            <advertise>false</advertise>
            <hierarchy>true</hierarchy>
            <indexable>true</indexable>
            <quota>false</quota>
            <searchable>true</searchable>
            <system>false</system>
            <unlogged>false</unlogged>
        </visibility>
        <definition>load(
  local!PIAddressInfo,
  /*:rule!CTMS_PIAddress_getSitePIAddressByID(ID:ri!ID),*/
  local!site: #"38c0b0ce-9c91-480f-9ee6-eda722584131"(
    ID: ri!ID
  ),
  local!billingAddress,
  local!shippingAddress,
  local!paymentAddress,
  local!mailingAddress,
  local!selectedType: "billing",
  with(
    local!selectedAddress: if(
      isnull(
        local!selectedType
      ),
      {},
      {}
    ),
    local!collector: if(
      isnull(
        local!selectedType
      ),
      {},
      {
        /*Query from address table by address type and site Number*/
        
      }
    ),
    #"SYSTEM_SYSRULES_formLayout"(
      firstColumnContents: {
        #"_a-0000dcfa-ab37-8000-daab-640000640000_6628"(
          site: local!site
        ),
        /*rule!GLOBAL_Debug(*/
          /*input: "Test if this interface is being used"*/
        /*),*/
        #"SYSTEM_SYSRULES_textField"(
  value: "Test if this interface is being used",
  readOnly: true
),
        #"_a-0000dcfa-ab37-8000-daab-640000640000_6629"(
          selectedAddress: local!selectedAddress,
          selectedType: local!selectedType
        ),
        #"_a-0000dcfa-ab37-8000-daab-640000640000_6635"(
          site: local!site
        ),
        #"SYSTEM_SYSRULES_milestoneField"(
          steps: {
            "",
            ""
          }
        ),
        #"_a-0000ddf1-7abf-8000-daab-640000640000_21589"(
          subject: local!site
        ),
        
      }
    )
  )
)</definition>
        <namedTypedValue>
            <name>ID</name>
            <type>
                <name>int</name>
                <namespace>http://www.w3.org/2001/XMLSchema</namespace>
            </type>
        </namedTypedValue>
        <metadataExpr></metadataExpr>
        <preferredEditor>interface</preferredEditor>
        <offlineEnabled>false</offlineEnabled>
    </rule>
    <roleMap public="true">
        <role inherit="true" allowForAll="false" name="readers">
            <users/>
            <groups/>
        </role>
        <role inherit="true" allowForAll="false" name="authors">
            <users/>
            <groups/>
        </role>
        <role inherit="true" allowForAll="false" name="administrators">
            <users/>
            <groups/>
        </role>
        <role inherit="false" allowForAll="false" name="denyReaders">
            <users/>
            <groups/>
        </role>
        <role inherit="false" allowForAll="false" name="denyAuthors">
            <users/>
            <groups/>
        </role>
        <role inherit="false" allowForAll="false" name="denyAdministrators">
            <users/>
            <groups/>
        </role>
    </roleMap>
    <typedValue>
        <type>
            <name>RuleTestConfig?list</name>
            <namespace>http://www.appian.com/ae/types/2009</namespace>
        </type>
        <value>
            <el>
                <a:name/>
                <a:ruleInputTestConfigs>
                    <a:value xmlns:xsd="http://www.w3.org/2001/XMLSchema" xmlns:xsi="http://www.w3.org/2001/XMLSchema-instance" xsi:type="xsd:int">1</a:value>
                    <a:nameRef>ID</a:nameRef>
                    <a:id/>
                </a:ruleInputTestConfigs>
                <a:assertions xmlns:xsi="http://www.w3.org/2001/XMLSchema-instance" xsi:nil="true"/>
            </el>
        </value>
    </typedValue>
    <history>
        <historyInfo versionUuid="_a-0000df6a-d82f-8000-9ba2-011c48011c48_112404"/>
        <historyInfo versionUuid="_a-0000df6a-d82f-8000-9ba2-011c48011c48_112650"/>
    </history>
</contentHaul>
