<?xml version="1.0" encoding="UTF-8" standalone="yes"?>
<contentHaul xmlns:a="http://www.appian.com/ae/types/2009">
    <versionUuid>_a-0000df6a-d82f-8000-9ba2-011c48011c48_112620</versionUuid>
    <decision>
        <name>CTMS_initializeEmailNotificationParameters</name>
        <uuid>54d353dc-88ae-4aa3-952d-70b3b82a9e0e</uuid>
        <description>Initializes and stores the date intervals (fromDays &amp; toDays), email subject, and email body to their respective process variables</description>
        <parentUuid>_a-0000def6-d094-8000-9ba2-011c48011c48_37130</parentUuid>
        <visibility>
            <advertise>false</advertise>
            <hierarchy>true</hierarchy>
            <indexable>true</indexable>
            <quota>false</quota>
            <searchable>true</searchable>
            <system>false</system>
            <unlogged>false</unlogged>
        </visibility>
        <definition>fn!override_exception_appian_internal(fn!with(local!decisiondefinition: a!decisiondesigner_cache(uuid: "54d353dc-88ae-4aa3-952d-70b3b82a9e0e",versionKey: "141b8186-2ace-4b69-b3ab-87b2bfc098f6",value: #"SYSTEM_SYSRULES_dd_dd"(hitPolicy:#"SYSTEM_SYSRULES_dd_dhp"("RULE_ORDER"), inputs:{#"SYSTEM_SYSRULES_dd_di"(name:"Initialize", type:'type!{http://www.appian.com/ae/types/2009}Boolean', id:1, restrictionType:#"SYSTEM_SYSRULES_dd_dirt"("NONE"))}, outputs:{#"SYSTEM_SYSRULES_dd_do"(id:1, name:"fromDays", type:'type!{http://www.appian.com/ae/types/2009}Integer', restrictionType:#"SYSTEM_SYSRULES_dd_dort"("NONE"), returnListType:false), #"SYSTEM_SYSRULES_dd_do"(id:2, name:"toDays", type:'type!{http://www.appian.com/ae/types/2009}Integer', restrictionType:#"SYSTEM_SYSRULES_dd_dort"("NONE"), returnListType:false), #"SYSTEM_SYSRULES_dd_do"(id:3, name:"emailSubject", type:'type!{http://www.appian.com/ae/types/2009}Text', restrictionType:#"SYSTEM_SYSRULES_dd_dort"("NONE"), returnListType:false), #"SYSTEM_SYSRULES_dd_do"(id:4, name:"emailBody", type:'type!{http://www.appian.com/ae/types/2009}Text', restrictionType:#"SYSTEM_SYSRULES_dd_dort"("NONE"), returnListType:false)}, rules:{#"SYSTEM_SYSRULES_dd_dr"(id:1, inputs:{#"SYSTEM_SYSRULES_dd_dri"(id:1, decisionInputId:1, operator:#"SYSTEM_SYSRULES_dd_dop"(operator:#"SYSTEM_SYSRULES_dd_dopt"("EQUALS"), value1:true))}, outputs:{#"SYSTEM_SYSRULES_dd_dro"(id:1, decisionOutputId:1, value:14), #"SYSTEM_SYSRULES_dd_dro"(id:5, decisionOutputId:2, value:33), #"SYSTEM_SYSRULES_dd_dro"(id:8, decisionOutputId:3, value:"PharmaCorp Study {####} - Site {####} Documents Expiring Soon"), #"SYSTEM_SYSRULES_dd_dro"(id:11, decisionOutputId:4, value:"{Salutation} {Last Name}," &amp; fn!char(10) &amp; "     One or more of your documents for PharmaCorp Study {####} - Site {####} are expiring within 30 days. Please log into SiteConnect and upload current/updated versions." &amp; fn!char(10) &amp; "     Sincerely," &amp; fn!char(10) &amp; "     PharmaCorp Document Compliance Team")}), #"SYSTEM_SYSRULES_dd_dr"(id:2, inputs:{#"SYSTEM_SYSRULES_dd_dri"(id:3, decisionInputId:1, operator:#"SYSTEM_SYSRULES_dd_dop"(operator:#"SYSTEM_SYSRULES_dd_dopt"("EQUALS"), value1:true))}, outputs:{#"SYSTEM_SYSRULES_dd_dro"(id:2, decisionOutputId:1, value:0), #"SYSTEM_SYSRULES_dd_dro"(id:6, decisionOutputId:2, value:14), #"SYSTEM_SYSRULES_dd_dro"(id:9, decisionOutputId:3, value:"Second Notice: PharmaCorp Study {####} - Site {####} Documents Expiring Soon"), #"SYSTEM_SYSRULES_dd_dro"(id:12, decisionOutputId:4, value:"{Salutation} {Last Name}," &amp; fn!char(10) &amp; "     One or more of your documents for PharmaCorp Study {####} - Site {####} are expiring within the next 14 days. Please log into SiteConnect and upload current/updated versions. A copy of this notification was also sent to the PharmaCorp Study Manager for Study {####}. " &amp; fn!char(10) &amp; "     Thank you for your prompt attention to this matter." &amp; fn!char(10) &amp; "     Sincerely," &amp; fn!char(10) &amp; "     PharmaCorp Document Compliance Team")}), #"SYSTEM_SYSRULES_dd_dr"(id:3, inputs:{#"SYSTEM_SYSRULES_dd_dri"(id:5, decisionInputId:1, operator:#"SYSTEM_SYSRULES_dd_dop"(operator:#"SYSTEM_SYSRULES_dd_dopt"("EQUALS"), value1:true))}, outputs:{#"SYSTEM_SYSRULES_dd_dro"(id:3, decisionOutputId:1, value:-60), #"SYSTEM_SYSRULES_dd_dro"(id:7, decisionOutputId:2, value:0), #"SYSTEM_SYSRULES_dd_dro"(id:10, decisionOutputId:3, value:"Expired: PharmaCorp Study {####} - Site {####} Documents"), #"SYSTEM_SYSRULES_dd_dro"(id:13, decisionOutputId:4, value:"{Salutation} {Last Name}," &amp; fn!char(10) &amp; "     One or more of your documents for PharmaCorp Study {####} - Site {####} has expired. Please log into SiteConnect and upload current/updated versions. A copy of this notification was also sent to the PharmaCorp Study Manager for Study {####}. " &amp; fn!char(10) &amp; "     Thank you for your prompt attention to this matter." &amp; fn!char(10) &amp; "     Sincerely," &amp; fn!char(10) &amp; "     PharmaCorp Document Compliance Team")})})),#"SYSTEM_SYSRULES_dd_exr"(decisionDefinition:local!decisiondefinition,executionInputs:{#"SYSTEM_SYSRULES_dd_dei"(decisionInputId:1,value:'ri!Initialize')})))</definition>
        <namedTypedValue>
            <name>Initialize</name>
            <type>
                <name>boolean</name>
                <namespace>http://www.w3.org/2001/XMLSchema</namespace>
            </type>
        </namedTypedValue>
        <preferredEditor>legacy</preferredEditor>
        <offlineEnabled>false</offlineEnabled>
        <outputMetadataList>
            <outputMetadata>
                <outputId>1</outputId>
                <nameRef>fromDays</nameRef>
                <typeName>{http://www.appian.com/ae/types/2009}Integer</typeName>
            </outputMetadata>
            <outputMetadata>
                <outputId>2</outputId>
                <nameRef>toDays</nameRef>
                <typeName>{http://www.appian.com/ae/types/2009}Integer</typeName>
            </outputMetadata>
            <outputMetadata>
                <outputId>3</outputId>
                <nameRef>emailSubject</nameRef>
                <typeName>{http://www.appian.com/ae/types/2009}Text</typeName>
            </outputMetadata>
            <outputMetadata>
                <outputId>4</outputId>
                <nameRef>emailBody</nameRef>
                <typeName>{http://www.appian.com/ae/types/2009}Text</typeName>
            </outputMetadata>
        </outputMetadataList>
        <hitPolicy>RULE_ORDER</hitPolicy>
    </decision>
    <roleMap public="true">
        <role inherit="true" allowForAll="false" name="readers">
            <users/>
            <groups/>
        </role>
        <role inherit="true" allowForAll="false" name="authors">
            <users/>
            <groups/>
        </role>
        <role inherit="true" allowForAll="false" name="administrators">
            <users/>
            <groups/>
        </role>
        <role inherit="false" allowForAll="false" name="denyReaders">
            <users/>
            <groups/>
        </role>
        <role inherit="false" allowForAll="false" name="denyAuthors">
            <users/>
            <groups/>
        </role>
        <role inherit="false" allowForAll="false" name="denyAdministrators">
            <users/>
            <groups/>
        </role>
    </roleMap>
    <history>
        <historyInfo versionUuid="_a-0000df6a-d82f-8000-9ba2-011c48011c48_112620"/>
    </history>
</contentHaul>
