<?xml version="1.0" encoding="UTF-8" standalone="yes"?>
<contentHaul xmlns:a="http://www.appian.com/ae/types/2009">
    <versionUuid>_a-0000df6a-d82f-8000-9ba2-011c48011c48_112435</versionUuid>
    <rule>
        <name>CTMS_Site_EditAddress</name>
        <uuid>675d167a-b9f7-42f4-97d7-7fc50085fced</uuid>
        <description>CTMS Edit Address interface</description>
        <parentUuid>_a-0000dcd5-e7b4-8000-daab-640000640000_6355</parentUuid>
        <visibility>
            <advertise>false</advertise>
            <hierarchy>true</hierarchy>
            <indexable>true</indexable>
            <quota>false</quota>
            <searchable>true</searchable>
            <system>false</system>
            <unlogged>false</unlogged>
        </visibility>
        <definition>load(
  local!type: if(
    ri!type = "Billing",
    "Billing Address",
    if(
      ri!type = "Ship To",
      "Shipping Address",
      if(
        ri!type = "Pay From",
        "Payment Address",
        if(
          ri!type = "Legal Entity",
          "Mailing Address",
          "Address"
        )
      )
    )
  ),
  #"SYSTEM_SYSRULES_formLayout"(
    firstColumnContents: {
      #"_a-0000dcfa-ab37-8000-daab-640000640000_6758"(
        address: ri!siteAddress
      ),
      #"SYSTEM_SYSRULES_sectionLayout"(
        label: local!type,
        firstColumnContents: {
          #"SYSTEM_SYSRULES_textField"(
            label: "Address Line 1",
            labelPosition: "ADJACENT",
            value: ri!siteAddress.addressLine1,
            saveInto: ri!siteAddress.addressLine1,
            readOnly: false
          ),
          #"SYSTEM_SYSRULES_textField"(
            label: "Address Line 2",
            labelPosition: "ADJACENT",
            value: ri!siteAddress.addressLine2,
            saveInto: ri!siteAddress.addressLine2
          ),
          #"SYSTEM_SYSRULES_textField"(
            label: "Address Line 3",
            labelPosition: "ADJACENT",
            value: ri!siteAddress.addressLine3,
            saveInto: ri!siteAddress.addressLine3
          ),
          #"SYSTEM_SYSRULES_textField"(
            label: "City",
            labelPosition: "ADJACENT",
            value: ri!siteAddress.city,
            saveInto: ri!siteAddress.city
          )
        },
        secondColumnContents: {
          #"SYSTEM_SYSRULES_dropdownField"(
            label: "State/Province",
            labelPosition: "ADJACENT",
            placeholderLabel:"-- Select --",
            choiceLabels: #"_a-0000dd25-2c63-8000-daab-640000640000_10030",
            choiceValues: #"_a-0000dd25-2c63-8000-daab-640000640000_10033",
            value: ri!siteAddress.state,
            saveInto: ri!siteAddress.state
          ),
          #"SYSTEM_SYSRULES_textField"(
            label: "Postal Code",
            labelPosition: "ADJACENT",
            value: ri!siteAddress.postalCode,
            saveInto: ri!siteAddress.postalCode
          ),
          #"SYSTEM_SYSRULES_textField"(
            label: "Country",
            labelPosition: "ADJACENT",
            value: ri!siteAddress.country,
            saveInto: ri!siteAddress.country
          )/*a!checkboxField(*/
          /*  labelPosition: "ADJACENT",*/
          /*  choiceLabels: "Is Primary",*/
          /*  choiceValues: {*/
          /*    "Y"*/
          /*  },*/
          /*  value: ri!siteAddress.primary,*/
          /*  disabled: ri!isReadOnly,*/
          /*  saveInto: {*/
          /*    ri!siteAddress.primary*/
          /*  },*/
          /*  refreshAfter: "UNFOCUS",*/
          /*  validations: {}*/
          /*)*/
          
        }
      )
    },
    buttons: {
      #"SYSTEM_SYSRULES_ButtonLayout"(
        primaryButtons: {
          #"SYSTEM_SYSRULES_ButtonWidgetSubmit"(
            label: "Save Address",
            style: "PRIMARY",
            value: "Save",
            saveInto: ri!btnAction
          )
        },
        secondaryButtons: {
          #"SYSTEM_SYSRULES_ButtonWidgetSubmit"(
            label: "Cancel",
            value: "Cancel",
            saveInto: {
              ri!btnAction
            },
            skipValidation: true
          )
        }
      )
    }
  )
)</definition>
        <namedTypedValue>
            <name>siteAddress</name>
            <type>
                <name>CTMS_InvestigatorAddress</name>
                <namespace>urn:com:appian:types:CTMS</namespace>
            </type>
        </namedTypedValue>
        <namedTypedValue>
            <name>btnAction</name>
            <type>
                <name>string</name>
                <namespace>http://www.w3.org/2001/XMLSchema</namespace>
            </type>
            <value/>
        </namedTypedValue>
        <namedTypedValue>
            <name>type</name>
            <type>
                <name>string</name>
                <namespace>http://www.w3.org/2001/XMLSchema</namespace>
            </type>
            <value/>
        </namedTypedValue>
        <preferredEditor>interface</preferredEditor>
        <offlineEnabled>false</offlineEnabled>
    </rule>
    <roleMap public="true">
        <role inherit="true" allowForAll="false" name="readers">
            <users/>
            <groups/>
        </role>
        <role inherit="true" allowForAll="false" name="authors">
            <users/>
            <groups/>
        </role>
        <role inherit="true" allowForAll="false" name="administrators">
            <users/>
            <groups/>
        </role>
        <role inherit="false" allowForAll="false" name="denyReaders">
            <users/>
            <groups/>
        </role>
        <role inherit="false" allowForAll="false" name="denyAuthors">
            <users/>
            <groups/>
        </role>
        <role inherit="false" allowForAll="false" name="denyAdministrators">
            <users/>
            <groups/>
        </role>
    </roleMap>
    <typedValue>
        <type>
            <name>RuleTestConfig?list</name>
            <namespace>http://www.appian.com/ae/types/2009</namespace>
        </type>
        <value>
            <el>
                <a:name/>
                <a:ruleInputTestConfigs>
                    <a:value xmlns:xsi="http://www.w3.org/2001/XMLSchema-instance" xsi:type="a:Expression">#"_a-0000ddcc-a4d5-8000-daab-640000640000_18494"(ID:"2")</a:value>
                    <a:nameRef>siteAddress</a:nameRef>
                    <a:id/>
                </a:ruleInputTestConfigs>
                <a:ruleInputTestConfigs>
                    <a:value xmlns:xsd="http://www.w3.org/2001/XMLSchema" xmlns:xsi="http://www.w3.org/2001/XMLSchema-instance" xsi:type="xsd:string"/>
                    <a:nameRef>btnAction</a:nameRef>
                    <a:id/>
                </a:ruleInputTestConfigs>
                <a:ruleInputTestConfigs>
                    <a:value xmlns:xsd="http://www.w3.org/2001/XMLSchema" xmlns:xsi="http://www.w3.org/2001/XMLSchema-instance" xsi:type="xsd:string"/>
                    <a:nameRef>type</a:nameRef>
                    <a:id/>
                </a:ruleInputTestConfigs>
                <a:assertions xmlns:xsi="http://www.w3.org/2001/XMLSchema-instance" xsi:nil="true"/>
            </el>
        </value>
    </typedValue>
    <history>
        <historyInfo versionUuid="_a-0000df6a-d82f-8000-9ba2-011c48011c48_112435"/>
    </history>
</contentHaul>
