<?xml version="1.0" encoding="UTF-8" standalone="yes"?>
<contentHaul xmlns:a="http://www.appian.com/ae/types/2009">
    <versionUuid>_a-0000df6a-d82f-8000-9ba2-011c48011c48_112619</versionUuid>
    <decision>
        <name>CTMS_DecisionTest</name>
        <uuid>95b86a62-465f-47f8-b3a7-5089427b76ba</uuid>
        <description></description>
        <parentUuid>_a-0000def6-d094-8000-9ba2-011c48011c48_37130</parentUuid>
        <visibility>
            <advertise>false</advertise>
            <hierarchy>true</hierarchy>
            <indexable>true</indexable>
            <quota>false</quota>
            <searchable>true</searchable>
            <system>false</system>
            <unlogged>false</unlogged>
        </visibility>
        <definition>fn!override_exception_appian_internal(fn!with(local!decisiondefinition: a!decisiondesigner_cache(uuid: "95b86a62-465f-47f8-b3a7-5089427b76ba",versionKey: "e0ab63a5-7db6-4e6a-8bae-184e1dc462fd",value: #"SYSTEM_SYSRULES_dd_dd"(hitPolicy:#"SYSTEM_SYSRULES_dd_dhp"("RULE_ORDER"), inputs:{#"SYSTEM_SYSRULES_dd_di"(name:"input", type:'type!{http://www.appian.com/ae/types/2009}Boolean', id:4, restrictionType:#"SYSTEM_SYSRULES_dd_dirt"("NONE"))}, outputs:{#"SYSTEM_SYSRULES_dd_do"(id:1, name:"output", type:'type!{http://www.appian.com/ae/types/2009}Text', restrictionType:#"SYSTEM_SYSRULES_dd_dort"("NONE"), returnListType:false), #"SYSTEM_SYSRULES_dd_do"(id:2, name:"output2", type:'type!{http://www.appian.com/ae/types/2009}Text', restrictionType:#"SYSTEM_SYSRULES_dd_dort"("NONE"), returnListType:false), #"SYSTEM_SYSRULES_dd_do"(id:3, name:"output3", type:'type!{http://www.appian.com/ae/types/2009}Integer', restrictionType:#"SYSTEM_SYSRULES_dd_dort"("NONE"), returnListType:false)}, rules:{#"SYSTEM_SYSRULES_dd_dr"(id:1, inputs:{#"SYSTEM_SYSRULES_dd_dri"(id:13, decisionInputId:4, operator:#"SYSTEM_SYSRULES_dd_dop"(operator:#"SYSTEM_SYSRULES_dd_dopt"("EQUALS"), value1:true))}, outputs:{#"SYSTEM_SYSRULES_dd_dro"(id:1, decisionOutputId:1, value:"""yayy"""), #"SYSTEM_SYSRULES_dd_dro"(id:5, decisionOutputId:2, value:"""{Salutation} {Last Name}," &amp; fn!char(10) &amp; "     One or more of your documents for PharmaCorp Study {####} - Site {####} are expiring within 30 days. Please log into SiteConnect and upload current/updated versions." &amp; fn!char(10) &amp; "     Sincerely," &amp; fn!char(10) &amp; "     PharmaCorp Document Compliance Team"""), #"SYSTEM_SYSRULES_dd_dro"(id:9, decisionOutputId:3, value:5)}), #"SYSTEM_SYSRULES_dd_dr"(id:2, inputs:{#"SYSTEM_SYSRULES_dd_dri"(id:14, decisionInputId:4, operator:#"SYSTEM_SYSRULES_dd_dop"(operator:#"SYSTEM_SYSRULES_dd_dopt"("EQUALS"), value1:true))}, outputs:{#"SYSTEM_SYSRULES_dd_dro"(id:2, decisionOutputId:1, value:"""why you late"""), #"SYSTEM_SYSRULES_dd_dro"(id:6, decisionOutputId:2, value:"""you need to do this"""), #"SYSTEM_SYSRULES_dd_dro"(id:10, decisionOutputId:3, value:10)}), #"SYSTEM_SYSRULES_dd_dr"(id:3, inputs:{#"SYSTEM_SYSRULES_dd_dri"(id:15, decisionInputId:4, operator:#"SYSTEM_SYSRULES_dd_dop"(operator:#"SYSTEM_SYSRULES_dd_dopt"("EQUALS"), value1:true))}, outputs:{#"SYSTEM_SYSRULES_dd_dro"(id:3, decisionOutputId:1, value:"""This is your final warning"), #"SYSTEM_SYSRULES_dd_dro"(id:7, decisionOutputId:2, value:"""bad"""), #"SYSTEM_SYSRULES_dd_dro"(id:11, decisionOutputId:3, value:15)})})),#"SYSTEM_SYSRULES_dd_exr"(decisionDefinition:local!decisiondefinition,executionInputs:{#"SYSTEM_SYSRULES_dd_dei"(decisionInputId:4,value:'ri!input')})))</definition>
        <namedTypedValue>
            <name>input</name>
            <type>
                <name>boolean</name>
                <namespace>http://www.w3.org/2001/XMLSchema</namespace>
            </type>
        </namedTypedValue>
        <preferredEditor>legacy</preferredEditor>
        <offlineEnabled>false</offlineEnabled>
        <outputMetadataList>
            <outputMetadata>
                <outputId>1</outputId>
                <nameRef>output</nameRef>
                <typeName>{http://www.appian.com/ae/types/2009}Text</typeName>
            </outputMetadata>
            <outputMetadata>
                <outputId>2</outputId>
                <nameRef>output2</nameRef>
                <typeName>{http://www.appian.com/ae/types/2009}Text</typeName>
            </outputMetadata>
            <outputMetadata>
                <outputId>3</outputId>
                <nameRef>output3</nameRef>
                <typeName>{http://www.appian.com/ae/types/2009}Integer</typeName>
            </outputMetadata>
        </outputMetadataList>
        <hitPolicy>RULE_ORDER</hitPolicy>
    </decision>
    <roleMap public="true">
        <role inherit="true" allowForAll="false" name="readers">
            <users/>
            <groups/>
        </role>
        <role inherit="true" allowForAll="false" name="authors">
            <users/>
            <groups/>
        </role>
        <role inherit="true" allowForAll="false" name="administrators">
            <users/>
            <groups/>
        </role>
        <role inherit="false" allowForAll="false" name="denyReaders">
            <users/>
            <groups/>
        </role>
        <role inherit="false" allowForAll="false" name="denyAuthors">
            <users/>
            <groups/>
        </role>
        <role inherit="false" allowForAll="false" name="denyAdministrators">
            <users/>
            <groups/>
        </role>
    </roleMap>
    <history>
        <historyInfo versionUuid="_a-0000df6a-d82f-8000-9ba2-011c48011c48_112619"/>
    </history>
</contentHaul>
