<?xml version="1.0" encoding="UTF-8" standalone="yes"?>
<contentHaul xmlns:a="http://www.appian.com/ae/types/2009">
    <versionUuid>_a-0000df6a-d82f-8000-9ba2-011c48011c48_112563</versionUuid>
    <queryRule>
        <name>CTMS_site_getSiteByInvestigator</name>
        <uuid>_a-0000ddf1-7abf-8000-daab-640000640000_21230</uuid>
        <description>Returns the Site for a specific investigator (Contact ID) from [site_access_view]</description>
        <folderUuid>_a-0000dcd5-e7b4-8000-daab-640000640000_6354</folderUuid>
        <dataStoreEntityCompositeUuid>230b7c19-b4f1-4385-96a3-2c358774ed45@_a-0000ddcb-815e-8000-daab-640000640000_18429</dataStoreEntityCompositeUuid>
        <params>
            <param>
                <description></description>
                <name>username</name>
                <type>{http://www.w3.org/2001/XMLSchema}string</type>
            </param>
        </params>
        <filters>
            <filter>
                <field>
                    <name>hasAccess</name>
                    <type>{http://www.w3.org/2001/XMLSchema}string</type>
                </field>
                <op>includes</op>
                <value>username</value>
                <valueType>PARAMETER</valueType>
            </filter>
        </filters>
        <orderings>
            <ordering>
                <ascending>true</ascending>
                <field>
                    <name>siteIdentifier</name>
                    <type>{http://www.w3.org/2001/XMLSchema}string</type>
                </field>
            </ordering>
        </orderings>
    </queryRule>
    <roleMap public="false">
        <role inherit="true" allowForAll="false" name="readers">
            <users/>
            <groups/>
        </role>
        <role inherit="true" allowForAll="false" name="authors">
            <users/>
            <groups/>
        </role>
        <role inherit="true" allowForAll="false" name="administrators">
            <users/>
            <groups/>
        </role>
        <role inherit="false" allowForAll="false" name="denyReaders">
            <users/>
            <groups/>
        </role>
        <role inherit="false" allowForAll="false" name="denyAuthors">
            <users/>
            <groups/>
        </role>
        <role inherit="false" allowForAll="false" name="denyAdministrators">
            <users/>
            <groups/>
        </role>
    </roleMap>
    <history>
        <historyInfo versionUuid="_a-0000df6a-d82f-8000-9ba2-011c48011c48_112563"/>
    </history>
</contentHaul>
