<?xml version="1.0" encoding="UTF-8" standalone="yes"?>
<contentHaul xmlns:a="http://www.appian.com/ae/types/2009">
    <versionUuid>_a-0000df6a-d82f-8000-9ba2-011c48011c48_112532</versionUuid>
    <rule>
        <name>CTMS_ReturnGroupOrUserEmailSingle</name>
        <uuid>_a-0000ddcb-815e-8000-daab-640000640000_18407</uuid>
        <description>Takes a single group or user, and returns all the user emails</description>
        <parentUuid>_a-0000dcd5-e7b4-8000-daab-640000640000_6353</parentUuid>
        <visibility>
            <advertise>false</advertise>
            <hierarchy>true</hierarchy>
            <indexable>true</indexable>
            <quota>false</quota>
            <searchable>true</searchable>
            <system>false</system>
            <unlogged>false</unlogged>
        </visibility>
        <definition>if(
  #"_a-0000ddcb-815e-8000-daab-640000640000_18403"(
    ri!userOrGroup
  ),
  "",
  load(
    local!allUsers: getdistinctusers(
      topeople(
        ri!userOrGroup
      )
    ),
    apply(
      fn!user,
      local!allUsers,
      "email"
    )
  )
)</definition>
        <namedTypedValue>
            <name>userOrGroup</name>
            <type>
                <name>UserOrGroup</name>
                <namespace>http://www.appian.com/ae/types/2009</namespace>
            </type>
        </namedTypedValue>
        <preferredEditor>legacy</preferredEditor>
        <offlineEnabled>false</offlineEnabled>
    </rule>
    <roleMap public="true">
        <role inherit="true" allowForAll="false" name="readers">
            <users/>
            <groups/>
        </role>
        <role inherit="true" allowForAll="false" name="authors">
            <users/>
            <groups/>
        </role>
        <role inherit="true" allowForAll="false" name="administrators">
            <users/>
            <groups/>
        </role>
        <role inherit="false" allowForAll="false" name="denyReaders">
            <users/>
            <groups/>
        </role>
        <role inherit="false" allowForAll="false" name="denyAuthors">
            <users/>
            <groups/>
        </role>
        <role inherit="false" allowForAll="false" name="denyAdministrators">
            <users/>
            <groups/>
        </role>
    </roleMap>
    <history>
        <historyInfo versionUuid="_a-0000df6a-d82f-8000-9ba2-011c48011c48_112532"/>
    </history>
</contentHaul>
