<?xml version="1.0" encoding="UTF-8" standalone="yes"?>
<contentHaul xmlns:a="http://www.appian.com/ae/types/2009">
    <versionUuid>_a-0000df6a-d82f-8000-9ba2-011c48011c48_112411</versionUuid>
    <rule>
        <name>CTMS_Inverstgator_Address</name>
        <uuid>_a-0000dcfa-ab37-8000-daab-640000640000_6629</uuid>
        <description>CTMS Inverstgator Address</description>
        <parentUuid>_a-0000dcd5-e7b4-8000-daab-640000640000_6355</parentUuid>
        <visibility>
            <advertise>false</advertise>
            <hierarchy>true</hierarchy>
            <indexable>true</indexable>
            <quota>false</quota>
            <searchable>true</searchable>
            <system>false</system>
            <unlogged>false</unlogged>
        </visibility>
        <definition>load(
local!billing:ri!billing,
  {
    #"SYSTEM_SYSRULES_sectionLayout"(
      label: "PI Address Info",
      firstColumnContents: {
        #"SYSTEM_SYSRULES_textField"(
          label: "Address Line 1",
          labelPosition: "ADJACENT",
          value: ri!address.addressLine1,
          readOnly: true
        ),
        #"SYSTEM_SYSRULES_textField"(
          label: "Address Line 2",
          labelPosition: "ADJACENT",
          value: ri!address.addressLine2,
          readOnly: true
        ),
        #"SYSTEM_SYSRULES_textField"(
          label: "Address Line 3",
          labelPosition: "ADJACENT",
          value: ri!address.addressLine3,
          readOnly: true
        ),
        #"SYSTEM_SYSRULES_textField"(
          label: "City",
          labelPosition: "ADJACENT",
          value: ri!address.city,
          readOnly: true
        ),
        #"SYSTEM_SYSRULES_textField"(
          label: "State/Province",
          labelPosition: "ADJACENT",
          value: ri!address.state,
          readOnly: true
        )
      },
      secondColumnContents: {
        #"SYSTEM_SYSRULES_textField"(
          label: "Postal Code",
          labelPosition: "ADJACENT",
          value: ri!address.postalCode,
          readOnly: true
        ),
        #"SYSTEM_SYSRULES_textField"(
          label: "Country",
          labelPosition: "ADJACENT",
          value: ri!address.country,
          readOnly: true
        ),
        #"SYSTEM_SYSRULES_textField"(
          label: "Work Phone #",
          labelPosition: "ADJACENT",
          value: ri!Investigator.workPhoneNumber,
          readOnly: true
        ),
        #"SYSTEM_SYSRULES_textField"(
          label: "Work Fax #",
          labelPosition: "ADJACENT",
          value: ri!Investigator.faxPhoneNumber,
          readOnly: true
        ),
        #"SYSTEM_SYSRULES_textField"(
          label: "Email",
          labelPosition: "ADJACENT",
          value: ri!Investigator.emailAddress,
          readOnly: true
        )
      }
    ),
    #"SYSTEM_SYSRULES_milestoneField"(
      steps: {
        "",
        ""
      },
      active: ""
    ),
    #"SYSTEM_SYSRULES_sectionLayout"(
      label: "",
      instructions: "Click on the link to edit.",
      firstColumnContents: {
        /*        a!richTextDisplayField(*/
        /*  labelPosition: "COLLAPSED",*/
        /*  align:"LEFT",*/
        /*  value: {*/
        /*    a!richTextItem(*/
        /*      text: {*/
        /*        a!richTextItem("Billing Address ", "STRONG")*/
        /*        }*/
        /*    )*/
            
        /*  }*/
        /*),*/

        /*a!richTextDisplayField(*/
        /*  labelPosition: "ADJACENT",*/
        /*  value: {*/
        /*    a!richTextItem(*/
        /*      text: {*/
        /*        a!richTextItem(text: ri!billing.addressLine1, style:"EMPHASIS",*/
        /*            link: a!recordLink(label: "", */
        /*                          recordType:cons!CTMS_INVESTIGATOR_ADDRESS_RECORDTYPE,*/
        /*                          identifier:ri!billing.identifier,*/
        /*                          dashboard:"summary"*/
        /*            ))*/
        /*      }*/
        /*    ),*/
            
        /*  }*/
        /*),*/
        /*a!richTextDisplayField(*/
        /*  labelPosition: "ADJACENT",*/
        /*  value: {*/
        /*    a!richTextItem(*/
        /*      text: {*/
        /*        a!richTextItem(text: ri!billing.city&amp;", "&amp;ri!billing.state&amp;" "&amp;ri!billing.postalCode, style:"EMPHASIS",*/
        /*            link: a!recordLink(label: "", */
        /*                          recordType:cons!CTMS_INVESTIGATOR_ADDRESS_RECORDTYPE,*/
        /*                          identifier:ri!billing.identifier,*/
        /*                          dashboard:"summary"*/
        /*            ))*/
        /*      }*/
        /*    ),*/
            
        /*  }*/
        /*),        a!richTextDisplayField(*/
        /*  labelPosition: "ADJACENT",*/
        /*  value: {*/
        /*    a!richTextItem(*/
        /*      text: {*/
        /*        a!richTextItem(text: ri!billing.country , style:"EMPHASIS",*/
        /*            link: a!recordLink(label: "", */
        /*                          recordType:cons!CTMS_INVESTIGATOR_ADDRESS_RECORDTYPE,*/
        /*                          identifier:ri!billing.identifier,*/
        /*                          dashboard:"summary"*/
        /*            ))*/
        /*      }*/
        /*    ),*/
            
        /*  }*/
        /*),        */
        
        
        
        
        #"SYSTEM_SYSRULES_linkField"(
          label: "Billing Address",
          labelPosition: "ADJACENT",
          links: {
              #"SYSTEM_SYSRULES_recordLink"(
              label:ri!billing.addressLine1&amp;", "&amp;ri!billing.city&amp;", "&amp;ri!billing.state&amp;" "&amp;ri!billing.postalCode,
              recordType:#"_a-0000dcfa-ab37-8000-daab-640000640000_7023",
              identifier:ri!billing.identifier,
              dashboard:"summary"
            )
          }
        ),
        #"SYSTEM_SYSRULES_linkField"(
          label: "Mailing Address",
          labelPosition: "ADJACENT",
          links: {
              #"SYSTEM_SYSRULES_recordLink"(
              label:ri!mailing.addressLine1&amp;", "&amp;ri!mailing.city&amp;", "&amp;ri!mailing.state&amp;" "&amp;ri!mailing.postalCode,
              recordType:#"_a-0000dcfa-ab37-8000-daab-640000640000_7023",
              identifier:ri!mailing.identifier,
              dashboard:"summary"
            )

          }
        )
      },
      secondColumnContents: {
        #"SYSTEM_SYSRULES_linkField"(
          label: "Payment Address",
          labelPosition: "ADJACENT",
          links: {
              #"SYSTEM_SYSRULES_recordLink"(
              label:ri!payment.addressLine1&amp;", "&amp;ri!payment.city&amp;", "&amp;ri!payment.state&amp;" "&amp;ri!payment.postalCode,
              recordType:#"_a-0000dcfa-ab37-8000-daab-640000640000_7023",
              identifier:ri!payment.identifier,
              dashboard:"summary"
            )
          }
        ),
        #"SYSTEM_SYSRULES_linkField"(
          label: "Shipping Address",
          labelPosition: "ADJACENT",
          links: {
              #"SYSTEM_SYSRULES_recordLink"(
              label:ri!shipping.addressLine1&amp;", "&amp;ri!shipping.city&amp;", "&amp;ri!shipping.state&amp;" "&amp;ri!shipping.postalCode,
              recordType:#"_a-0000dcfa-ab37-8000-daab-640000640000_7023",
              identifier:ri!shipping.identifier,
              dashboard:"summary"
            )
          }
        )
      }
    )
  }
)</definition>
        <namedTypedValue>
            <name>address</name>
            <type>
                <name>CTMS_InvestigatorAddress</name>
                <namespace>urn:com:appian:types:CTMS</namespace>
            </type>
        </namedTypedValue>
        <namedTypedValue>
            <name>selectedType</name>
            <type>
                <name>string</name>
                <namespace>http://www.w3.org/2001/XMLSchema</namespace>
            </type>
            <value/>
        </namedTypedValue>
        <namedTypedValue>
            <name>Investigator</name>
            <type>
                <name>CTMS_User</name>
                <namespace>urn:com:appian:types:CTMS</namespace>
            </type>
        </namedTypedValue>
        <namedTypedValue>
            <name>selectedAddress</name>
            <type>
                <name>CTMS_InvestigatorAddress</name>
                <namespace>urn:com:appian:types:CTMS</namespace>
            </type>
        </namedTypedValue>
        <namedTypedValue>
            <name>startProcessModel</name>
            <type>
                <name>Variant</name>
                <namespace>http://www.appian.com/ae/types/2009</namespace>
            </type>
        </namedTypedValue>
        <namedTypedValue>
            <name>billing</name>
            <type>
                <name>CTMS_InvestigatorAddress</name>
                <namespace>urn:com:appian:types:CTMS</namespace>
            </type>
        </namedTypedValue>
        <namedTypedValue>
            <name>shipping</name>
            <type>
                <name>CTMS_InvestigatorAddress</name>
                <namespace>urn:com:appian:types:CTMS</namespace>
            </type>
        </namedTypedValue>
        <namedTypedValue>
            <name>mailing</name>
            <type>
                <name>CTMS_InvestigatorAddress</name>
                <namespace>urn:com:appian:types:CTMS</namespace>
            </type>
        </namedTypedValue>
        <namedTypedValue>
            <name>payment</name>
            <type>
                <name>CTMS_InvestigatorAddress</name>
                <namespace>urn:com:appian:types:CTMS</namespace>
            </type>
        </namedTypedValue>
        <metadataExpr></metadataExpr>
        <preferredEditor>interface</preferredEditor>
        <offlineEnabled>false</offlineEnabled>
    </rule>
    <roleMap public="true">
        <role inherit="true" allowForAll="false" name="readers">
            <users/>
            <groups/>
        </role>
        <role inherit="true" allowForAll="false" name="authors">
            <users/>
            <groups/>
        </role>
        <role inherit="true" allowForAll="false" name="administrators">
            <users/>
            <groups/>
        </role>
        <role inherit="false" allowForAll="false" name="denyReaders">
            <users/>
            <groups/>
        </role>
        <role inherit="false" allowForAll="false" name="denyAuthors">
            <users/>
            <groups/>
        </role>
        <role inherit="false" allowForAll="false" name="denyAdministrators">
            <users/>
            <groups/>
        </role>
    </roleMap>
    <typedValue>
        <type>
            <name>RuleTestConfig?list</name>
            <namespace>http://www.appian.com/ae/types/2009</namespace>
        </type>
        <value>
            <el>
                <a:name/>
                <a:ruleInputTestConfigs>
                    <a:value xmlns:xsi="http://www.w3.org/2001/XMLSchema-instance" xsi:type="a:Expression">{}</a:value>
                    <a:nameRef>address</a:nameRef>
                    <a:id/>
                </a:ruleInputTestConfigs>
                <a:ruleInputTestConfigs>
                    <a:value xmlns:xsd="http://www.w3.org/2001/XMLSchema" xmlns:xsi="http://www.w3.org/2001/XMLSchema-instance" xsi:type="xsd:string"/>
                    <a:nameRef>selectedType</a:nameRef>
                    <a:id/>
                </a:ruleInputTestConfigs>
                <a:ruleInputTestConfigs>
                    <a:value xmlns:xsi="http://www.w3.org/2001/XMLSchema-instance" xsi:type="a:Expression">{}</a:value>
                    <a:nameRef>Investigator</a:nameRef>
                    <a:id/>
                </a:ruleInputTestConfigs>
                <a:ruleInputTestConfigs>
                    <a:value xmlns:n1="urn:com:appian:types:CTMS" xmlns:xsi="http://www.w3.org/2001/XMLSchema-instance" xsi:nil="true" xsi:type="n1:CTMS_InvestigatorAddress"/>
                    <a:nameRef>selectedAddress</a:nameRef>
                    <a:id/>
                </a:ruleInputTestConfigs>
                <a:ruleInputTestConfigs>
                    <a:value xmlns:xsd="http://www.w3.org/2001/XMLSchema" xmlns:xsi="http://www.w3.org/2001/XMLSchema-instance" xsi:type="xsd:string"/>
                    <a:nameRef>startProcessModel</a:nameRef>
                    <a:id/>
                </a:ruleInputTestConfigs>
                <a:ruleInputTestConfigs>
                    <a:value xmlns:n1="urn:com:appian:types:CTMS" xmlns:xsi="http://www.w3.org/2001/XMLSchema-instance" xsi:nil="true" xsi:type="n1:CTMS_InvestigatorAddress"/>
                    <a:nameRef>billing</a:nameRef>
                    <a:id/>
                </a:ruleInputTestConfigs>
                <a:ruleInputTestConfigs>
                    <a:value xmlns:n1="urn:com:appian:types:CTMS" xmlns:xsi="http://www.w3.org/2001/XMLSchema-instance" xsi:nil="true" xsi:type="n1:CTMS_InvestigatorAddress"/>
                    <a:nameRef>shipping</a:nameRef>
                    <a:id/>
                </a:ruleInputTestConfigs>
                <a:ruleInputTestConfigs>
                    <a:value xmlns:n1="urn:com:appian:types:CTMS" xmlns:xsi="http://www.w3.org/2001/XMLSchema-instance" xsi:nil="true" xsi:type="n1:CTMS_InvestigatorAddress"/>
                    <a:nameRef>mailing</a:nameRef>
                    <a:id/>
                </a:ruleInputTestConfigs>
                <a:ruleInputTestConfigs>
                    <a:value xmlns:n1="urn:com:appian:types:CTMS" xmlns:xsi="http://www.w3.org/2001/XMLSchema-instance" xsi:nil="true" xsi:type="n1:CTMS_InvestigatorAddress"/>
                    <a:nameRef>payment</a:nameRef>
                    <a:id/>
                </a:ruleInputTestConfigs>
                <a:assertions xmlns:xsi="http://www.w3.org/2001/XMLSchema-instance" xsi:nil="true"/>
            </el>
        </value>
    </typedValue>
    <history>
        <historyInfo versionUuid="_a-0000df6a-d82f-8000-9ba2-011c48011c48_112411"/>
    </history>
</contentHaul>
