<?xml version="1.0" encoding="UTF-8" standalone="yes"?>
<contentHaul xmlns:a="http://www.appian.com/ae/types/2009">
    <versionUuid>_a-0000df6a-d82f-8000-9ba2-011c48011c48_112594</versionUuid>
    <rule>
        <name>CTMS_Debug</name>
        <uuid>_a-0000def6-d094-8000-9ba2-011c48011c48_37089</uuid>
        <description>Debug purposes</description>
        <parentUuid>_a-0000dcd5-e7b4-8000-daab-640000640000_6353</parentUuid>
        <visibility>
            <advertise>false</advertise>
            <hierarchy>true</hierarchy>
            <indexable>true</indexable>
            <quota>false</quota>
            <searchable>true</searchable>
            <system>false</system>
            <unlogged>false</unlogged>
        </visibility>
        <definition>load(
  local!data: if(
    length(
      ri!investigatorIdentifier
    ) &lt; 1,
    {},
    #"SYSTEM_SYSRULES_queryEntity"(
      entity: #"_a-0000def6-d094-8000-9ba2-011c48011c48_37098",
      query: #"SYSTEM_SYSRULES_query"(
        logicalExpression: #"SYSTEM_SYSRULES_queryLogicalExpression"(
          operator: "AND",
          filters: {
            #"SYSTEM_SYSRULES_queryFilter"(
              field: "expirationDate",
              operator: "&lt;=",
              value: today() + ri!toDays
            ),
            #"SYSTEM_SYSRULES_queryFilter"(
              field: "expirationDate",
              operator: "&gt;=",
              value: today() + ri!fromDays
            ),
              #"SYSTEM_SYSRULES_queryFilter"(
                field: "investigatorIdentifier",
                operator: "=",
                value: ri!investigatorIdentifier
              )
          }
        ),
        pagingInfo: #"SYSTEM_SYSRULES_pagingInfo"(
          startIndex: 1,
          batchSize: - 1
        )
      )
    ).data
  ),
  local!uniqueIdentifiers: union(
    local!data,
    local!data
  ),
  filter(
    #"_a-0000def6-d094-8000-9ba2-011c48011c48_37137",
    local!uniqueIdentifiers
  )
)</definition>
        <namedTypedValue>
            <name>investigatorIdentifier</name>
            <type>
                <name>string</name>
                <namespace>http://www.w3.org/2001/XMLSchema</namespace>
            </type>
            <value/>
        </namedTypedValue>
        <namedTypedValue>
            <name>fromDays</name>
            <type>
                <name>int</name>
                <namespace>http://www.w3.org/2001/XMLSchema</namespace>
            </type>
        </namedTypedValue>
        <namedTypedValue>
            <name>toDays</name>
            <type>
                <name>int</name>
                <namespace>http://www.w3.org/2001/XMLSchema</namespace>
            </type>
        </namedTypedValue>
        <preferredEditor>legacy</preferredEditor>
        <offlineEnabled>false</offlineEnabled>
    </rule>
    <roleMap public="true">
        <role inherit="true" allowForAll="false" name="readers">
            <users/>
            <groups/>
        </role>
        <role inherit="true" allowForAll="false" name="authors">
            <users/>
            <groups/>
        </role>
        <role inherit="true" allowForAll="false" name="administrators">
            <users/>
            <groups/>
        </role>
        <role inherit="false" allowForAll="false" name="denyReaders">
            <users/>
            <groups/>
        </role>
        <role inherit="false" allowForAll="false" name="denyAuthors">
            <users/>
            <groups/>
        </role>
        <role inherit="false" allowForAll="false" name="denyAdministrators">
            <users/>
            <groups/>
        </role>
    </roleMap>
    <typedValue>
        <type>
            <name>RuleTestConfig?list</name>
            <namespace>http://www.appian.com/ae/types/2009</namespace>
        </type>
        <value>
            <el>
                <a:name>Warning test case</a:name>
                <a:ruleInputTestConfigs>
                    <a:value xmlns:xsi="http://www.w3.org/2001/XMLSchema-instance" xsi:nil="true"/>
                    <a:nameRef>investigatorIdentifier</a:nameRef>
                    <a:id>1</a:id>
                </a:ruleInputTestConfigs>
                <a:ruleInputTestConfigs>
                    <a:value xmlns:xsi="http://www.w3.org/2001/XMLSchema-instance" xsi:nil="true"/>
                    <a:nameRef>fromDays</a:nameRef>
                    <a:id>2</a:id>
                </a:ruleInputTestConfigs>
                <a:ruleInputTestConfigs>
                    <a:value xmlns:xsi="http://www.w3.org/2001/XMLSchema-instance" xsi:nil="true"/>
                    <a:nameRef>toDays</a:nameRef>
                    <a:id>3</a:id>
                </a:ruleInputTestConfigs>
                <a:assertions xmlns:xsi="http://www.w3.org/2001/XMLSchema-instance" xsi:nil="true"/>
            </el>
        </value>
    </typedValue>
    <history>
        <historyInfo versionUuid="_a-0000df6a-d82f-8000-9ba2-011c48011c48_112594"/>
    </history>
</contentHaul>
