<?xml version="1.0" encoding="UTF-8" standalone="yes"?>
<contentHaul xmlns:a="http://www.appian.com/ae/types/2009">
    <versionUuid>_a-0000df6a-d82f-8000-9ba2-011c48011c48_112570</versionUuid>
    <rule>
        <name>CTMS_Site_EnrollmentChart</name>
        <uuid>_a-0000ddf1-7abf-8000-daab-640000640000_21589</uuid>
        <description>Enrollment section of the Protocole Site Record Dashboard containing the Pie Chart Report of enrolled subjects</description>
        <parentUuid>_a-0000dcd5-e7b4-8000-daab-640000640000_6355</parentUuid>
        <visibility>
            <advertise>false</advertise>
            <hierarchy>true</hierarchy>
            <indexable>true</indexable>
            <quota>false</quota>
            <searchable>true</searchable>
            <system>false</system>
            <unlogged>false</unlogged>
        </visibility>
        <definition>load(&#xD;
  {&#xD;
    #"SYSTEM_SYSRULES_sectionLayout"(&#xD;
      label:"Enrollment",&#xD;
      firstColumnContents: {&#xD;
        #"SYSTEM_SYSRULES_pieChartField"(&#xD;
          label: "",&#xD;
          /*showAsPercentage:true,*/&#xD;
          labelPosition: "ABOVE",&#xD;
          /*instructions: "Leads are calculated based on current protocol status",*/&#xD;
          series: {&#xD;
            #"SYSTEM_SYSRULES_chartSeries"(&#xD;
              label: "Screen Failures",&#xD;
              data: ri!subject.numberScreenFailed&#xD;
            ),&#xD;
            #"SYSTEM_SYSRULES_chartSeries"(&#xD;
              label: "Re-Screened",&#xD;
              data: ri!subject.numberRescreened&#xD;
            ),&#xD;
            #"SYSTEM_SYSRULES_chartSeries"(&#xD;
              label: "Enrolled",&#xD;
              data: ri!subject.numberEnrolled&#xD;
            ),&#xD;
            #"SYSTEM_SYSRULES_chartSeries"(&#xD;
              label: "Early Terminated",&#xD;
              data: ri!subject.numberEarlyTerminated&#xD;
            ),&#xD;
            #"SYSTEM_SYSRULES_chartSeries"(&#xD;
              label: "Completed",&#xD;
              data: ri!subject.numberCompleted&#xD;
            ),&#xD;
            #"SYSTEM_SYSRULES_chartSeries"(&#xD;
              label: "Randomized",&#xD;
              data: ri!subject.numberRandomized&#xD;
            )&#xD;
          },&#xD;
          showDataLabels: true&#xD;
        )&#xD;
      }&#xD;
    )&#xD;
  }&#xD;
)</definition>
        <namedTypedValue>
            <name>subject</name>
            <type>
                <name>CTMS_SiteAccessView</name>
                <namespace>urn:com:appian:types:CTMS</namespace>
            </type>
        </namedTypedValue>
        <metadataExpr></metadataExpr>
        <preferredEditor>interface</preferredEditor>
        <offlineEnabled>false</offlineEnabled>
    </rule>
    <roleMap public="true">
        <role inherit="true" allowForAll="false" name="readers">
            <users/>
            <groups/>
        </role>
        <role inherit="true" allowForAll="false" name="authors">
            <users/>
            <groups/>
        </role>
        <role inherit="true" allowForAll="false" name="administrators">
            <users/>
            <groups/>
        </role>
        <role inherit="false" allowForAll="false" name="denyReaders">
            <users/>
            <groups/>
        </role>
        <role inherit="false" allowForAll="false" name="denyAuthors">
            <users/>
            <groups/>
        </role>
        <role inherit="false" allowForAll="false" name="denyAdministrators">
            <users/>
            <groups/>
        </role>
    </roleMap>
    <typedValue>
        <type>
            <name>RuleTestConfig?list</name>
            <namespace>http://www.appian.com/ae/types/2009</namespace>
        </type>
        <value>
            <el>
                <a:name/>
                <a:ruleInputTestConfigs>
                    <a:value xmlns:xsi="http://www.w3.org/2001/XMLSchema-instance" xsi:type="a:Expression">#"38c0b0ce-9c91-480f-9ee6-eda722584131"(1)</a:value>
                    <a:nameRef>subject</a:nameRef>
                    <a:id/>
                </a:ruleInputTestConfigs>
                <a:assertions xmlns:xsi="http://www.w3.org/2001/XMLSchema-instance" xsi:nil="true"/>
            </el>
        </value>
    </typedValue>
    <history>
        <historyInfo versionUuid="_a-0000df6a-d82f-8000-9ba2-011c48011c48_112570"/>
    </history>
</contentHaul>
