<?xml version="1.0" encoding="UTF-8" standalone="yes"?>
<contentHaul xmlns:a="http://www.appian.com/ae/types/2009">
    <versionUuid>_a-0000df6a-d82f-8000-9ba2-011c48011c48_112586</versionUuid>
    <rule>
        <name>TEST_userPermissions</name>
        <uuid>_a-0000def6-d094-8000-9ba2-011c48011c48_36359</uuid>
        <description>rule!CTMS_Users_getUsersBySiteID(rule!CTMS_site_getSiteByInvestigator(tostring(fn!loggedInUser())).siteIdentifier).username</description>
        <parentUuid>_a-0000dcd5-e7b4-8000-daab-640000640000_6353</parentUuid>
        <visibility>
            <advertise>false</advertise>
            <hierarchy>true</hierarchy>
            <indexable>true</indexable>
            <quota>false</quota>
            <searchable>true</searchable>
            <system>false</system>
            <unlogged>false</unlogged>
        </visibility>
        <definition>{
  load(
    local!sites: #"_a-0000ddf1-7abf-8000-daab-640000640000_21230"("").siteIdentifier,
    if(length(local!sites) &gt; 0,
    #"_a-0000ddf1-7abf-8000-daab-640000640000_21704"(local!sites[1]).username,
    "")
  )
  }</definition>
        <preferredEditor>legacy</preferredEditor>
        <offlineEnabled>false</offlineEnabled>
    </rule>
    <roleMap public="true">
        <role inherit="true" allowForAll="false" name="readers">
            <users/>
            <groups/>
        </role>
        <role inherit="true" allowForAll="false" name="authors">
            <users/>
            <groups/>
        </role>
        <role inherit="true" allowForAll="false" name="administrators">
            <users/>
            <groups/>
        </role>
        <role inherit="false" allowForAll="false" name="denyReaders">
            <users/>
            <groups/>
        </role>
        <role inherit="false" allowForAll="false" name="denyAuthors">
            <users/>
            <groups/>
        </role>
        <role inherit="false" allowForAll="false" name="denyAdministrators">
            <users/>
            <groups/>
        </role>
    </roleMap>
    <history>
        <historyInfo versionUuid="_a-0000df6a-d82f-8000-9ba2-011c48011c48_112586"/>
    </history>
</contentHaul>
