<?xml version="1.0" encoding="UTF-8" standalone="yes"?>
<contentHaul xmlns:a="http://www.appian.com/ae/types/2009">
    <versionUuid>_a-0000df6a-d82f-8000-9ba2-011c48011c48_112602</versionUuid>
    <rule>
        <name>CTMS_getEmailByIdentifier</name>
        <uuid>_a-0000def6-d094-8000-9ba2-011c48011c48_37124</uuid>
        <description>Returns email of the user using by identifier parameter</description>
        <parentUuid>_a-0000dcd5-e7b4-8000-daab-640000640000_6353</parentUuid>
        <visibility>
            <advertise>false</advertise>
            <hierarchy>true</hierarchy>
            <indexable>true</indexable>
            <quota>false</quota>
            <searchable>true</searchable>
            <system>false</system>
            <unlogged>false</unlogged>
        </visibility>
        <definition>/*
First it will query the values to see if it returns any values
If length &lt; 1 (empty list), then it returns empty list
Otherwise query again and retrieve list of emails using list
of identifiers
*/
if(length(ri!investigatorIdentifier) &lt; 1, {},
load(local!data:
  #"SYSTEM_SYSRULES_queryEntity"(
    entity: #"_a-0000def6-d094-8000-9ba2-011c48011c48_37112",
    query: #"SYSTEM_SYSRULES_query"(
      selection: #"SYSTEM_SYSRULES_querySelection"(
        columns: #"SYSTEM_SYSRULES_queryColumn"(
          field: "emailAddress"
        )
      ),
      filter: #"SYSTEM_SYSRULES_queryFilter"(
        field: "identifier",
        operator: "in",
        value: touniformstring(ri!investigatorIdentifier)
      ),
      pagingInfo: #"SYSTEM_SYSRULES_pagingInfo"(
        startIndex: 1,
        batchSize: - 1
      )
    )
  ).data.emailAddress
,
  local!emails: union(
    local!data,
    local!data
  ),
filter(#"_a-0000def6-d094-8000-9ba2-011c48011c48_37137", local!emails)
)
)</definition>
        <namedTypedValue>
            <name>investigatorIdentifier</name>
            <type>
                <name>Text?list</name>
                <namespace>http://www.appian.com/ae/types/2009</namespace>
            </type>
        </namedTypedValue>
        <preferredEditor>legacy</preferredEditor>
        <offlineEnabled>false</offlineEnabled>
    </rule>
    <roleMap public="true">
        <role inherit="true" allowForAll="false" name="readers">
            <users/>
            <groups/>
        </role>
        <role inherit="true" allowForAll="false" name="authors">
            <users/>
            <groups/>
        </role>
        <role inherit="true" allowForAll="false" name="administrators">
            <users/>
            <groups/>
        </role>
        <role inherit="false" allowForAll="false" name="denyReaders">
            <users/>
            <groups/>
        </role>
        <role inherit="false" allowForAll="false" name="denyAuthors">
            <users/>
            <groups/>
        </role>
        <role inherit="false" allowForAll="false" name="denyAdministrators">
            <users/>
            <groups/>
        </role>
    </roleMap>
    <history>
        <historyInfo versionUuid="_a-0000df6a-d82f-8000-9ba2-011c48011c48_112602"/>
    </history>
</contentHaul>
