<?xml version="1.0" encoding="UTF-8" standalone="yes"?>
<contentHaul xmlns:a="http://www.appian.com/ae/types/2009">
    <versionUuid>_a-0000df6a-d82f-8000-9ba2-011c48011c48_112530</versionUuid>
    <rule>
        <name>CTMS_TaskLinkFromProcessId</name>
        <uuid>_a-0000ddcb-815e-8000-daab-640000640000_18405</uuid>
        <description>Takes the process id and returns a link to the task for that process. Returns empty string if there is no task available to link to for that process id</description>
        <parentUuid>_a-0000dcd5-e7b4-8000-daab-640000640000_6353</parentUuid>
        <visibility>
            <advertise>false</advertise>
            <hierarchy>true</hierarchy>
            <indexable>true</indexable>
            <quota>false</quota>
            <searchable>true</searchable>
            <system>false</system>
            <unlogged>false</unlogged>
        </visibility>
        <definition>if(
  #"_a-0000ddcb-815e-8000-daab-640000640000_18403"(
    ri!processId
  ),
  "",
  load(
    local!taskId: #"_a-0000ddcb-815e-8000-daab-640000640000_18406"(
      processId: ri!processId
    ),
    if(
      #"_a-0000ddcb-815e-8000-daab-640000640000_18403"(
        local!taskId
      ),
      "",
      "http://" &amp; #"_a-0000ddcb-815e-8000-daab-640000640000_18410" &amp; "/suite/tempo/tasks/task/" &amp; local!taskId
    )
  )
)</definition>
        <namedTypedValue>
            <name>processId</name>
            <type>
                <name>int</name>
                <namespace>http://www.w3.org/2001/XMLSchema</namespace>
            </type>
        </namedTypedValue>
        <preferredEditor>legacy</preferredEditor>
        <offlineEnabled>false</offlineEnabled>
    </rule>
    <roleMap public="true">
        <role inherit="true" allowForAll="false" name="readers">
            <users/>
            <groups/>
        </role>
        <role inherit="true" allowForAll="false" name="authors">
            <users/>
            <groups/>
        </role>
        <role inherit="true" allowForAll="false" name="administrators">
            <users/>
            <groups/>
        </role>
        <role inherit="false" allowForAll="false" name="denyReaders">
            <users/>
            <groups/>
        </role>
        <role inherit="false" allowForAll="false" name="denyAuthors">
            <users/>
            <groups/>
        </role>
        <role inherit="false" allowForAll="false" name="denyAdministrators">
            <users/>
            <groups/>
        </role>
    </roleMap>
    <history>
        <historyInfo versionUuid="_a-0000df6a-d82f-8000-9ba2-011c48011c48_112530"/>
    </history>
</contentHaul>
