<?xml version="1.0" encoding="UTF-8" standalone="yes"?>
<contentHaul xmlns:a="http://www.appian.com/ae/types/2009">
    <versionUuid>_a-0000df6a-d82f-8000-9ba2-011c48011c48_112397</versionUuid>
    <rule>
        <name>CTMS_Site_SiteManagement</name>
        <uuid>_a-0000dceb-92a1-8000-daab-640000640000_6475</uuid>
        <description>Site Management Inteface</description>
        <parentUuid>_a-0000dcd5-e7b4-8000-daab-640000640000_6355</parentUuid>
        <visibility>
            <advertise>false</advertise>
            <hierarchy>true</hierarchy>
            <indexable>true</indexable>
            <quota>false</quota>
            <searchable>true</searchable>
            <system>false</system>
            <unlogged>false</unlogged>
        </visibility>
        <definition>load(
  local!protocolSite: #"2b098053-ae74-4cc0-b0c2-2a9d1d9fd096"(),
    local!itemsToken,
    local!collector,
   local!gridSelection: #"SYSTEM_SYSRULES_gridSelection"(pagingInfo: #"SYSTEM_SYSRULES_pagingInfo"(startIndex: 1, batchSize: 10)),
  local!selectedSite,
  with(
    local!datasubset: todatasubset(local!protocolSite, local!gridSelection.pagingInfo),
  
  {
    #"SYSTEM_SYSRULES_sectionLayout"(
      label: "Site Management Details",
      firstColumnContents: {
        /*a!textField(*/
        /*  readOnly:true,*/
        /*  value:local!datasubset.data*/
        /*),*/
        
            #"SYSTEM_SYSRULES_gridField"(
      label: "Sites",
      instructions: "Click a site name to view the Site Information",
      totalCount: local!datasubset.totalCount,
            columns: {
        #"SYSTEM_SYSRULES_gridTextColumn"(
          label: "Site#",
          field: "siteNo",
          data: index(local!datasubset.data, "siteNo", {}),
          links: apply(#"SYSTEM_SYSRULES_dynamicLink"(value: _, saveInto: local!collector), local!datasubset.data)
        ),
        #"SYSTEM_SYSRULES_gridTextColumn"(
          label: "PI Last Name",
          field: "PIFirstname",
          data:index(local!datasubset.data, "PILastname", {})
        ),
        #"SYSTEM_SYSRULES_gridTextColumn"(
          label: "Protocol #",
          field: "protocolNo",
          data: index(local!datasubset.data, "protocolNo", {})
        ),
        #"SYSTEM_SYSRULES_gridTextColumn"(
          label: "Account",
          field: "account",
          data: index(local!datasubset.data, "account", {})
        ),
        
        #"SYSTEM_SYSRULES_gridTextColumn"(
          label: "Term",
          field: "term",
          data: index(local!datasubset.data, "term", {})
        ),
        #"SYSTEM_SYSRULES_gridTextColumn"(
          label: "Status",
          field: "status",
          data: index(local!datasubset.data, "status", {})
        ),
                #"SYSTEM_SYSRULES_gridTextColumn"(
          label: "Edit",
          data: apply(#"1ce433f7-6ac5-4ce3-9a4a-93c51952de92"(_),index(local!datasubset.data, "siteNo", {})),
          links: apply(#"SYSTEM_SYSRULES_submitLink"(value: _, skipValidation:true, saveInto: ri!collector), local!datasubset.data)
        )

      },
      identifiers: index(local!datasubset.data, "siteIdentifier"),
      value: local!gridSelection,
      saveInto: {
        local!gridSelection,
        #"2d9bd3e8-1fec-4b8e-bfdf-b08fa26eac5f"(local!gridSelection.selected),
        /*a!save(ri!selected, local!gridSelection.selected)*/
      },
      /*selection: true,*/
      emptyGridMessage: "No Site have been added."
      /*disabled: ri!isReadOnly*/
      ),
      
      }
      
    ),
    if(isnull(local!collector),{},
    {
    #"SYSTEM_SYSRULES_sectionLayout"(
      label: "Site Details",
      firstColumnContents: {
        #"SYSTEM_SYSRULES_textField"(
          label: "Site #",
          labelPosition: "ADJACENT",
          value: local!collector.siteNo,
          readOnly: true
        ),
        #"SYSTEM_SYSRULES_textField"(
          label: "PI First Name",
          labelPosition: "ADJACENT",
          value: local!collector.PIFirstName,
          readOnly: true
        ),
        #"SYSTEM_SYSRULES_textField"(
          label: "SVT Version:",
          labelPosition: "ADJACENT",
          value: local!collector.SVTVersion,
          readOnly: true
        ),
        #"SYSTEM_SYSRULES_textField"(
          label: "Contract Amount:",
          labelPosition: "ADJACENT",
          value: local!collector.contractAmount,
          readOnly: true
        )
      },
      secondColumnContents: {
        #"SYSTEM_SYSRULES_textField"(
          label: "Status",
          labelPosition: "ADJACENT",
          value: local!collector.status,
          readOnly: true
        ),
        #"SYSTEM_SYSRULES_textField"(
          label: "Protocol #:",
          labelPosition: "ADJACENT",
          value: local!collector.protocolNo,
          readOnly: true
        ),
        #"SYSTEM_SYSRULES_textField"(
          label: "PI LastName:",
          labelPosition: "ADJACENT",
          value: local!collector.PILastName,
          readOnly: true
        ),
        #"SYSTEM_SYSRULES_dateField"(
          label: "Visit Schedule Active Date",
          labelPosition: "ADJACENT",
          value: local!collector.visitScheduleActiveDate,
          readOnly: true
        )
        
      }
    )      

    })
  }
)
)

</definition>
        <namedTypedValue>
            <name>collector</name>
            <type>
                <name>CTMS_ProtocolSiteList</name>
                <namespace>urn:com:appian:types:CTMS</namespace>
            </type>
        </namedTypedValue>
        <metadataExpr></metadataExpr>
        <preferredEditor>interface</preferredEditor>
        <offlineEnabled>false</offlineEnabled>
    </rule>
    <roleMap public="true">
        <role inherit="true" allowForAll="false" name="readers">
            <users/>
            <groups/>
        </role>
        <role inherit="true" allowForAll="false" name="authors">
            <users/>
            <groups/>
        </role>
        <role inherit="true" allowForAll="false" name="administrators">
            <users/>
            <groups/>
        </role>
        <role inherit="false" allowForAll="false" name="denyReaders">
            <users/>
            <groups/>
        </role>
        <role inherit="false" allowForAll="false" name="denyAuthors">
            <users/>
            <groups/>
        </role>
        <role inherit="false" allowForAll="false" name="denyAdministrators">
            <users/>
            <groups/>
        </role>
    </roleMap>
    <history>
        <historyInfo versionUuid="_a-0000df6a-d82f-8000-9ba2-011c48011c48_112397"/>
    </history>
</contentHaul>
