<?xml version="1.0" encoding="UTF-8" standalone="yes"?>
<contentHaul xmlns:a="http://www.appian.com/ae/types/2009">
    <versionUuid>_a-0000df6a-d82f-8000-9ba2-011c48011c48_112482</versionUuid>
    <rule>
        <name>CTMS_SiteActivityDetail_Section</name>
        <uuid>_a-0000dd3a-dada-8000-daab-640000640000_13596</uuid>
        <description>Takes a CTMS_SitePaymentActivitiesView cdt and returns a section with the full Site Payment Activities Detail data</description>
        <parentUuid>_a-0000dcd5-e7b4-8000-daab-640000640000_6355</parentUuid>
        <visibility>
            <advertise>false</advertise>
            <hierarchy>true</hierarchy>
            <indexable>true</indexable>
            <quota>false</quota>
            <searchable>true</searchable>
            <system>false</system>
            <unlogged>false</unlogged>
        </visibility>
        <definition>=#"SYSTEM_SYSRULES_sectionLayout"(
  label: "Activity",
  firstColumnContents: {
    /*a!textField(*/
    /*  label: "Type",*/
    /*  labelPosition: "ADJACENT",*/
    /*  value: ri!activitiesDetail.paymentType,*/
    /*  readOnly: true*/
    /*),*/
    /*a!textField(*/
    /*  label: "Visit Name",*/
    /*  labelPosition: "ADJACENT",*/
    /*  value: ri!activitiesDetail.protocolsNumber,*/
    /*  readOnly: true*/
    /*),*/
    #"SYSTEM_SYSRULES_textField"(
      label: "Activity",
      labelPosition: "ADJACENT",
      value: ri!activitiesDetail.activity,
      readOnly: true
    ),
    #"SYSTEM_SYSRULES_textField"(
      label: "Activity Type",
      labelPosition: "ADJACENT",
      value: ri!activitiesDetail.activityType,
      readOnly: true
    ),
    #"SYSTEM_SYSRULES_textField"(
      label: "Description",
      labelPosition: "ADJACENT",
      value: ri!activitiesDetail.activityDescripiton,
      readOnly: true
    ),
    #"SYSTEM_SYSRULES_textField"(
      label: "Screening ID",
      labelPosition: "ADJACENT",
      value: ri!activitiesDetail.screeningId,
      readOnly: true
    ),
    #"SYSTEM_SYSRULES_textField"(
      label: "Planned Start Date",
      labelPosition: "ADJACENT",
      value: ri!activitiesDetail.plannedStartDate,
      readOnly: true
    ),
    #"SYSTEM_SYSRULES_textField"(
      label: "Start Date",
      labelPosition: "ADJACENT",
      value: ri!activitiesDetail.startDate,
      readOnly: true
    ),
    #"SYSTEM_SYSRULES_textField"(
      label: "Planned Completed Date",
      labelPosition: "ADJACENT",
      value: ri!activitiesDetail.planCompletedDate,
      readOnly: true
    )
  },
  secondColumnContents: {
    #"SYSTEM_SYSRULES_textField"(
      label: "Completed",
      labelPosition: "ADJACENT",
      value: ri!activitiesDetail.completed,
      readOnly: true
    ),
    #"SYSTEM_SYSRULES_textField"(
      label: "Completed Date",
      labelPosition: "ADJACENT",
      value: ri!activitiesDetail.completedDate,
      readOnly: true
    ),
    #"SYSTEM_SYSRULES_textField"(
      label: "Status",
      labelPosition: "ADJACENT",
      value: ri!activitiesDetail.status,
      readOnly: true
    ),
    #"SYSTEM_SYSRULES_textField"(
      label: "Payment",
      labelPosition: "ADJACENT",
      value: ri!activitiesDetail.payment,
      readOnly: true
    ),
    #"SYSTEM_SYSRULES_textField"(
      label: "Standard Amount",
      labelPosition: "ADJACENT",
      value: ri!activitiesDetail.standardAmount,
      readOnly: true
    ),
    #"SYSTEM_SYSRULES_textField"(
      label: "Deviation Amount",
      labelPosition: "ADJACENT",
      value: ri!activitiesDetail.deviationAmount,
      readOnly: true
    ),
    #"SYSTEM_SYSRULES_textField"(
      label: "Actual Amount",
      labelPosition: "ADJACENT",
      value: ri!activitiesDetail.actualAmount,
      readOnly: true
    )
  },
  isCollapsible: true
)</definition>
        <namedTypedValue>
            <name>activitiesDetail</name>
            <type>
                <name>CTMS_SitePaymentActivitiesView</name>
                <namespace>urn:com:appian:types:CTMS</namespace>
            </type>
        </namedTypedValue>
        <preferredEditor>interface</preferredEditor>
        <offlineEnabled>false</offlineEnabled>
    </rule>
    <roleMap public="true">
        <role inherit="true" allowForAll="false" name="readers">
            <users/>
            <groups/>
        </role>
        <role inherit="true" allowForAll="false" name="authors">
            <users/>
            <groups/>
        </role>
        <role inherit="true" allowForAll="false" name="administrators">
            <users/>
            <groups/>
        </role>
        <role inherit="false" allowForAll="false" name="denyReaders">
            <users/>
            <groups/>
        </role>
        <role inherit="false" allowForAll="false" name="denyAuthors">
            <users/>
            <groups/>
        </role>
        <role inherit="false" allowForAll="false" name="denyAdministrators">
            <users/>
            <groups/>
        </role>
    </roleMap>
    <history>
        <historyInfo versionUuid="_a-0000df6a-d82f-8000-9ba2-011c48011c48_112482"/>
    </history>
</contentHaul>
