<?xml version="1.0" encoding="UTF-8" standalone="yes"?>
<contentHaul xmlns:a="http://www.appian.com/ae/types/2009">
    <versionUuid>_a-0000df6a-d82f-8000-9ba2-011c48011c48_112573</versionUuid>
    <rule>
        <name>CTMS_getProcessIdFromUser</name>
        <uuid>_a-0000ddf1-7abf-8000-daab-640000640000_21608</uuid>
        <description>Check to see if a process instance exists for a user</description>
        <parentUuid>_a-0000dcd5-e7b4-8000-daab-640000640000_6353</parentUuid>
        <visibility>
            <advertise>false</advertise>
            <hierarchy>true</hierarchy>
            <indexable>true</indexable>
            <quota>false</quota>
            <searchable>true</searchable>
            <system>false</system>
            <unlogged>false</unlogged>
        </visibility>
        <definition>  count(&#xD;
    index(&#xD;
      a!queryProcessAnalytics(&#xD;
        report: #"_a-0000ddf1-7abf-8000-daab-640000640000_21612",&#xD;
        contextProcessModels: #"_a-0000ddf1-7abf-8000-daab-640000640000_21611",&#xD;
        query: #"SYSTEM_SYSRULES_query"(&#xD;
          filter: {&#xD;
            #"SYSTEM_SYSRULES_queryFilter"(&#xD;
              field: "c4",&#xD;
              operator: "=",&#xD;
              value: ri!user&#xD;
            )&#xD;
          },&#xD;
          pagingInfo: #"SYSTEM_SYSRULES_pagingInfo"(&#xD;
            startIndex: 1,&#xD;
            batchSize: -1&#xD;
          )&#xD;
        )&#xD;
      ).data,&#xD;
      "c3",&#xD;
      {}&#xD;
    )&#xD;
  )</definition>
        <namedTypedValue>
            <name>user</name>
            <type>
                <name>User</name>
                <namespace>http://www.appian.com/ae/types/2009</namespace>
            </type>
        </namedTypedValue>
        <preferredEditor>legacy</preferredEditor>
        <offlineEnabled>false</offlineEnabled>
    </rule>
    <roleMap public="true">
        <role inherit="true" allowForAll="false" name="readers">
            <users/>
            <groups/>
        </role>
        <role inherit="true" allowForAll="false" name="authors">
            <users/>
            <groups/>
        </role>
        <role inherit="true" allowForAll="false" name="administrators">
            <users/>
            <groups/>
        </role>
        <role inherit="false" allowForAll="false" name="denyReaders">
            <users/>
            <groups/>
        </role>
        <role inherit="false" allowForAll="false" name="denyAuthors">
            <users/>
            <groups/>
        </role>
        <role inherit="false" allowForAll="false" name="denyAdministrators">
            <users/>
            <groups/>
        </role>
    </roleMap>
    <typedValue>
        <type>
            <name>RuleTestConfig?list</name>
            <namespace>http://www.appian.com/ae/types/2009</namespace>
        </type>
        <value>
            <el>
                <a:name>Unnamed Test Case</a:name>
                <a:ruleInputTestConfigs>
                    <a:value xmlns:xsi="http://www.w3.org/2001/XMLSchema-instance" xsi:type="a:Expression">touser("ctmspi")</a:value>
                    <a:nameRef>user</a:nameRef>
                    <a:id>1</a:id>
                </a:ruleInputTestConfigs>
                <a:assertions xmlns:xsi="http://www.w3.org/2001/XMLSchema-instance" xsi:nil="true"/>
            </el>
        </value>
    </typedValue>
    <history>
        <historyInfo versionUuid="_a-0000df6a-d82f-8000-9ba2-011c48011c48_112573"/>
    </history>
</contentHaul>
