<?xml version="1.0" encoding="UTF-8" standalone="yes"?>
<contentHaul xmlns:a="http://www.appian.com/ae/types/2009">
    <versionUuid>_a-0000df6a-d82f-8000-9ba2-011c48011c48_112544</versionUuid>
    <queryRule>
        <name>CTMS_getWillExpireDocuments</name>
        <uuid>_a-0000ddcb-815e-8000-daab-640000640000_18459</uuid>
        <description>Returns a site documents that will expire in 30 days by Site Identified and Expiration date</description>
        <folderUuid>_a-0000dcd5-e7b4-8000-daab-640000640000_6354</folderUuid>
        <dataStoreEntityCompositeUuid>3c8bc5c1-e40f-4321-9ae9-e24b13594700@_a-0000dcd5-e7b4-8000-daab-640000640000_6413</dataStoreEntityCompositeUuid>
        <params>
            <param>
                <description>Site Identifier</description>
                <name>SiteIdentifier</name>
                <type>{http://www.w3.org/2001/XMLSchema}string</type>
            </param>
            <param>
                <description>Start Date</description>
                <name>StartDate</name>
                <type>{http://www.w3.org/2001/XMLSchema}date</type>
            </param>
            <param>
                <description>End date</description>
                <name>EndDate</name>
                <type>{http://www.w3.org/2001/XMLSchema}date</type>
            </param>
        </params>
        <filters>
            <filter>
                <field>
                    <name>siteIdentifier</name>
                    <type>{http://www.w3.org/2001/XMLSchema}string</type>
                </field>
                <op>=</op>
                <value>SiteIdentifier</value>
                <valueType>PARAMETER</valueType>
            </filter>
            <filter>
                <field>
                    <name>expirationDate</name>
                    <type>{http://www.w3.org/2001/XMLSchema}date</type>
                </field>
                <op>&gt;=</op>
                <value>StartDate</value>
                <valueType>PARAMETER</valueType>
            </filter>
            <filter>
                <field>
                    <name>expirationDate</name>
                    <type>{http://www.w3.org/2001/XMLSchema}date</type>
                </field>
                <op>&lt;=</op>
                <value>EndDate</value>
                <valueType>PARAMETER</valueType>
            </filter>
        </filters>
        <orderings>
            <ordering>
                <ascending>true</ascending>
                <field>
                    <name>siteIdentifier</name>
                    <type>{http://www.w3.org/2001/XMLSchema}string</type>
                </field>
            </ordering>
        </orderings>
    </queryRule>
    <roleMap public="false">
        <role inherit="true" allowForAll="false" name="readers">
            <users/>
            <groups/>
        </role>
        <role inherit="true" allowForAll="false" name="authors">
            <users/>
            <groups/>
        </role>
        <role inherit="true" allowForAll="false" name="administrators">
            <users/>
            <groups/>
        </role>
        <role inherit="false" allowForAll="false" name="denyReaders">
            <users/>
            <groups/>
        </role>
        <role inherit="false" allowForAll="false" name="denyAuthors">
            <users/>
            <groups/>
        </role>
        <role inherit="false" allowForAll="false" name="denyAdministrators">
            <users/>
            <groups/>
        </role>
    </roleMap>
    <history>
        <historyInfo versionUuid="_a-0000df6a-d82f-8000-9ba2-011c48011c48_112544"/>
    </history>
</contentHaul>
