<?xml version="1.0" encoding="UTF-8" standalone="yes"?>
<contentHaul xmlns:a="http://www.appian.com/ae/types/2009">
    <versionUuid>_a-0000df6a-d82f-8000-9ba2-011c48011c48_112398</versionUuid>
    <rule>
        <name>CTMS_Site_EditSite</name>
        <uuid>_a-0000dceb-92a1-8000-daab-640000640000_6504</uuid>
        <description>Edit Site Record </description>
        <parentUuid>_a-0000dcd5-e7b4-8000-daab-640000640000_6355</parentUuid>
        <visibility>
            <advertise>false</advertise>
            <hierarchy>true</hierarchy>
            <indexable>true</indexable>
            <quota>false</quota>
            <searchable>true</searchable>
            <system>false</system>
            <unlogged>false</unlogged>
        </visibility>
        <definition>load(
#"SYSTEM_SYSRULES_formLayout"(
  firstColumnContents:{
    #"SYSTEM_SYSRULES_sectionLayout"(
      label: "Site Information",
      firstColumnContents: {
        #"SYSTEM_SYSRULES_textField"(
          label: "Site #",
          labelPosition: "ADJACENT",
          value: ri!site.siteNo,
          saveInto:ri!site.siteNo,
          readOnly:ri!isReadOnly
        ),
        #"SYSTEM_SYSRULES_textField"(
          label: "PI First Name",
          labelPosition: "ADJACENT",
          value: ri!site.PIFirstName, 
          saveInto:ri!site.PIFirstName,
          readOnly:ri!isReadOnly
        ),
        #"SYSTEM_SYSRULES_textField"(
          label: "SVT Version:",
          labelPosition: "ADJACENT",
          value: ri!site.SVTVersion,
          saveInto:ri!site.SVTVersion,
          readOnly:ri!isReadOnly
        ),
        #"SYSTEM_SYSRULES_textField"(
          label: "Contract Amount:",
          labelPosition: "ADJACENT",
          value: ri!site.contractAmount,
          saveInto:ri!site.contractAmount,
          readOnly:ri!isReadOnly
        )
      },
      secondColumnContents: {
        #"SYSTEM_SYSRULES_textField"(
          label: "Status",
          labelPosition: "ADJACENT",
          value: ri!site.status,
          saveInto:ri!site.status,
          readOnly:ri!isReadOnly
        ),
        #"SYSTEM_SYSRULES_textField"(
          label: "Protocol #:",
          labelPosition: "ADJACENT",
          value: ri!site.protocolNo,
          saveInto:ri!site.protocolNo,
          readOnly:ri!isReadOnly
        ),
        #"SYSTEM_SYSRULES_textField"(
          label: "PI LastName:",
          labelPosition: "ADJACENT",
          value: ri!site.PILastName,
          saveInto:ri!site.PILastName,
          readOnly:ri!isReadOnly
        ),
        #"SYSTEM_SYSRULES_dateField"(
          label: "Visit Schedule Active Date",
          labelPosition: "ADJACENT",
          value: ri!site.visitScheduleActiveDate,
          saveInto:ri!site.visitScheduleActiveDate,
          readOnly:ri!isReadOnly
        )
        
      }
    )
  },
   buttons: {
        #"SYSTEM_SYSRULES_ButtonLayout"(
          primaryButtons: {
            #"SYSTEM_SYSRULES_ButtonWidgetSubmit"(
            label: "Save",
            style: "PRIMARY",
            value: "save",
            saveInto: ri!action
          )
          
          },
                    secondaryButtons: {
            #"SYSTEM_SYSRULES_ButtonWidgetSubmit"(
              label: "Cancel",
              value: "cancel",
              skipValidation: true,
              saveInto: ri!action
            )}
          )}
  )
)</definition>
        <namedTypedValue>
            <name>site</name>
            <type>
                <name>CTMS_ProtocolSiteList</name>
                <namespace>urn:com:appian:types:CTMS</namespace>
            </type>
        </namedTypedValue>
        <namedTypedValue>
            <name>isReadOnly</name>
            <type>
                <name>boolean</name>
                <namespace>http://www.w3.org/2001/XMLSchema</namespace>
            </type>
        </namedTypedValue>
        <namedTypedValue>
            <name>action</name>
            <type>
                <name>string</name>
                <namespace>http://www.w3.org/2001/XMLSchema</namespace>
            </type>
            <value/>
        </namedTypedValue>
        <preferredEditor>interface</preferredEditor>
        <offlineEnabled>false</offlineEnabled>
    </rule>
    <roleMap public="true">
        <role inherit="true" allowForAll="false" name="readers">
            <users/>
            <groups/>
        </role>
        <role inherit="true" allowForAll="false" name="authors">
            <users/>
            <groups/>
        </role>
        <role inherit="true" allowForAll="false" name="administrators">
            <users/>
            <groups/>
        </role>
        <role inherit="false" allowForAll="false" name="denyReaders">
            <users/>
            <groups/>
        </role>
        <role inherit="false" allowForAll="false" name="denyAuthors">
            <users/>
            <groups/>
        </role>
        <role inherit="false" allowForAll="false" name="denyAdministrators">
            <users/>
            <groups/>
        </role>
    </roleMap>
    <history>
        <historyInfo versionUuid="_a-0000df6a-d82f-8000-9ba2-011c48011c48_112398"/>
    </history>
</contentHaul>
