<?xml version="1.0" encoding="UTF-8" standalone="yes"?>
<contentHaul xmlns:a="http://www.appian.com/ae/types/2009">
    <versionUuid>_a-0000df6a-d82f-8000-9ba2-011c48011c48_112451</versionUuid>
    <rule>
        <name>CTMS_SitePaymentGridSection</name>
        <uuid>_a-0000dd3a-dada-8000-daab-640000640000_10928</uuid>
        <description>Shows the Payment Grid by taking paymentId. Can be used as a header.</description>
        <parentUuid>_a-0000dcd5-e7b4-8000-daab-640000640000_6355</parentUuid>
        <visibility>
            <advertise>false</advertise>
            <hierarchy>true</hierarchy>
            <indexable>true</indexable>
            <quota>false</quota>
            <searchable>true</searchable>
            <system>false</system>
            <unlogged>false</unlogged>
        </visibility>
        <definition>= load(
  local!gridSelection: #"SYSTEM_SYSRULES_gridSelection"(
    pagingInfo: #"SYSTEM_SYSRULES_pagingInfo"(
      startIndex: 1,
      batchsize: 10
    )
  ),
  local!paymentAndDetails: #"_a-0000dd3a-dada-8000-daab-640000640000_10921"(
    paymentId: ri!paymentId
  ),
  local!selectedId,
  with(
    local!datasubset: todatasubset(
      local!paymentAndDetails,
      local!gridSelection.pagingInfo
    ),
    #"SYSTEM_SYSRULES_sectionLayout"(
      label: "Payments",
      firstColumnContents: {
        #"SYSTEM_SYSRULES_gridField"(
          label: "",
          totalCount: local!datasubset.totalCount,
          columns: {
            #"SYSTEM_SYSRULES_gridTextColumn"(
              label: "Payment #",
              field: "paymentNumber",
              data: index(
                local!datasubset.data,
                "paymentNumber",
                {}
              )
            ),
            #"SYSTEM_SYSRULES_gridTextColumn"(
              label: "Payment Type",
              field: "paymentType",
              data: index(
                local!datasubset.data,
                "paymentType",
                {}
              )
            ),
            #"SYSTEM_SYSRULES_gridTextColumn"(
              label: "Status",
              field: "paymentStatus",
              data: index(
                local!datasubset.data,
                "paymentStatus",
                {}
              )
            ),
            #"SYSTEM_SYSRULES_gridTextColumn"(
              label: "Earned Amount",
              field: "earnedAmount",
              data: dollar(
                index(
                  local!datasubset.data,
                  "earnedAmount",
                  {}
                ),
                2,
                1
              )
            ),
            #"SYSTEM_SYSRULES_gridTextColumn"(
              label: "Requested Amount",
              field: "requestedAmount",
              data: dollar(
                index(
                  local!datasubset.data,
                  "requestedAmount",
                  {}
                ),
                2,
                1
              )
            ),
            #"SYSTEM_SYSRULES_gridTextColumn"(
              label: "Paid Amount",
              field: "paymentAmount",
              data: dollar(
                index(
                  local!datasubset.data,
                  "paymentAmount",
                  {}
                ),
                2,
                1
              )
            ),
            #"SYSTEM_SYSRULES_gridTextColumn"(
              label: "Paid Date",
              field: "status",
              data: index(
                local!datasubset.data,
                "paidDate",
                {}
              )
            )
          },
          identifiers: index(
            local!datasubset.data,
            "paymentNumber",
            {}
          ),
          value: local!gridSelection,
          saveInto: {
            local!gridSelection,
            a!save(
              local!selectedId,
              index(
                save!value,
                "selected",
                null
              )
            )
          },
          selection: ri!selectable,
          validations: if(
            isnull(
              local!selectedId
            ),
            "",
            if(
              length(
                local!selectedId
              ) &gt; 1,
              "Limit of one selection",
              ""
            )
          )
        )
      },
      secondColumnContents: {
        /* Add components here for a two-column section */
        
      },
      validations: {}
    )
  )
)</definition>
        <namedTypedValue>
            <name>paymentId</name>
            <type>
                <name>string</name>
                <namespace>http://www.w3.org/2001/XMLSchema</namespace>
            </type>
            <value/>
        </namedTypedValue>
        <namedTypedValue>
            <name>selectable</name>
            <type>
                <name>boolean</name>
                <namespace>http://www.w3.org/2001/XMLSchema</namespace>
            </type>
        </namedTypedValue>
        <preferredEditor>interface</preferredEditor>
        <offlineEnabled>false</offlineEnabled>
    </rule>
    <roleMap public="true">
        <role inherit="true" allowForAll="false" name="readers">
            <users/>
            <groups/>
        </role>
        <role inherit="true" allowForAll="false" name="authors">
            <users/>
            <groups/>
        </role>
        <role inherit="true" allowForAll="false" name="administrators">
            <users/>
            <groups/>
        </role>
        <role inherit="false" allowForAll="false" name="denyReaders">
            <users/>
            <groups/>
        </role>
        <role inherit="false" allowForAll="false" name="denyAuthors">
            <users/>
            <groups/>
        </role>
        <role inherit="false" allowForAll="false" name="denyAdministrators">
            <users/>
            <groups/>
        </role>
    </roleMap>
    <history>
        <historyInfo versionUuid="_a-0000df6a-d82f-8000-9ba2-011c48011c48_112451"/>
    </history>
</contentHaul>
