<?xml version="1.0" encoding="UTF-8" standalone="yes"?>
<contentHaul xmlns:a="http://www.appian.com/ae/types/2009">
    <versionUuid>_a-0000df6a-d82f-8000-9ba2-011c48011c48_112599</versionUuid>
    <rule>
        <name>CTMS_getDocumentsWithinDaysOfExpiration</name>
        <uuid>_a-0000def6-d094-8000-9ba2-011c48011c48_37105</uuid>
        <description>Expression rule that returns the investigatorIdentifier given the parameters of fromDays and toDays based on expirationDate within CTMS SiteDocument</description>
        <parentUuid>_a-0000dcd5-e7b4-8000-daab-640000640000_6353</parentUuid>
        <visibility>
            <advertise>false</advertise>
            <hierarchy>true</hierarchy>
            <indexable>true</indexable>
            <quota>false</quota>
            <searchable>true</searchable>
            <system>false</system>
            <unlogged>false</unlogged>
        </visibility>
        <definition>/*
First it will query the values to see if it returns any values
If length &lt; 1 (empty list), then it returns empty list
Otherwise query again and retrieve list of investigatorIdentifiers
*/
load(
  local!data: if(
    length(
      #"SYSTEM_SYSRULES_queryEntity"(
        entity: #"_a-0000def6-d094-8000-9ba2-011c48011c48_37098",
        query: #"SYSTEM_SYSRULES_query"(
          logicalExpression: #"SYSTEM_SYSRULES_queryLogicalExpression"(
            operator: "AND",
            filters: {
              #"SYSTEM_SYSRULES_queryFilter"(
                field: "expirationDate",
                operator: "&lt;=",
                value: today() + ri!toDays
              ),
              #"SYSTEM_SYSRULES_queryFilter"(
                field: "expirationDate",
                operator: "&gt;=",
                value: today() + ri!fromDays
              )
            }
          ),
          pagingInfo: #"SYSTEM_SYSRULES_pagingInfo"(
            startIndex: 1,
            batchSize: - 1
          )
        )
      ).data
    ) &lt; 1,
    {},
    #"SYSTEM_SYSRULES_queryEntity"(
      entity: #"_a-0000def6-d094-8000-9ba2-011c48011c48_37098",
      query: #"SYSTEM_SYSRULES_query"(
        logicalExpression: #"SYSTEM_SYSRULES_queryLogicalExpression"(
          operator: "AND",
          filters: {
            #"SYSTEM_SYSRULES_queryFilter"(
              field: "expirationDate",
              operator: "&lt;=",
              value: today() + ri!toDays
            ),
            #"SYSTEM_SYSRULES_queryFilter"(
              field: "expirationDate",
              operator: "&gt;=",
              value: today() + ri!fromDays
            )
          }
        ),
        pagingInfo: #"SYSTEM_SYSRULES_pagingInfo"(
          startIndex: 1,
          batchSize: - 1
        )
      )
    ).data.investigatorIdentifier
  ),
  local!uniqueIdentifiers: union(
    local!data,
    local!data
  ),
  filter(
    #"_a-0000def6-d094-8000-9ba2-011c48011c48_37137",
    local!uniqueIdentifiers
  )
)</definition>
        <namedTypedValue>
            <name>fromDays</name>
            <type>
                <name>int</name>
                <namespace>http://www.w3.org/2001/XMLSchema</namespace>
            </type>
        </namedTypedValue>
        <namedTypedValue>
            <name>toDays</name>
            <type>
                <name>int</name>
                <namespace>http://www.w3.org/2001/XMLSchema</namespace>
            </type>
        </namedTypedValue>
        <preferredEditor>legacy</preferredEditor>
        <offlineEnabled>false</offlineEnabled>
    </rule>
    <roleMap public="true">
        <role inherit="true" allowForAll="false" name="readers">
            <users/>
            <groups/>
        </role>
        <role inherit="true" allowForAll="false" name="authors">
            <users/>
            <groups/>
        </role>
        <role inherit="true" allowForAll="false" name="administrators">
            <users/>
            <groups/>
        </role>
        <role inherit="false" allowForAll="false" name="denyReaders">
            <users/>
            <groups/>
        </role>
        <role inherit="false" allowForAll="false" name="denyAuthors">
            <users/>
            <groups/>
        </role>
        <role inherit="false" allowForAll="false" name="denyAdministrators">
            <users/>
            <groups/>
        </role>
    </roleMap>
    <history>
        <historyInfo versionUuid="_a-0000df6a-d82f-8000-9ba2-011c48011c48_112599"/>
    </history>
</contentHaul>
