<?xml version="1.0" encoding="UTF-8" standalone="yes"?>
<contentHaul xmlns:a="http://www.appian.com/ae/types/2009">
    <versionUuid>_a-0000df6a-d82f-8000-9ba2-011c48011c48_112459</versionUuid>
    <rule>
        <name>CTMS_SiteBudgetDashboard</name>
        <uuid>_a-0000dd3a-dada-8000-daab-640000640000_11007</uuid>
        <description>Site Budget Dashboard with information about contracted amounts for planned clinical studies</description>
        <parentUuid>_a-0000dcd5-e7b4-8000-daab-640000640000_6355</parentUuid>
        <visibility>
            <advertise>false</advertise>
            <hierarchy>true</hierarchy>
            <indexable>true</indexable>
            <quota>false</quota>
            <searchable>true</searchable>
            <system>false</system>
            <unlogged>false</unlogged>
        </visibility>
        <definition>= load(
  local!selectedBudgetId,
  local!gridSelection: #"SYSTEM_SYSRULES_gridSelection"(
    pagingInfo: #"SYSTEM_SYSRULES_pagingInfo"(
      startIndex: 1,
      batchsize: 10
    )
  ),
  #"SYSTEM_SYSRULES_dashboardLayout"(
    firstColumnContents: {
      /*Header Section*/
      #"_a-0000dd4f-0404-8000-daab-640000640000_16503"(siteId: ri!siteIdentifier),
      #"_a-0000dd3a-dada-8000-daab-640000640000_11004"(
        siteIdentifier: ri!siteIdentifier,
        selectable: false,
        gridSelection: local!gridSelection,
        selectedBudgetId: local!selectedBudgetId
      ),
      if(
        isnull(
          local!selectedBudgetId
        ),
        {},
        with(
          local!budget: #"_a-0000dd3a-dada-8000-daab-640000640000_11414"(
            budgetId: local!selectedBudgetId
          ),
          local!budgetSplit: if(
            isnull(
              local!selectedBudgetId
            ),
            null,
            #"SYSTEM_SYSRULES_queryEntity"(
              entity: #"_a-0000dd3a-dada-8000-daab-640000640000_11417",
              query: #"SYSTEM_SYSRULES_query"(
                filter: #"SYSTEM_SYSRULES_queryFilter"(
                  field: "siteBudgetId",
                  operator: "=",
                  value: local!selectedBudgetId
                ),
                pagingInfo: #"SYSTEM_SYSRULES_pagingInfo"(
                  startIndex: 1,
                  batchSize: - 1
                )
              )
            )
          ),
          {
            if(
              length(
                local!budget
              ) &gt; 0,
              #"_a-0000dd3a-dada-8000-daab-640000640000_11421"(
                budget: local!budget
              ),
              {}
            ),
            if(
              length(
                local!budgetSplit.data
              ) &gt; 0,
              #"_a-0000dd3a-dada-8000-daab-640000640000_11447"(
                budgetSplit: local!budgetSplit.data
              ),
              {}
            )
          }
        )
      )
    },
    secondColumnContents: {}
  )
)</definition>
        <namedTypedValue>
            <name>siteIdentifier</name>
            <type>
                <name>string</name>
                <namespace>http://www.w3.org/2001/XMLSchema</namespace>
            </type>
            <value/>
        </namedTypedValue>
        <preferredEditor>interface</preferredEditor>
        <offlineEnabled>false</offlineEnabled>
    </rule>
    <roleMap public="true">
        <role inherit="true" allowForAll="false" name="readers">
            <users/>
            <groups/>
        </role>
        <role inherit="true" allowForAll="false" name="authors">
            <users/>
            <groups/>
        </role>
        <role inherit="true" allowForAll="false" name="administrators">
            <users/>
            <groups/>
        </role>
        <role inherit="false" allowForAll="false" name="denyReaders">
            <users/>
            <groups/>
        </role>
        <role inherit="false" allowForAll="false" name="denyAuthors">
            <users/>
            <groups/>
        </role>
        <role inherit="false" allowForAll="false" name="denyAdministrators">
            <users/>
            <groups/>
        </role>
    </roleMap>
    <history>
        <historyInfo versionUuid="_a-0000df6a-d82f-8000-9ba2-011c48011c48_112459"/>
    </history>
</contentHaul>
