<?xml version="1.0" encoding="UTF-8" standalone="yes"?>
<contentHaul xmlns:a="http://www.appian.com/ae/types/2009">
    <versionUuid>_a-0000df6a-d82f-8000-9ba2-011c48011c48_112479</versionUuid>
    <rule>
        <name>CTMS_SiteBudget_Section</name>
        <uuid>_a-0000dd3a-dada-8000-daab-640000640000_11421</uuid>
        <description>Takes a CTMS_SiteBudget cdt and returns a section with the full Site Budget data</description>
        <parentUuid>_a-0000dcd5-e7b4-8000-daab-640000640000_6355</parentUuid>
        <visibility>
            <advertise>false</advertise>
            <hierarchy>true</hierarchy>
            <indexable>true</indexable>
            <quota>false</quota>
            <searchable>true</searchable>
            <system>false</system>
            <unlogged>false</unlogged>
        </visibility>
        <definition>=#"SYSTEM_SYSRULES_sectionLayout"(
  label: "Budget",
  firstColumnContents: {
    #"SYSTEM_SYSRULES_textField"(
      label: "Split Indicator",
      labelPosition: "ADJACENT",
      value: ri!budget.splitIndicator,
      readOnly: true
    ),
    #"SYSTEM_SYSRULES_textField"(
      label: "Activity Type",
      labelPosition: "ADJACENT",
      value: ri!budget.activityType,
      readOnly: true
    ),
    #"SYSTEM_SYSRULES_textField"(
      label: "Visit Name",
      labelPosition: "ADJACENT",
      value: ri!budget.visitName,
      readOnly: true
    ),
    #"SYSTEM_SYSRULES_textField"(
      label: "Visit Type",
      labelPosition: "ADJACENT",
      value: ri!budget.visitType,
      readOnly: true
    ),
    #"SYSTEM_SYSRULES_textField"(
      label: "Version",
      labelPosition: "ADJACENT",
      value: ri!budget.version,
      readOnly: true
    )
  },
  secondColumnContents: {
    #"SYSTEM_SYSRULES_textField"(
      label: "Original Amount",
      labelPosition: "ADJACENT",
      value: ri!budget.originalAmount,
      readOnly: true
    ),
    #"SYSTEM_SYSRULES_textField"(
      label: "Exception Amount",
      labelPosition: "ADJACENT",
      value: ri!budget.exceptionAmount,
      readOnly: true
    ),
    #"SYSTEM_SYSRULES_paragraphField"(
      label: "Description",
      labelPosition: "ADJACENT",
      value: ri!budget.description,
      readOnly: true,
      height: "SHORT"
    ),
    #"SYSTEM_SYSRULES_textField"(
      label: "Split Status",
      labelPosition: "ADJACENT",
      value: ri!budget.splitStatus,
      readOnly: true
    )
  },
  isCollapsible: true
)</definition>
        <namedTypedValue>
            <name>budget</name>
            <type>
                <name>CTMS_SiteBudgetView</name>
                <namespace>urn:com:appian:types:CTMS</namespace>
            </type>
        </namedTypedValue>
        <preferredEditor>interface</preferredEditor>
        <offlineEnabled>false</offlineEnabled>
    </rule>
    <roleMap public="true">
        <role inherit="true" allowForAll="false" name="readers">
            <users/>
            <groups/>
        </role>
        <role inherit="true" allowForAll="false" name="authors">
            <users/>
            <groups/>
        </role>
        <role inherit="true" allowForAll="false" name="administrators">
            <users/>
            <groups/>
        </role>
        <role inherit="false" allowForAll="false" name="denyReaders">
            <users/>
            <groups/>
        </role>
        <role inherit="false" allowForAll="false" name="denyAuthors">
            <users/>
            <groups/>
        </role>
        <role inherit="false" allowForAll="false" name="denyAdministrators">
            <users/>
            <groups/>
        </role>
    </roleMap>
    <history>
        <historyInfo versionUuid="_a-0000df6a-d82f-8000-9ba2-011c48011c48_112479"/>
    </history>
</contentHaul>
