<?xml version="1.0" encoding="UTF-8" standalone="yes"?>
<contentHaul xmlns:a="http://www.appian.com/ae/types/2009">
    <versionUuid>_a-0000df6a-d82f-8000-9ba2-011c48011c48_112578</versionUuid>
    <queryRule>
        <name>CTMS_Users_getUsersBySiteID</name>
        <uuid>_a-0000ddf1-7abf-8000-daab-640000640000_21704</uuid>
        <description>Get username's for user with access to site from [site_access_control] table by site id </description>
        <folderUuid>_a-0000dcd5-e7b4-8000-daab-640000640000_6354</folderUuid>
        <dataStoreEntityCompositeUuid>30e80b2e-06f5-4385-8eb0-7b8eab1582a2@_a-0000dcd5-e7b4-8000-daab-640000640000_6413</dataStoreEntityCompositeUuid>
        <params>
            <param>
                <description>SITE_IDENTIFIER</description>
                <name>siteID</name>
                <type>{http://www.w3.org/2001/XMLSchema}string</type>
            </param>
        </params>
        <filters>
            <filter>
                <field>
                    <name>siteId</name>
                    <type>{http://www.w3.org/2001/XMLSchema}string</type>
                </field>
                <op>=</op>
                <value>siteID</value>
                <valueType>PARAMETER</valueType>
            </filter>
        </filters>
        <orderings/>
    </queryRule>
    <roleMap public="false">
        <role inherit="true" allowForAll="false" name="readers">
            <users/>
            <groups/>
        </role>
        <role inherit="true" allowForAll="false" name="authors">
            <users/>
            <groups/>
        </role>
        <role inherit="true" allowForAll="false" name="administrators">
            <users/>
            <groups/>
        </role>
        <role inherit="false" allowForAll="false" name="denyReaders">
            <users/>
            <groups/>
        </role>
        <role inherit="false" allowForAll="false" name="denyAuthors">
            <users/>
            <groups/>
        </role>
        <role inherit="false" allowForAll="false" name="denyAdministrators">
            <users/>
            <groups/>
        </role>
    </roleMap>
    <history>
        <historyInfo versionUuid="_a-0000df6a-d82f-8000-9ba2-011c48011c48_112578"/>
    </history>
</contentHaul>
