<?xml version="1.0" encoding="UTF-8" standalone="yes"?>
<contentHaul xmlns:a="http://www.appian.com/ae/types/2009">
    <versionUuid>_a-0000df6a-d82f-8000-9ba2-011c48011c48_112464</versionUuid>
    <rule>
        <name>CTMS_ClaimDescription_Section</name>
        <uuid>_a-0000dd3a-dada-8000-daab-640000640000_11107</uuid>
        <description>Handles the claim description entry and viewing section for display</description>
        <parentUuid>_a-0000dcd5-e7b4-8000-daab-640000640000_6355</parentUuid>
        <visibility>
            <advertise>false</advertise>
            <hierarchy>true</hierarchy>
            <indexable>true</indexable>
            <quota>false</quota>
            <searchable>true</searchable>
            <system>false</system>
            <unlogged>false</unlogged>
        </visibility>
        <definition>= #"SYSTEM_SYSRULES_sectionLayout"(
  label: "Claim Details",
  firstColumnContents: {
    if(
      or(
        ri!formAction = #"_a-0000ddcb-815e-8000-daab-640000640000_18377",
        ri!formAction = #"_a-0000ddcb-815e-8000-daab-640000640000_18373"
      ),
      #"SYSTEM_SYSRULES_textField"(
        label: "Created By",
        labelPosition: #"_a-0000ddcb-815e-8000-daab-640000640000_18388",
        value: ri!createdBy,
        readOnly: true
      ),
      {}
    ),
    if(
      or(
        ri!formAction = #"_a-0000ddcb-815e-8000-daab-640000640000_18377",
        ri!formAction = #"_a-0000ddcb-815e-8000-daab-640000640000_18373"
      ),
      #"SYSTEM_SYSRULES_dateField"(
        label: "Created Date",
        labelPosition: #"_a-0000ddcb-815e-8000-daab-640000640000_18388",
        value: ri!createdDate,
        readOnly: true
      ),
      {}
    ),
    if(
      or(
        ri!formAction = #"_a-0000ddcb-815e-8000-daab-640000640000_18377",
        ri!formAction = #"_a-0000ddcb-815e-8000-daab-640000640000_18373"
      ),
      #"SYSTEM_SYSRULES_textField"(
        label: "Type",
        labelPosition: #"_a-0000ddcb-815e-8000-daab-640000640000_18388",
        value: displayvalue(
          ri!type,
          #"_a-0000dd3a-dada-8000-daab-640000640000_11228",
          #"_a-0000dd3a-dada-8000-daab-640000640000_11225",
          ""
        ),
        readOnly: true
      ),
      #"SYSTEM_SYSRULES_dropdownField"(
        label: "Type",
        labelPosition: #"_a-0000ddcb-815e-8000-daab-640000640000_18388",
        choiceLabels: #"_a-0000dd3a-dada-8000-daab-640000640000_11225",
        choiceValues: #"_a-0000dd3a-dada-8000-daab-640000640000_11228",
        placeholderLabel: #"_a-0000ddcb-815e-8000-daab-640000640000_18375",
        value: ri!type,
        saveInto: ri!type,
        required: if(
          ri!formAction = #"_a-0000ddcb-815e-8000-daab-640000640000_18385",
          true,
          false
        )
      )
    ),
    #"SYSTEM_SYSRULES_paragraphField"(
      label: "Description",
      labelPosition: #"_a-0000ddcb-815e-8000-daab-640000640000_18388",
      value: ri!description,
      saveInto: ri!description,
      required: if(
        ri!formAction = #"_a-0000ddcb-815e-8000-daab-640000640000_18385",
        true,
        false
      ),
      readOnly: if(
        or(
          ri!formAction = #"_a-0000ddcb-815e-8000-daab-640000640000_18377",
          ri!formAction = #"_a-0000ddcb-815e-8000-daab-640000640000_18373"
        ),
        true,
        false
      )
    )
  },
  secondColumnContents: {
    /* Add components here for a two-column section */
    
  },
  validations: {}
)</definition>
        <namedTypedValue>
            <name>description</name>
            <type>
                <name>string</name>
                <namespace>http://www.w3.org/2001/XMLSchema</namespace>
            </type>
            <value/>
        </namedTypedValue>
        <namedTypedValue>
            <name>type</name>
            <type>
                <name>int</name>
                <namespace>http://www.w3.org/2001/XMLSchema</namespace>
            </type>
        </namedTypedValue>
        <namedTypedValue>
            <name>formAction</name>
            <type>
                <name>string</name>
                <namespace>http://www.w3.org/2001/XMLSchema</namespace>
            </type>
            <value/>
        </namedTypedValue>
        <namedTypedValue>
            <name>createdBy</name>
            <type>
                <name>string</name>
                <namespace>http://www.w3.org/2001/XMLSchema</namespace>
            </type>
            <value/>
        </namedTypedValue>
        <namedTypedValue>
            <name>createdDate</name>
            <type>
                <name>date</name>
                <namespace>http://www.w3.org/2001/XMLSchema</namespace>
            </type>
        </namedTypedValue>
        <preferredEditor>interface</preferredEditor>
        <offlineEnabled>false</offlineEnabled>
    </rule>
    <roleMap public="true">
        <role inherit="true" allowForAll="false" name="readers">
            <users/>
            <groups/>
        </role>
        <role inherit="true" allowForAll="false" name="authors">
            <users/>
            <groups/>
        </role>
        <role inherit="true" allowForAll="false" name="administrators">
            <users/>
            <groups/>
        </role>
        <role inherit="false" allowForAll="false" name="denyReaders">
            <users/>
            <groups/>
        </role>
        <role inherit="false" allowForAll="false" name="denyAuthors">
            <users/>
            <groups/>
        </role>
        <role inherit="false" allowForAll="false" name="denyAdministrators">
            <users/>
            <groups/>
        </role>
    </roleMap>
    <history>
        <historyInfo versionUuid="_a-0000df6a-d82f-8000-9ba2-011c48011c48_112464"/>
    </history>
</contentHaul>
