<?xml version="1.0" encoding="UTF-8" standalone="yes"?>
<contentHaul xmlns:a="http://www.appian.com/ae/types/2009">
    <versionUuid>_a-0000df6a-d82f-8000-9ba2-011c48011c48_112481</versionUuid>
    <rule>
        <name>CTMS_ClaimDetails_Section</name>
        <uuid>_a-0000dd3a-dada-8000-daab-640000640000_11574</uuid>
        <description>Takes a CTMS_PaymentClaim list cdt and returns a section dislaying a grid of the cdt data</description>
        <parentUuid>_a-0000dcd5-e7b4-8000-daab-640000640000_6355</parentUuid>
        <visibility>
            <advertise>false</advertise>
            <hierarchy>true</hierarchy>
            <indexable>true</indexable>
            <quota>false</quota>
            <searchable>true</searchable>
            <system>false</system>
            <unlogged>false</unlogged>
        </visibility>
        <definition>= load(
  local!gridSelection: #"SYSTEM_SYSRULES_gridSelection"(
    pagingInfo: #"SYSTEM_SYSRULES_pagingInfo"(
      startIndex: 1,
      batchsize: 10
    )
  ),
  local!selectedId,
  with(
    local!datasubset: todatasubset(
      ri!claims,
      local!gridSelection.pagingInfo
    ),
    #"SYSTEM_SYSRULES_sectionLayout"(
      label: "Claims against this Payment",
      firstColumnContents: {
        #"SYSTEM_SYSRULES_gridField"(
          label: "",
          totalCount: local!datasubset.totalCount,
          columns: {
            #"SYSTEM_SYSRULES_gridTextColumn"(
              label: "Type",
              field: "type",
              data: apply(
                fn!displayvalue(
                  _,
                  #"_a-0000dd3a-dada-8000-daab-640000640000_11228",
                  #"_a-0000dd3a-dada-8000-daab-640000640000_11225",
                  ""
                ),
                _
              )(
                index(
                  local!datasubset.data,
                  "type",
                  {}
                )
              )
            ),
            #"SYSTEM_SYSRULES_gridTextColumn"(
              label: "Description",
              field: "description",
              data: index(
                local!datasubset.data,
                "description",
                {}
              )
            ),
            #"SYSTEM_SYSRULES_gridTextColumn"(
              label: "By",
              field: "createdUsername",
              data: #"SYSTEM_SYSRULES_applyComponents"(
                function: #"_a-0000ddcb-815e-8000-daab-640000640000_18404",
                array: _
              )(
                index(
                  local!datasubset.data,
                  "createdUsername",
                  {}
                )
              )
            ),
            #"SYSTEM_SYSRULES_gridTextColumn"(
              label: "Created Date",
              field: "createdDate",
              data: index(
                local!datasubset.data,
                "createdDate",
                {}
              )
            ),
            #"SYSTEM_SYSRULES_gridTextColumn"(
              label: "Decision",
              field: "decision",
              data: apply(
                fn!displayvalue(
                  _,
                  #"_a-0000ddcb-815e-8000-daab-640000640000_18351",
                  #"_a-0000ddcb-815e-8000-daab-640000640000_18343",
                  ""
                ),
                _
              )(
                index(
                  local!datasubset.data,
                  "responseType",
                  {}
                )
              )
            ),
            #"SYSTEM_SYSRULES_gridTextColumn"(
              label: "Comment",
              field: "responseComment",
              data: index(
                local!datasubset.data,
                "responseComment",
                {}
              )
            ),
            #"SYSTEM_SYSRULES_gridTextColumn"(
              label: "Reponse By",
              field: "responseUsername",
              data: #"SYSTEM_SYSRULES_applyComponents"(
                function: #"_a-0000ddcb-815e-8000-daab-640000640000_18404",
                array: _
              )(
                index(
                  local!datasubset.data,
                  "responseUsername",
                  {}
                )
              )
            ),
            #"SYSTEM_SYSRULES_gridTextColumn"(
              label: "Response Date",
              field: "responseDate",
              data: index(
                local!datasubset.data,
                "responseDate",
                {}
              )
            )
          },
          identifiers: index(
            local!datasubset.data,
            "id",
            {}
          ),
          value: local!gridSelection,
          saveInto: {
            local!gridSelection,
            a!save(
              local!selectedId,
              index(
                save!value,
                "selected",
                null
              )
            )
          },
          selection: ri!selectable,
          validations: if(
            isnull(
              local!selectedId
            ),
            "",
            if(
              length(
                local!selectedId
              ) &gt; 1,
              "Limit of one selection",
              ""
            )
          )
        )
      },
      secondColumnContents: {
        /* Add components here for a two-column section */
        
      },
      validations: {},
      isCollapsible: true
    )
  )
)</definition>
        <namedTypedValue>
            <name>claims</name>
            <type>
                <name>CTMS_PaymentClaim?list</name>
                <namespace>urn:com:appian:types:CTMS</namespace>
            </type>
        </namedTypedValue>
        <namedTypedValue>
            <name>selectable</name>
            <type>
                <name>boolean</name>
                <namespace>http://www.w3.org/2001/XMLSchema</namespace>
            </type>
        </namedTypedValue>
        <preferredEditor>interface</preferredEditor>
        <offlineEnabled>false</offlineEnabled>
    </rule>
    <roleMap public="true">
        <role inherit="true" allowForAll="false" name="readers">
            <users/>
            <groups/>
        </role>
        <role inherit="true" allowForAll="false" name="authors">
            <users/>
            <groups/>
        </role>
        <role inherit="true" allowForAll="false" name="administrators">
            <users/>
            <groups/>
        </role>
        <role inherit="false" allowForAll="false" name="denyReaders">
            <users/>
            <groups/>
        </role>
        <role inherit="false" allowForAll="false" name="denyAuthors">
            <users/>
            <groups/>
        </role>
        <role inherit="false" allowForAll="false" name="denyAdministrators">
            <users/>
            <groups/>
        </role>
    </roleMap>
    <history>
        <historyInfo versionUuid="_a-0000df6a-d82f-8000-9ba2-011c48011c48_112481"/>
    </history>
</contentHaul>
