<?xml version="1.0" encoding="UTF-8" standalone="yes"?>
<contentHaul xmlns:a="http://www.appian.com/ae/types/2009">
    <versionUuid>_a-0000df6a-d82f-8000-9ba2-011c48011c48_112496</versionUuid>
    <rule>
        <name>CTMS_Protocol_UserFilter</name>
        <uuid>_a-0000dd4f-0404-8000-daab-640000640000_16720</uuid>
        <description>Returns a User Filter for Protocol, for use in the Protocol Site Record.</description>
        <parentUuid>_a-0000dcd5-e7b4-8000-daab-640000640000_6353</parentUuid>
        <visibility>
            <advertise>false</advertise>
            <hierarchy>true</hierarchy>
            <indexable>true</indexable>
            <quota>false</quota>
            <searchable>true</searchable>
            <system>false</system>
            <unlogged>false</unlogged>
        </visibility>
        <definition>with(
  local!protocol: #"SYSTEM_SYSRULES_queryEntity"(
    entity: #"_a-0000dd4f-0404-8000-daab-640000640000_16600",
    query: #"SYSTEM_SYSRULES_query"(
      aggregation: #"SYSTEM_SYSRULES_queryAggregation"(
        aggregationColumns: {
          #"SYSTEM_SYSRULES_queryAggregationColumn"(
            field: "protocolIdentifier",
            isGrouping: true
          ),
          #"SYSTEM_SYSRULES_queryAggregationColumn"(
            field: "siteIdentifier",
            alias: "count",
            aggregationFunction: "COUNT"
          )
        }
      ),
       filter: #"SYSTEM_SYSRULES_queryFilter"(
        field: "hasAccess",
        operator: "includes",
        value: #"30601f19-d155-4551-abfe-f83286eae862"()
      ),
      pagingInfo: #"SYSTEM_SYSRULES_pagingInfo"(
        startIndex: 1,
        batchSize: - 1
      )
    )
  ),
  if(
    #"_a-0000ddcb-815e-8000-daab-640000640000_18403"(
      local!protocol.data
    ),
    {},
    #"SYSTEM_SYSRULES_facet"(
      name: "Protocol",
      options: apply(
        #"_a-0000dd4f-0404-8000-daab-640000640000_16722",
        merge(
          local!protocol.data.protocolIdentifier,
          enumerate(
            local!protocol.totalCount
          ) + 1,
          local!protocol.data.count
        )
      ),
      isVisible: true
    )
  )
)</definition>
        <preferredEditor>interface</preferredEditor>
        <offlineEnabled>false</offlineEnabled>
    </rule>
    <roleMap public="true">
        <role inherit="true" allowForAll="false" name="readers">
            <users/>
            <groups/>
        </role>
        <role inherit="true" allowForAll="false" name="authors">
            <users/>
            <groups/>
        </role>
        <role inherit="true" allowForAll="false" name="administrators">
            <users/>
            <groups/>
        </role>
        <role inherit="false" allowForAll="false" name="denyReaders">
            <users/>
            <groups/>
        </role>
        <role inherit="false" allowForAll="false" name="denyAuthors">
            <users/>
            <groups/>
        </role>
        <role inherit="false" allowForAll="false" name="denyAdministrators">
            <users/>
            <groups/>
        </role>
    </roleMap>
    <history>
        <historyInfo versionUuid="_a-0000df6a-d82f-8000-9ba2-011c48011c48_112496"/>
    </history>
</contentHaul>
