<?xml version="1.0" encoding="UTF-8" standalone="yes"?>
<contentHaul xmlns:a="http://www.appian.com/ae/types/2009">
    <versionUuid>_a-0000df6a-d82f-8000-9ba2-011c48011c48_112421</versionUuid>
    <constant>
        <name>CTMS_DOCUMENT_TYPE_LABLE</name>
        <uuid>_a-0000dcfa-ab37-8000-daab-640000640000_6988</uuid>
        <description>1  - Normal Reference Ranges;&#xD;
2 - Protocol Signature Page;&#xD;
3 - Safety Letter;&#xD;
4 - CV;&#xD;
5 -Financial Disclosure;&#xD;
6 - FDA 1572;&#xD;
7 - IRB Approval Letter;&#xD;
8 - Informed Consent;&#xD;
9 - Medical License;&#xD;
10 - PI Certification;&#xD;
11 - Other</description>
        <parentUuid>_a-0000dcd5-e7b4-8000-daab-640000640000_6352</parentUuid>
        <visibility>
            <advertise>false</advertise>
            <hierarchy>true</hierarchy>
            <indexable>true</indexable>
            <quota>false</quota>
            <searchable>true</searchable>
            <system>false</system>
            <unlogged>false</unlogged>
        </visibility>
        <typedValue>
            <type>
                <name>Text?list</name>
                <namespace>http://www.appian.com/ae/types/2009</namespace>
            </type>
            <value>
                <el>Normal Reference Ranges</el>
                <el>Protocol Signature Page</el>
                <el>Safety Letter</el>
                <el>CV</el>
                <el>Financial Disclosure</el>
                <el>FDA 1572</el>
                <el>IRB Approval Letter</el>
                <el>Informed Consent</el>
                <el>Medical License</el>
                <el>PI Certification</el>
                <el>Other</el>
            </value>
        </typedValue>
        <isEnvironmentSpecific>false</isEnvironmentSpecific>
    </constant>
    <roleMap public="true">
        <role inherit="true" allowForAll="false" name="readers">
            <users/>
            <groups/>
        </role>
        <role inherit="true" allowForAll="false" name="authors">
            <users/>
            <groups/>
        </role>
        <role inherit="true" allowForAll="false" name="administrators">
            <users/>
            <groups/>
        </role>
        <role inherit="false" allowForAll="false" name="denyReaders">
            <users/>
            <groups/>
        </role>
        <role inherit="false" allowForAll="false" name="denyAuthors">
            <users/>
            <groups/>
        </role>
        <role inherit="false" allowForAll="false" name="denyAdministrators">
            <users/>
            <groups/>
        </role>
    </roleMap>
    <history>
        <historyInfo versionUuid="_a-0000df6a-d82f-8000-9ba2-011c48011c48_112421"/>
    </history>
</contentHaul>
