<?xml version="1.0" encoding="UTF-8" standalone="yes"?>
<contentHaul xmlns:a="http://www.appian.com/ae/types/2009">
    <versionUuid>_a-0000df6a-d82f-8000-9ba2-011c48011c48_112420</versionUuid>
    <rule>
        <name>CTMS_SiteDocument</name>
        <uuid>_a-0000dcfa-ab37-8000-daab-640000640000_6970</uuid>
        <description>Site document View</description>
        <parentUuid>_a-0000dcd5-e7b4-8000-daab-640000640000_6355</parentUuid>
        <visibility>
            <advertise>false</advertise>
            <hierarchy>true</hierarchy>
            <indexable>true</indexable>
            <quota>false</quota>
            <searchable>true</searchable>
            <system>false</system>
            <unlogged>false</unlogged>
        </visibility>
        <definition>load(
  /*local!site:rule!CTMS_Site_getSiteByID(ID:ri!siteIdentifier),*/
  local!Investigator: #"_a-0000ddcc-a4d5-8000-daab-640000640000_18473"(
    ID: ri!site.siteIdentifier
  ),
  /*local!address:rule!CTMS_InvestigatorAddress_getInvestigatorAddressBySiteId(ID:ri!siteIdentifier),*/
  local!siteDocument: #"_a-0000ddcb-815e-8000-daab-640000640000_18455"(
    ID: ri!site.siteIdentifier
  ),
  local!expiredDocuments: #"_a-0000ddcb-815e-8000-daab-640000640000_18450"(
    SiteIdentifier: ri!site.siteIdentifier,
    ExpireDate: todate(
      today()
    )
  ),
  local!willExpireDocuments: #"_a-0000ddcb-815e-8000-daab-640000640000_18459"(
    SiteIdentifier: ri!site.siteIdentifier,
    StartDate: todate(
      today()
    ),
    EndDate: todate(
      today() + 30
    )
  ),
  local!expireAfterDocuments: #"_a-0000ddcb-815e-8000-daab-640000640000_18464"(
    SiteIdentifier: ri!site.siteIdentifier,
    ExpireDate: todate(
      today() + 30
    )
  ),
  local!unknown: #"_a-0000dd1f-71b0-8000-daab-640000640000_7319"(
    siteDocuments: local!siteDocument
  ),
  /*difference(local!expiredDocuments,local!siteDocument,local!willExpireDocuments,local!expireAfterDocuments),*/
  local!selectedDocumentStatus,
  /*  local!unknown1: todatasubset(
    
    index(local!siteDocument, wherecontains(local!siteDocument.expirationDate, null),{})
    ),
    */
  local!documentdatasubset: todatasubset(
    local!siteDocument
  ),
  local!expiredDocumentsdatasubset: todatasubset(
    local!expiredDocuments
  ),
  local!willExpireDocumentsdatasubset: todatasubset(
    local!willExpireDocuments
  ),
  local!expireAfterDocumentsdatasubset: todatasubset(
    local!expireAfterDocuments
  ),
  local!unknowndatasubset: todatasubset(
    local!unknown
  ),
  local!pagingInfo: #"SYSTEM_SYSRULES_pagingInfo"(
    startIndex: 1,
    batchSize: - 1
  ),
  with(
    {
      #"SYSTEM_SYSRULES_sectionLayout"(
        label: "Site Document Compliance",
        firstColumnContents: {
          #"SYSTEM_SYSRULES_textField"(
            label: "Protocol #",
            labelPosition: "ADJACENT",
            value: ri!site.protocolsNumber,
            readOnly: true
          ),
          #"SYSTEM_SYSRULES_textField"(
            label: "Site #",
            labelPosition: "ADJACENT",
            value: ri!site.siteIdentifier,
            readOnly: true
          ),
          #"SYSTEM_SYSRULES_textField"(
            label: "Site Status",
            labelPosition: "ADJACENT",
            value: ri!site.siteStatus,
            readOnly: true
          )
        },
        secondColumnContents: {
          #"SYSTEM_SYSRULES_textField"(
            label: "Account Name",
            labelPosition: "ADJACENT",
            value: ri!site.accountName,
            readOnly: true
          ),
          #"SYSTEM_SYSRULES_textField"(
            label: "# Planned Subjects",
            labelPosition: "ADJACENT",
            value: ri!site.plannedSubjects,
            readOnly: true
          ),
          #"SYSTEM_SYSRULES_textField"(
            label: "PI",
            labelPosition: "ADJACENT",
            value: local!Investigator.firstName &amp; " " &amp; local!Investigator.lastName,
            readOnly: true
          )
        }
      ),
      #"SYSTEM_SYSRULES_sectionLayout"(
        label: "",
        firstColumnContents: {
          #"SYSTEM_SYSRULES_pieChartField"(
            label: "Document Compliance Chart",
            /*showAsPercentage:true,*/
            labelPosition: "ABOVE",
            /*instructions: "Leads are calculated based on current protocol status",*/
            series: {
              #"SYSTEM_SYSRULES_chartSeries"(
                label: "Expired Document(s)",
                data: length(
                  local!expiredDocuments
                ),
                links: #"SYSTEM_SYSRULES_dynamicLink"(
                  value: "RED",
                  saveInto: local!selectedDocumentStatus
                ),
                color: "RED"
              ),
              #"SYSTEM_SYSRULES_chartSeries"(
                label: "Expiring within 30 Days Left",
                data: length(
                  local!willExpireDocuments
                ),
                links: #"SYSTEM_SYSRULES_dynamicLink"(
                  value: "YELLOW",
                  saveInto: local!selectedDocumentStatus
                ),
                color: "YELLOW"
              ),
              #"SYSTEM_SYSRULES_chartSeries"(
                label: "Current Document(s)",
                data: length(
                  local!expireAfterDocuments
                ),
                links: #"SYSTEM_SYSRULES_dynamicLink"(
                  value: "GREEN",
                  saveInto: local!selectedDocumentStatus
                ),
                color: "GREEN"
              ),
              #"SYSTEM_SYSRULES_chartSeries"(
                label: "Missing Document(s)",
                data: length(
                  local!unknown
                ),
                links: #"SYSTEM_SYSRULES_dynamicLink"(
                  value: "ORANGE",
                  saveInto: local!selectedDocumentStatus
                ),
                color: "ORANGE"
              )
            },
            showDataLabels: true,
            showtooltips: false,
            showaspercentage: false
          ),
          #"SYSTEM_SYSRULES_linkField"(
            labelPosition: "COLLAPSED",
            links: #"SYSTEM_SYSRULES_dynamicLink"(
              label: "Show All Documents",
              value: null,
              saveInto: {
                local!selectedDocumentStatus,
                /* Need to reset the paging info back to the first page when the user */
                /* changes the filter. Otherwise, the grid could error out.           */
                a!save(
                  local!pagingInfo.startIndex,
                  1
                )
              }
            )
          )
        }
      ),
      if(
        local!selectedDocumentStatus = "RED",
        #"SYSTEM_SYSRULES_sectionLayout"(
          label: "Expired Document Details",
          firstColumnContents: {
            #"SYSTEM_SYSRULES_gridField"(
              label: "Object Type",
              labelPosition: "COLLAPSED",
              totalCount: local!expiredDocumentsdatasubset.totalCount,
              columns: {
                #"SYSTEM_SYSRULES_gridImageColumn"(
                  label: "Status",
                  data: {
                    apply(
                      #"99fbaef6-d7e6-4300-ac33-54df6eb73bfd"(
                        input: _
                      ),
                      local!expiredDocumentsdatasubset.data.expirationDate
                    )
                  },
                  size: "ICON"
                ),
                #"SYSTEM_SYSRULES_gridTextColumn"(
                  label: "Document Identifire",
                  data: local!expiredDocumentsdatasubset.data.documentIdentifier,
                  links: apply(
                    #"SYSTEM_SYSRULES_recordLink"(
                      recordType: #"_a-0000dd28-e149-8000-daab-640000640000_10205",
                      identifier: _,
                      dashboard: "summary"
                    ),
                    local!expiredDocumentsdatasubset.data.documentIdentifier
                  )
                ),
                #"SYSTEM_SYSRULES_gridTextColumn"(
                  label: "Document Type",
                  data: local!expiredDocumentsdatasubset.data.documentType
                ),
                #"SYSTEM_SYSRULES_gridTextColumn"(
                  label: "Document Description",
                  data: local!expiredDocumentsdatasubset.data.documentDescription
                ),
                #"SYSTEM_SYSRULES_gridTextColumn"(
                  label: "Expiration Date",
                  data: local!expiredDocumentsdatasubset.data.expirationDate
                )
              },
              value: local!pagingInfo
            )
          }
        ),
        {}
      ),
      if(
        local!selectedDocumentStatus = "YELLOW",
        #"SYSTEM_SYSRULES_sectionLayout"(
          label: "Expiring Document Details",
          firstColumnContents: {
            #"SYSTEM_SYSRULES_gridField"(
              label: "Object Type",
              labelPosition: "COLLAPSED",
              totalCount: local!willExpireDocumentsdatasubset.totalCount,
              columns: {
                #"SYSTEM_SYSRULES_gridImageColumn"(
                  label: "Status",
                  data: {
                    apply(
                      #"99fbaef6-d7e6-4300-ac33-54df6eb73bfd"(
                        input: _
                      ),
                      local!willExpireDocumentsdatasubset.data.expirationDate
                    )
                  },
                  size: "ICON"
                ),
                #"SYSTEM_SYSRULES_gridTextColumn"(
                  label: "Document Identifire",
                  data: local!willExpireDocumentsdatasubset.data.documentIdentifier,
                  links: apply(
                    #"SYSTEM_SYSRULES_recordLink"(
                      recordType: #"_a-0000dd28-e149-8000-daab-640000640000_10205",
                      identifier: _,
                      dashboard: "summary"
                    ),
                    local!willExpireDocumentsdatasubset.data.documentIdentifier
                  )
                ),
                #"SYSTEM_SYSRULES_gridTextColumn"(
                  label: "Document Type",
                  data: local!willExpireDocumentsdatasubset.data.documentType
                ),
                #"SYSTEM_SYSRULES_gridTextColumn"(
                  label: "Document Description",
                  data: local!willExpireDocumentsdatasubset.data.documentDescription
                ),
                #"SYSTEM_SYSRULES_gridTextColumn"(
                  label: "Expiration Date",
                  data: local!willExpireDocumentsdatasubset.data.expirationDate
                )
              },
              value: local!pagingInfo
            )
          }
        ),
        {}
      ),
      if(
        local!selectedDocumentStatus = "GREEN",
        #"SYSTEM_SYSRULES_sectionLayout"(
          label: "Current Document Details",
          firstColumnContents: {
            #"SYSTEM_SYSRULES_gridField"(
              label: "Object Type",
              labelPosition: "COLLAPSED",
              totalCount: local!expireAfterDocumentsdatasubset.totalCount,
              columns: {
                #"SYSTEM_SYSRULES_gridImageColumn"(
                  label: "Status",
                  data: {
                    apply(
                      #"99fbaef6-d7e6-4300-ac33-54df6eb73bfd"(
                        input: _
                      ),
                      local!expireAfterDocumentsdatasubset.data.expirationDate
                    )
                  },
                  size: "ICON"
                ),
                #"SYSTEM_SYSRULES_gridTextColumn"(
                  label: "Document Identifire",
                  data: local!expireAfterDocumentsdatasubset.data.documentIdentifier,
                  links: apply(
                    #"SYSTEM_SYSRULES_recordLink"(
                      recordType: #"_a-0000dd28-e149-8000-daab-640000640000_10205",
                      identifier: _,
                      dashboard: "summary"
                    ),
                    local!expireAfterDocumentsdatasubset.data.documentIdentifier
                  )
                ),
                #"SYSTEM_SYSRULES_gridTextColumn"(
                  label: "Document Type",
                  data: local!expireAfterDocumentsdatasubset.data.documentType
                ),
                #"SYSTEM_SYSRULES_gridTextColumn"(
                  label: "Document Description",
                  data: local!expireAfterDocumentsdatasubset.data.documentDescription
                ),
                #"SYSTEM_SYSRULES_gridTextColumn"(
                  label: "Expiration Date",
                  data: local!expireAfterDocumentsdatasubset.data.expirationDate
                )
              },
              value: local!pagingInfo
            )
          }
        ),
        {}
      ),
      if(
        local!selectedDocumentStatus = "ORANGE",
        #"SYSTEM_SYSRULES_sectionLayout"(
          label: "Missing Document Details",
          firstColumnContents: {
            #"SYSTEM_SYSRULES_gridField"(
              label: "Object Type",
              labelPosition: "COLLAPSED",
              totalCount: local!unknowndatasubset.totalCount,
              columns: {
                #"SYSTEM_SYSRULES_gridImageColumn"(
                  label: "Status",
                  data: {
                    apply(
                      #"99fbaef6-d7e6-4300-ac33-54df6eb73bfd"(
                        input: _
                      ),
                      local!unknowndatasubset.data.expirationDate
                    )
                  },
                  size: "ICON"
                ),
                #"SYSTEM_SYSRULES_gridTextColumn"(
                  label: "Document Identifire",
                  data: local!unknowndatasubset.data.documentIdentifier,
                  links: apply(
                    #"SYSTEM_SYSRULES_recordLink"(
                      recordType: #"_a-0000dd28-e149-8000-daab-640000640000_10205",
                      identifier: _,
                      dashboard: "summary"
                    ),
                    local!unknowndatasubset.data.documentIdentifier
                  )
                ),
                #"SYSTEM_SYSRULES_gridTextColumn"(
                  label: "Document Type",
                  data: local!unknowndatasubset.data.documentType
                ),
                #"SYSTEM_SYSRULES_gridTextColumn"(
                  label: "Document Description",
                  data: local!unknowndatasubset.data.documentDescription
                ),
                #"SYSTEM_SYSRULES_gridTextColumn"(
                  label: "Expiration Date",
                  data: local!unknowndatasubset.data.expirationDate
                )
              },
              value: local!pagingInfo
            )
          }
        ),
        {}
      ),
      if(
        #"_a-0000dcfa-ab37-8000-daab-640000640000_7168"(
          local!selectedDocumentStatus
        ),
        #"SYSTEM_SYSRULES_sectionLayout"(
          label: "Document Details",
          firstColumnContents: {
            #"SYSTEM_SYSRULES_gridField"(
              label: "Object Type",
              labelPosition: "COLLAPSED",
              totalCount: local!documentdatasubset.totalCount,
              columns: {
                #"SYSTEM_SYSRULES_gridImageColumn"(
                  label: "Status",
                  data: {
                    apply(
                      #"99fbaef6-d7e6-4300-ac33-54df6eb73bfd"(
                        input: _
                      ),
                      index(
                        local!documentdatasubset.data,
                        "expirationDate",
                        {}
                      )
                    )
                  },
                  size: "ICON"
                ),
                #"SYSTEM_SYSRULES_gridTextColumn"(
                  label: "Document Identifier",
                  data: index(
                    local!documentdatasubset.data,
                    "documentIdentifier",
                    {}
                  ),
                  links: apply(
                    #"SYSTEM_SYSRULES_recordLink"(
                      recordType: #"_a-0000dd28-e149-8000-daab-640000640000_10205",
                      identifier: _,
                      dashboard: "summary"
                    ),
                    index(
                      local!documentdatasubset.data,
                      "documentIdentifier",
                      {}
                    )
                  )
                ),
                #"SYSTEM_SYSRULES_gridTextColumn"(
                  label: "Document Type",
                  data: index(
                    local!documentdatasubset.data,
                    "documentType",
                    {}
                  )
                ),
                #"SYSTEM_SYSRULES_gridTextColumn"(
                  label: "Document Description",
                  data: index(
                    local!documentdatasubset.data,
                    "documentDescription",
                    {}
                  )
                ),
                #"SYSTEM_SYSRULES_gridTextColumn"(
                  label: "Expiration Date",
                  data: index(
                    local!documentdatasubset.data,
                    "expirationDate",
                    {}
                  )
                )
              },
              value: local!pagingInfo
            )
          }
        ),
        {}
      )
    }
  )
)</definition>
        <namedTypedValue>
            <name>site</name>
            <type>
                <name>CTMS_SiteAccessView</name>
                <namespace>urn:com:appian:types:CTMS</namespace>
            </type>
        </namedTypedValue>
        <namedTypedValue>
            <name>siteDocument</name>
            <type>
                <name>CTMS_SiteDocument</name>
                <namespace>urn:com:appian:types:CTMS</namespace>
            </type>
        </namedTypedValue>
        <metadataExpr></metadataExpr>
        <preferredEditor>interface</preferredEditor>
        <offlineEnabled>false</offlineEnabled>
    </rule>
    <roleMap public="true">
        <role inherit="true" allowForAll="false" name="readers">
            <users/>
            <groups/>
        </role>
        <role inherit="true" allowForAll="false" name="authors">
            <users/>
            <groups/>
        </role>
        <role inherit="true" allowForAll="false" name="administrators">
            <users/>
            <groups/>
        </role>
        <role inherit="false" allowForAll="false" name="denyReaders">
            <users/>
            <groups/>
        </role>
        <role inherit="false" allowForAll="false" name="denyAuthors">
            <users/>
            <groups/>
        </role>
        <role inherit="false" allowForAll="false" name="denyAdministrators">
            <users/>
            <groups/>
        </role>
    </roleMap>
    <typedValue>
        <type>
            <name>RuleTestConfig?list</name>
            <namespace>http://www.appian.com/ae/types/2009</namespace>
        </type>
        <value>
            <el>
                <a:name/>
                <a:ruleInputTestConfigs>
                    <a:value xmlns:xsi="http://www.w3.org/2001/XMLSchema-instance" xsi:type="a:Expression">#"38c0b0ce-9c91-480f-9ee6-eda722584131"(ID:"1")</a:value>
                    <a:nameRef>site</a:nameRef>
                    <a:id/>
                </a:ruleInputTestConfigs>
                <a:ruleInputTestConfigs>
                    <a:value xmlns:xsi="http://www.w3.org/2001/XMLSchema-instance" xsi:type="a:Expression">{}</a:value>
                    <a:nameRef>siteDocument</a:nameRef>
                    <a:id/>
                </a:ruleInputTestConfigs>
                <a:assertions xmlns:xsi="http://www.w3.org/2001/XMLSchema-instance" xsi:nil="true"/>
            </el>
        </value>
    </typedValue>
    <history>
        <historyInfo versionUuid="_a-0000df6a-d82f-8000-9ba2-011c48011c48_112420"/>
    </history>
</contentHaul>
