<?xml version="1.0" encoding="UTF-8" standalone="yes"?>
<contentHaul xmlns:a="http://www.appian.com/ae/types/2009">
    <versionUuid>_a-0000df6a-d82f-8000-9ba2-011c48011c48_112480</versionUuid>
    <rule>
        <name>CTMS_SiteBudgetSplit_Section</name>
        <uuid>_a-0000dd3a-dada-8000-daab-640000640000_11447</uuid>
        <description>Takes a CTMS_SiteBudgetSplitView list cdt and returns a section dislaying a grid of the cdt data</description>
        <parentUuid>_a-0000dcd5-e7b4-8000-daab-640000640000_6355</parentUuid>
        <visibility>
            <advertise>false</advertise>
            <hierarchy>true</hierarchy>
            <indexable>true</indexable>
            <quota>false</quota>
            <searchable>true</searchable>
            <system>false</system>
            <unlogged>false</unlogged>
        </visibility>
        <definition>= load(
  local!gridSelection: #"SYSTEM_SYSRULES_gridSelection"(
    pagingInfo: #"SYSTEM_SYSRULES_pagingInfo"(
      startIndex: 1,
      batchsize: 10
    )
  ),
  local!selectedId,
  with(
    local!datasubset: todatasubset(
      ri!budgetSplit,
      local!gridSelection.pagingInfo
    ),
    #"SYSTEM_SYSRULES_sectionLayout"(
      label: "Split Details",
      firstColumnContents: {
        #"SYSTEM_SYSRULES_gridField"(
          label: "",
          totalCount: local!datasubset.totalCount,
          columns: {
            #"SYSTEM_SYSRULES_gridTextColumn"(
              label: "Contract",
              field: "contract",
              data: index(
                local!datasubset.data,
                "contract",
                {}
              )
            ),
            #"SYSTEM_SYSRULES_gridTextColumn"(
              label: "Payee Account Name",
              field: "payeeAccount",
              data: index(
                local!datasubset.data,
                "payeeAccount",
                {}
              )
            ),
            #"SYSTEM_SYSRULES_gridTextColumn"(
              label: "Payee Last Name",
              field: "payeeLastName",
              data: index(
                local!datasubset.data,
                "payeeLastName",
                {}
              )
            ),
            #"SYSTEM_SYSRULES_gridTextColumn"(
              label: "Payee First Name",
              field: "payeeFirstName",
              data: index(
                local!datasubset.data,
                "payeeFirstName",
                {}
              )
            ),
            #"SYSTEM_SYSRULES_gridTextColumn"(
              label: "Split %",
              field: "splitPercentage",
              data: index(
                local!datasubset.data,
                "splitPercentage",
                {}
              )
            ),
            #"SYSTEM_SYSRULES_gridTextColumn"(
              label: "Split Amount",
              field: "splitAmount",
              data: dollar(
                index(
                  local!datasubset.data,
                  "splitAmount",
                  {}
                ),
                2,
                1
              )
            )
          },
          identifiers: index(
            local!datasubset.data,
            "splitDetailId",
            {}
          ),
          value: local!gridSelection,
          saveInto: {
            local!gridSelection,
            a!save(
              local!selectedId,
              index(
                save!value,
                "selected",
                null
              )
            )
          },
          selection: ri!selectable,
          validations: if(
            isnull(
              local!selectedId
            ),
            "",
            if(
              length(
                local!selectedId
              ) &gt; 1,
              "Limit of one selection",
              ""
            )
          )
        )
      },
      secondColumnContents: {
        /* Add components here for a two-column section */
        
      },
      validations: {},
      isCollapsible: true
    )
  )
)</definition>
        <namedTypedValue>
            <name>budgetSplit</name>
            <type>
                <name>CTMS_SiteBudgetSplitView?list</name>
                <namespace>urn:com:appian:types:CTMS</namespace>
            </type>
        </namedTypedValue>
        <namedTypedValue>
            <name>selectable</name>
            <type>
                <name>boolean</name>
                <namespace>http://www.w3.org/2001/XMLSchema</namespace>
            </type>
        </namedTypedValue>
        <preferredEditor>interface</preferredEditor>
        <offlineEnabled>false</offlineEnabled>
    </rule>
    <roleMap public="true">
        <role inherit="true" allowForAll="false" name="readers">
            <users/>
            <groups/>
        </role>
        <role inherit="true" allowForAll="false" name="authors">
            <users/>
            <groups/>
        </role>
        <role inherit="true" allowForAll="false" name="administrators">
            <users/>
            <groups/>
        </role>
        <role inherit="false" allowForAll="false" name="denyReaders">
            <users/>
            <groups/>
        </role>
        <role inherit="false" allowForAll="false" name="denyAuthors">
            <users/>
            <groups/>
        </role>
        <role inherit="false" allowForAll="false" name="denyAdministrators">
            <users/>
            <groups/>
        </role>
    </roleMap>
    <history>
        <historyInfo versionUuid="_a-0000df6a-d82f-8000-9ba2-011c48011c48_112480"/>
    </history>
</contentHaul>
