<?xml version="1.0" encoding="UTF-8" standalone="yes"?>
<contentHaul xmlns:a="http://www.appian.com/ae/types/2009">
    <versionUuid>_a-0000df6a-d82f-8000-9ba2-011c48011c48_112434</versionUuid>
    <rule>
        <name>CTMS_getUnknownDocuments</name>
        <uuid>_a-0000dd1f-71b0-8000-daab-640000640000_7319</uuid>
        <description>Takes input as siteDocuments and returns the required documents </description>
        <parentUuid>_a-0000dcd5-e7b4-8000-daab-640000640000_6351</parentUuid>
        <visibility>
            <advertise>false</advertise>
            <hierarchy>true</hierarchy>
            <indexable>true</indexable>
            <quota>false</quota>
            <searchable>true</searchable>
            <system>false</system>
            <unlogged>false</unlogged>
        </visibility>
        <definition>if(
  #"_a-0000dcfa-ab37-8000-daab-640000640000_7168"(
    ri!siteDocuments
  ),
  {},
  cast(
    'type!{urn:com:appian:types:CTMS}CTMS_SiteDocument?list',
    apply(
      #"_a-0000dd28-e149-8000-daab-640000640000_10183"(
        siteDocument: _
      ),
      ri!siteDocuments
    )
  )
)</definition>
        <namedTypedValue>
            <name>siteDocuments</name>
            <type>
                <name>CTMS_SiteDocument?list</name>
                <namespace>urn:com:appian:types:CTMS</namespace>
            </type>
        </namedTypedValue>
        <preferredEditor>legacy</preferredEditor>
        <offlineEnabled>false</offlineEnabled>
    </rule>
    <roleMap public="true">
        <role inherit="true" allowForAll="false" name="readers">
            <users/>
            <groups/>
        </role>
        <role inherit="true" allowForAll="false" name="authors">
            <users/>
            <groups/>
        </role>
        <role inherit="true" allowForAll="false" name="administrators">
            <users/>
            <groups/>
        </role>
        <role inherit="false" allowForAll="false" name="denyReaders">
            <users/>
            <groups/>
        </role>
        <role inherit="false" allowForAll="false" name="denyAuthors">
            <users/>
            <groups/>
        </role>
        <role inherit="false" allowForAll="false" name="denyAdministrators">
            <users/>
            <groups/>
        </role>
    </roleMap>
    <history>
        <historyInfo versionUuid="_a-0000df6a-d82f-8000-9ba2-011c48011c48_112434"/>
    </history>
</contentHaul>
