<?xml version="1.0" encoding="UTF-8" standalone="yes"?>
<contentHaul xmlns:a="http://www.appian.com/ae/types/2009">
    <versionUuid>_a-0000df6a-d82f-8000-9ba2-011c48011c48_112483</versionUuid>
    <rule>
        <name>CTMS_SiteHeader_Section</name>
        <uuid>_a-0000dd4f-0404-8000-daab-640000640000_16503</uuid>
        <description>Site header section for use in forms/dashboards requiring the site header</description>
        <parentUuid>_a-0000dcd5-e7b4-8000-daab-640000640000_6355</parentUuid>
        <visibility>
            <advertise>false</advertise>
            <hierarchy>true</hierarchy>
            <indexable>true</indexable>
            <quota>false</quota>
            <searchable>true</searchable>
            <system>false</system>
            <unlogged>false</unlogged>
        </visibility>
        <definition>= if(
  #"_a-0000ddcb-815e-8000-daab-640000640000_18403"(
    ri!siteId
  ),
  {},
  load(
    local!gridSelection: #"SYSTEM_SYSRULES_gridSelection"(
      pagingInfo: #"SYSTEM_SYSRULES_pagingInfo"(
        startIndex: 1,
        batchSize: 1
      )
    ),
    /*local!site: rule!CTMS_Site_getSiteByID(ID: ri!siteId),*/
    local!site: #"SYSTEM_SYSRULES_queryEntity"(
      entity: #"_a-0000dd4f-0404-8000-daab-640000640000_16505",
      query: #"SYSTEM_SYSRULES_query"(
        selection: #"SYSTEM_SYSRULES_querySelection"(
          columns: {
            #"SYSTEM_SYSRULES_queryColumn"(
              field: "siteIdentifier"
            ),
            #"SYSTEM_SYSRULES_queryColumn"(
              field: "siteNumber"
            ),
            #"SYSTEM_SYSRULES_queryColumn"(
              field: "contractAmount"
            ),
            #"SYSTEM_SYSRULES_queryColumn"(
              field: "siteStatus"
            ),
            #"SYSTEM_SYSRULES_queryColumn"(
              field: "irbApprovalDate"
            ),
            #"SYSTEM_SYSRULES_queryColumn"(
              field: "siteInitiated"
            ),
            #"SYSTEM_SYSRULES_queryColumn"(
              field: "siteTerminated"
            )
          }
        ),
        filter: #"SYSTEM_SYSRULES_queryFilter"(
          field: "siteIdentifier",
          operator: "=",
          value: ri!siteId
        ),
        pagingInfo: #"SYSTEM_SYSRULES_pagingInfo"(
          startIndex: 1,
          batchSize: 1
        )
      )
    ),
    if(
      #"_a-0000ddcb-815e-8000-daab-640000640000_18403"(
        local!site
      ),
      {},
      with(
        local!datasubset: todatasubset(
          local!site.data,
          local!gridSelection.pagingInfo
        ),
        #"SYSTEM_SYSRULES_sectionLayout"(
          /*label: "Site",*/
          firstColumnContents: {
            #"SYSTEM_SYSRULES_gridField"(
              label: "",
              totalCount: local!datasubset.totalCount,
              columns: {
                #"SYSTEM_SYSRULES_gridTextColumn"(
                  label: "Site ID",
                  field: "siteIdentifier",
                  data: index(
                    local!datasubset.data,
                    "siteIdentifier",
                    {}
                  )
                ),
                #"SYSTEM_SYSRULES_gridTextColumn"(
                  label: "Site #",
                  field: "siteNumber",
                  data: index(
                    local!datasubset.data,
                    "siteNumber",
                    {}
                  )
                ),
                #"SYSTEM_SYSRULES_gridTextColumn"(
                  label: "Contract Amount",
                  field: "contractAmount",
                  data: dollar(
                    index(
                      local!datasubset.data,
                      "contractAmount",
                      {}
                    )
                  )
                ),
                #"SYSTEM_SYSRULES_gridTextColumn"(
                  label: "Status",
                  field: "siteStatus",
                  data: dollar(
                    index(
                      local!datasubset.data,
                      "siteStatus",
                      {}
                    ),
                    2,
                    1
                  )
                ),
                #"SYSTEM_SYSRULES_gridTextColumn"(
                  label: "IRB Approval Date",
                  field: "irbApprovalDate",
                  data: index(
                    local!datasubset.data,
                    "irbApprovalDate",
                    {}
                  )
                ),
                #"SYSTEM_SYSRULES_gridTextColumn"(
                  label: "Site Initiated",
                  field: "siteInitiated",
                  data: index(
                    local!datasubset.data,
                    "siteInitiated",
                    {}
                  )
                ),
                #"SYSTEM_SYSRULES_gridTextColumn"(
                  label: "Site Terminated",
                  field: "siteTerminated",
                  data: index(
                    local!datasubset.data,
                    "siteTerminated",
                    {}
                  )
                )
              },
              identifiers: index(
                local!datasubset.data,
                "siteIdentifier",
                {}
              ),
              value: local!gridSelection
            )
          },
          secondColumnContents: {
            /* Add components here for a two-column section */
            
          },
          validations: {}
        )
      )
    )
  )
)</definition>
        <namedTypedValue>
            <name>siteId</name>
            <type>
                <name>string</name>
                <namespace>http://www.w3.org/2001/XMLSchema</namespace>
            </type>
            <value/>
        </namedTypedValue>
        <metadataExpr></metadataExpr>
        <preferredEditor>interface</preferredEditor>
        <offlineEnabled>false</offlineEnabled>
    </rule>
    <roleMap public="true">
        <role inherit="true" allowForAll="false" name="readers">
            <users/>
            <groups/>
        </role>
        <role inherit="true" allowForAll="false" name="authors">
            <users/>
            <groups/>
        </role>
        <role inherit="true" allowForAll="false" name="administrators">
            <users/>
            <groups/>
        </role>
        <role inherit="false" allowForAll="false" name="denyReaders">
            <users/>
            <groups/>
        </role>
        <role inherit="false" allowForAll="false" name="denyAuthors">
            <users/>
            <groups/>
        </role>
        <role inherit="false" allowForAll="false" name="denyAdministrators">
            <users/>
            <groups/>
        </role>
    </roleMap>
    <typedValue>
        <type>
            <name>RuleTestConfig?list</name>
            <namespace>http://www.appian.com/ae/types/2009</namespace>
        </type>
        <value>
            <el>
                <a:name/>
                <a:ruleInputTestConfigs>
                    <a:value xmlns:xsd="http://www.w3.org/2001/XMLSchema" xmlns:xsi="http://www.w3.org/2001/XMLSchema-instance" xsi:type="xsd:string">1</a:value>
                    <a:nameRef>siteId</a:nameRef>
                    <a:id/>
                </a:ruleInputTestConfigs>
                <a:assertions xmlns:xsi="http://www.w3.org/2001/XMLSchema-instance" xsi:nil="true"/>
            </el>
        </value>
    </typedValue>
    <history>
        <historyInfo versionUuid="_a-0000df6a-d82f-8000-9ba2-011c48011c48_112483"/>
    </history>
</contentHaul>
