<?xml version="1.0" encoding="UTF-8" standalone="yes"?>
<contentHaul xmlns:a="http://www.appian.com/ae/types/2009">
    <versionUuid>_a-0000df6a-d82f-8000-9ba2-011c48011c48_112414</versionUuid>
    <rule>
        <name>CTMS_User_UserRecord</name>
        <uuid>_a-0000dcfa-ab37-8000-daab-640000640000_6653</uuid>
        <description>User record Section for user dashboard</description>
        <parentUuid>_a-0000dcd5-e7b4-8000-daab-640000640000_6355</parentUuid>
        <visibility>
            <advertise>false</advertise>
            <hierarchy>true</hierarchy>
            <indexable>true</indexable>
            <quota>false</quota>
            <searchable>true</searchable>
            <system>false</system>
            <unlogged>false</unlogged>
        </visibility>
        <definition>load(
  {
    #"SYSTEM_SYSRULES_sectionLayout"(
      label: "User Record",
      firstColumnContents: {
        #"SYSTEM_SYSRULES_textField"(
          label: "First Name",
          labelPosition: "ADJACENT",
          value: ri!firstName,
          saveInto: ri!firstName,
          refreshAfter: "UNFOCUS",
          readonly: ri!isEdit,
          validations: if(
            len(
              ri!firstName
            ) &gt; 35,
            "First name must not exceed 35 characters",
            ""
          )
        ),
        #"SYSTEM_SYSRULES_textField"(
          label: "Last Name",
          labelPosition: "ADJACENT",
          value: ri!lastName,
          saveInto: ri!lastName,
          refreshAfter: "UNFOCUS",
          readonly: ri!isEdit,
          validations: if(
            len(
              ri!lastName
            ) &gt; 35,
            "Last name must not exceed 35 characters",
            ""
          )
        ),
        if(
          ri!isEdit,
          #"SYSTEM_SYSRULES_linkField"(
            label: "Email",
            labelPosition: "ADJACENT",
            links: #"SYSTEM_SYSRULES_safeLink"(
              label: #"22e18c7d-c28b-4615-96ec-c8eb58bf5f72"(
                user(
                  ri!username,
                  "email"
                ),
                "Not Specified"
              ),
              uri: "mailto:" &amp; user(
                ri!username,
                "email"
              )
            )
          ),
          #"SYSTEM_SYSRULES_textField"(
            label: "Email",
            labelPosition: "ADJACENT",
            value: ri!email,
            saveInto: ri!email
          )
        ),
        #"SYSTEM_SYSRULES_textField"(
          label: "Mobile Phone",
          labelPosition: "ADJACENT",
          value: ri!phoneMobile,
          saveInto: ri!phoneMobile,
          readOnly: ri!isEdit
        ),
        #"SYSTEM_SYSRULES_textField"(
          label: "Office Phone",
          labelPosition: "ADJACENT",
          value: ri!phoneOffice,
          saveInto: ri!phoneOffice,
          readOnly: ri!isEdit
        ),
        #"SYSTEM_SYSRULES_textField"(
          label: "Home Phone",
          labelPosition: "ADJACENT",
          value: ri!phoneHome,
          saveInto: ri!phoneHome,
          readOnly: ri!isEdit
        )
      },
      secondColumnContents: {
        /*a!textField(*/
        /*  label: "Status",*/
        /*  labelPosition: "ADJACENT",*/
        /*  value: if(*/
        /*    tostring(*/
        /*      user(*/
        /*        ri!username,*/
        /*        "status"*/
        /*      )*/
        /*    ) = "1",*/
        /*    "Active",*/
        /*    "Deactivate"*/
        /*  ),*/
        /*  refreshAfter: "UNFOCUS",*/
        /*  readonly: true*/
        /*),*/
        /*a!pickerFieldUsers(*/
        /*  label: "Supervisor",*/
        /*  labelPosition: "ADJACENT",*/
        /*  maxSelections: 1,*/
        /*  groupFilter: cons!CTMS_USERS,*/
        /*  value: local!supervisor,*/
        /*  saveInto: {*/
        /*    local!supervisor,*/
        /*    a!save(ri!supervisor,local!supervisor)*/
        /*  },*/
        /*  readOnly: ri!isEdit*/
        /*),*/
        #"SYSTEM_SYSRULES_textField"(
          label: "Address",
          labelPosition: "ADJACENT",
          value: ri!address1,
          saveInto: ri!address1,
          refreshAfter: "UNFOCUS",
          readonly: ri!isEdit,
          validations: {}
        ),
        #"SYSTEM_SYSRULES_textField"(
          label: "City",
          labelPosition: "ADJACENT",
          value: ri!city,
          saveInto: ri!city,
          readOnly: ri!isEdit
        ),
        #"SYSTEM_SYSRULES_textField"(
          label: "State",
          labelPosition: "ADJACENT",
          value: ri!state,
          saveInto: ri!state,
          readOnly: ri!isEdit
        ),
        #"SYSTEM_SYSRULES_textField"(
          label: "ZipCode",
          labelPosition: "ADJACENT",
          value: ri!zipCode,
          saveInto: ri!zipCode,
          readOnly: ri!isEdit
        )
      }
    )
  }
)</definition>
        <namedTypedValue>
            <name>username</name>
            <type>
                <name>string</name>
                <namespace>http://www.w3.org/2001/XMLSchema</namespace>
            </type>
            <value/>
        </namedTypedValue>
        <preferredEditor>interface</preferredEditor>
        <offlineEnabled>false</offlineEnabled>
    </rule>
    <roleMap public="true">
        <role inherit="true" allowForAll="false" name="readers">
            <users/>
            <groups/>
        </role>
        <role inherit="true" allowForAll="false" name="authors">
            <users/>
            <groups/>
        </role>
        <role inherit="true" allowForAll="false" name="administrators">
            <users/>
            <groups/>
        </role>
        <role inherit="false" allowForAll="false" name="denyReaders">
            <users/>
            <groups/>
        </role>
        <role inherit="false" allowForAll="false" name="denyAuthors">
            <users/>
            <groups/>
        </role>
        <role inherit="false" allowForAll="false" name="denyAdministrators">
            <users/>
            <groups/>
        </role>
    </roleMap>
    <typedValue>
        <type>
            <name>RuleTestConfig?list</name>
            <namespace>http://www.appian.com/ae/types/2009</namespace>
        </type>
        <value>
            <el>
                <a:name/>
                <a:ruleInputTestConfigs>
                    <a:value xmlns:xsd="http://www.w3.org/2001/XMLSchema" xmlns:xsi="http://www.w3.org/2001/XMLSchema-instance" xsi:type="xsd:string">philipos.zewdie</a:value>
                    <a:nameRef>username</a:nameRef>
                    <a:id/>
                </a:ruleInputTestConfigs>
                <a:assertions xmlns:xsi="http://www.w3.org/2001/XMLSchema-instance" xsi:nil="true"/>
            </el>
        </value>
    </typedValue>
    <history>
        <historyInfo versionUuid="_a-0000df6a-d82f-8000-9ba2-011c48011c48_112414"/>
    </history>
</contentHaul>
