<?xml version="1.0" encoding="UTF-8" standalone="yes"?>
<contentHaul xmlns:a="http://www.appian.com/ae/types/2009">
    <versionUuid>_a-0000df6a-d82f-8000-9ba2-011c48011c48_112419</versionUuid>
    <rule>
        <name>CTMS_License_AddEditLicense</name>
        <uuid>_a-0000dcfa-ab37-8000-daab-640000640000_6955</uuid>
        <description>License Add and Edit Interface</description>
        <parentUuid>_a-0000dcd5-e7b4-8000-daab-640000640000_6355</parentUuid>
        <visibility>
            <advertise>false</advertise>
            <hierarchy>true</hierarchy>
            <indexable>true</indexable>
            <quota>false</quota>
            <searchable>true</searchable>
            <system>false</system>
            <unlogged>false</unlogged>
        </visibility>
        <definition>load(
  local!License,
  with(
    #"SYSTEM_SYSRULES_formLayout"(
      firstColumnContents: {
        /*rule!CTMS_Site_LicenceSectionGridView(*/
        /*  isEdit: ri!isEdit,*/
        /*  CTMS_LICENSE: ri!License,*/
        /*  License: local!License*/
        /*),*/
        #"SYSTEM_SYSRULES_sectionLayout"(
          label: "License",
          firstColumnContents: {
            #"SYSTEM_SYSRULES_textField"(
              label: "License Number",
              labelPosition: "ADJACENT",
              value: ri!License.licenseNumber,
              readOnly: not(
                ri!isEdit
              )
            ),
            #"SYSTEM_SYSRULES_textField"(
              label: "License State",
              labelPosition: "ADJACENT",
              value: ri!License.licenseState,
              readOnly: not(
                ri!isEdit
              )
            ),
            
          },
          secondColumnContents: {
            #"SYSTEM_SYSRULES_textField"(
              label: "License Type",
              labelPosition: "ADJACENT",
              value: ri!License.licenseType,
              readOnly: not(
                ri!isEdit
              )
            ),
            #"SYSTEM_SYSRULES_dateField"(
              label: "Expiration Date",
              labelPosition: "ADJACENT",
              value: ri!License.licenseExpirationDate,
              readOnly: not(
                ri!isEdit
              )
            )
          }
        ),
        if(
          ri!isEdit,
          #"SYSTEM_SYSRULES_ButtonLayout"(
            primaryButtons: {
              #"SYSTEM_SYSRULES_ButtonWidgetSubmit"(
                label: "Submit",
                style: "PRIMARY",
                value: "SubmitUpdate",
                saveInto: ri!action
              )
            },
            secondaryButtons: {
              #"SYSTEM_SYSRULES_ButtonWidgetSubmit"(
                label: "Cancel",
                style: "NORMAL",
                value: "cancel",
                saveInto: ri!action,
                skipValidation: true
              )
            }
          ),
          {}
        )
      }
    )
  )
)</definition>
        <namedTypedValue>
            <name>action</name>
            <type>
                <name>string</name>
                <namespace>http://www.w3.org/2001/XMLSchema</namespace>
            </type>
            <value/>
        </namedTypedValue>
        <namedTypedValue>
            <name>isEdit</name>
            <type>
                <name>boolean</name>
                <namespace>http://www.w3.org/2001/XMLSchema</namespace>
            </type>
        </namedTypedValue>
        <namedTypedValue>
            <name>License</name>
            <type>
                <name>CTMS_License</name>
                <namespace>urn:com:appian:types:CTMS</namespace>
            </type>
        </namedTypedValue>
        <preferredEditor>interface</preferredEditor>
        <offlineEnabled>false</offlineEnabled>
    </rule>
    <roleMap public="true">
        <role inherit="true" allowForAll="false" name="readers">
            <users/>
            <groups/>
        </role>
        <role inherit="true" allowForAll="false" name="authors">
            <users/>
            <groups/>
        </role>
        <role inherit="true" allowForAll="false" name="administrators">
            <users/>
            <groups/>
        </role>
        <role inherit="false" allowForAll="false" name="denyReaders">
            <users/>
            <groups/>
        </role>
        <role inherit="false" allowForAll="false" name="denyAuthors">
            <users/>
            <groups/>
        </role>
        <role inherit="false" allowForAll="false" name="denyAdministrators">
            <users/>
            <groups/>
        </role>
    </roleMap>
    <history>
        <historyInfo versionUuid="_a-0000df6a-d82f-8000-9ba2-011c48011c48_112419"/>
    </history>
</contentHaul>
