<?xml version="1.0" encoding="UTF-8" standalone="yes"?>
<contentHaul xmlns:a="http://www.appian.com/ae/types/2009">
    <versionUuid>_a-0000df6a-d82f-8000-9ba2-011c48011c48_104563</versionUuid>
    <rule>
        <name>CTMS_User_UpdateUser</name>
        <uuid>_a-0000dcfa-ab37-8000-daab-640000640000_7127</uuid>
        <description>Update User for CTMS </description>
        <parentUuid>_a-0000dcd5-e7b4-8000-daab-640000640000_6355</parentUuid>
        <visibility>
            <advertise>false</advertise>
            <hierarchy>true</hierarchy>
            <indexable>true</indexable>
            <quota>false</quota>
            <searchable>true</searchable>
            <system>false</system>
            <unlogged>false</unlogged>
        </visibility>
        <definition>load(
  local!CTMS_LICENSE: if(
    #"_a-0000dcfa-ab37-8000-daab-640000640000_7168"(
      ri!CTMS_USER
    ),
    {},
    #"_a-0000ddcc-a4d5-8000-daab-640000640000_18484"(
      ID: ri!CTMS_USER.identifier
    )
  ),
  local!selected,
  local!isStarted:
    if(
        #"_a-0000dcfa-ab37-8000-daab-640000640000_7168"(
        ri!currentMilestone
      ),
      false(),
      ri!currentMilestone&gt;1
    )
  ,
  local!uploadedDocument:ri!CTMS_USER.imageID,
  #"SYSTEM_SYSRULES_formLayout"(
    firstColumnContents: {
      if(isStarted,
          #"SYSTEM_SYSRULES_milestoneField"( 
            steps:#"_a-0000ddf1-7abf-8000-daab-640000640000_21702",
            links: {},
            active:ri!currentMilestone
          ),
          {}
        ),
      {
      #"SYSTEM_SYSRULES_sectionLayout"(
        label: ri!CTMS_USER.jobTitle 
                &amp; " " &amp; ri!CTMS_USER.firstName 
                &amp; " " &amp; ri!CTMS_USER.lastName,
        firstColumnContents: {
          #"SYSTEM_SYSRULES_imageField"(
            label: "",
            labelPosition: "ADJACENT",
            instructions:"",
            images: #"SYSTEM_SYSRULES_documentImage"(
              document: if(
                #"_a-0000dcfa-ab37-8000-daab-640000640000_7168"(
                  local!uploadedDocument
                ),
                #"_a-0000df6a-d82f-8000-9ba2-011c48011c48_104553",
                todocument(
                  local!uploadedDocument
                )
              )
            ),
            size: "MEDIUM"
          ),
          if(ri!isEdit,
            #"SYSTEM_SYSRULES_fileUploadField"(
              label: "Upload Profile Picture",
              labelposition: "ADJACENT",
              instructions: "",
              target: #"_a-0000ddf1-7abf-8000-daab-640000640000_21524",
              value: local!uploadedDocument,
              saveInto: {
                a!save(ri!CTMS_USER.imageID, save!value)
              },
              required: false
            )
          ,{})
        },
        secondColumnContents: {
          #"SYSTEM_SYSRULES_textField"(
            label: "Role",
            labelPosition: "ADJACENT",
            value: ri!CTMS_USER.role,
            saveInto: ri!CTMS_USER.role,
            refreshAfter: "UNFOCUS",
            readonly: not(
              ri!isEdit
            )
          ),
          #"SYSTEM_SYSRULES_textField"(
            label: "Email",
            labelPosition: "ADJACENT",
            placeholder: "yourname@domain.com",
            value: ri!CTMS_USER.emailAddress,
            saveInto: ri!CTMS_USER.emailAddress,
            required: ri!isEdit,
            readOnly: not(
              ri!isEdit
            )
          ),
          #"SYSTEM_SYSRULES_textField"(
            label: "Work Phone",
            labelPosition: "ADJACENT",
            value: ri!CTMS_USER.workPhoneNumber,
            saveInto: ri!CTMS_USER.workPhoneNumber,
            required: ri!isEdit,
            readOnly: not(
              ri!isEdit
            )
          ),
          #"SYSTEM_SYSRULES_textField"(
            label: "Contact Type",
            labelPosition: "ADJACENT",
            value: ri!CTMS_USER.contactType,
            saveInto: ri!CTMS_USER.contactType,
            readOnly: not(
              ri!isEdit
            )
          ),
          #"SYSTEM_SYSRULES_textField"(
            label: "Primary Speciality",
            labelPosition: "ADJACENT",
            value: ri!CTMS_USER.primarySpeciality,
            saveInto: ri!CTMS_USER.primarySpeciality,
            readOnly: not(
              ri!isEdit
            )
          )
          }
      )},
      
      /*),*/
      #"10ad9496-32f5-4a0b-bb90-53827544216e"(
        isEdit: ri!isEdit,
        CTMS_LICENSE: local!CTMS_LICENSE,
        selected: ri!selectedLicense
      ),
            if(ri!isEdit,{
        #"SYSTEM_SYSRULES_milestoneField"(steps:{"",""}),
            #"SYSTEM_SYSRULES_sectionLayout"(
          firstColumnContents: {
            #"SYSTEM_SYSRULES_paragraphField"(
              label: "Comments",
              labelPosition: "ADJACENT",
              instructions:"",
              value: ri!reason,
              saveInto:ri!reason,
              readOnly:not(
              ri!isEdit
            )
            )
          }
          )},{}),
          if(isnull(ri!comment),{},
          if(ri!isEdit,
      {
              #"SYSTEM_SYSRULES_milestoneField"(steps:{"",""}),
      #"SYSTEM_SYSRULES_sectionLayout"(
          firstColumnContents: {
            #"SYSTEM_SYSRULES_paragraphField"(
              label: "Comment",
              labelPosition: "ADJACENT",
              instructions:"",
              value: ri!comment,
              saveInto:ri!comment,
              disabled:true
            )
          }
          
          )},{})),
          
      #"SYSTEM_SYSRULES_milestoneField"(steps:{"",""}),
      #"SYSTEM_SYSRULES_ButtonLayout"(
        primaryButtons: {
          if(
            ri!isEdit,
            {
              #"SYSTEM_SYSRULES_ButtonWidgetSubmit"(
                label: "Add New License",
                style: "PRIMARY",
                value: "Add",
                saveInto: {
                  ri!action,
                  a!save(
                    ri!selectedLicense,
                    null
                  )
                }
              ),
              #"SYSTEM_SYSRULES_ButtonWidgetSubmit"(
                label: "Update",
                style: "PRIMARY",
                value: "Update",
                saveInto: {
                  ri!action/*a!save(ri!selectedLicense, local!selected)*/
                  
                }
              )
            },
            {}
          )
        },
        secondaryButtons: {
          if(
            ri!isEdit,
            #"SYSTEM_SYSRULES_ButtonWidgetSubmit"(
              label: "Cancel",
              style: "NORMAL",
              value: "Cancel",
              saveInto: ri!action,
              skipValidation: true
            ),
            {}
          )
        }
      ),
      if(isStarted,
        #"SYSTEM_SYSRULES_ButtonLayout"(
            primaryButtons: {
              #"SYSTEM_SYSRULES_ButtonWidgetSubmit"(
                label: "Edit Profile",
                style: "NORMAL",
                value: null,
                saveInto: null,
                skipvalidation: true
              )
            }
          ),
          {}
        )
    }
  )
)</definition>
        <namedTypedValue>
            <name>action</name>
            <type>
                <name>string</name>
                <namespace>http://www.w3.org/2001/XMLSchema</namespace>
            </type>
            <value/>
        </namedTypedValue>
        <namedTypedValue>
            <name>isEdit</name>
            <type>
                <name>boolean</name>
                <namespace>http://www.w3.org/2001/XMLSchema</namespace>
            </type>
        </namedTypedValue>
        <namedTypedValue>
            <name>CTMS_USER</name>
            <type>
                <name>CTMS_User</name>
                <namespace>urn:com:appian:types:CTMS</namespace>
            </type>
        </namedTypedValue>
        <namedTypedValue>
            <name>selectedLicense</name>
            <type>
                <name>CTMS_InvestigatorLicense</name>
                <namespace>urn:com:appian:types:CTMS</namespace>
            </type>
        </namedTypedValue>
        <namedTypedValue>
            <name>comment</name>
            <type>
                <name>string</name>
                <namespace>http://www.w3.org/2001/XMLSchema</namespace>
            </type>
            <value/>
        </namedTypedValue>
        <namedTypedValue>
            <name>reason</name>
            <type>
                <name>string</name>
                <namespace>http://www.w3.org/2001/XMLSchema</namespace>
            </type>
            <value/>
        </namedTypedValue>
        <namedTypedValue>
            <name>currentMilestone</name>
            <type>
                <name>int</name>
                <namespace>http://www.w3.org/2001/XMLSchema</namespace>
            </type>
        </namedTypedValue>
        <metadataExpr></metadataExpr>
        <preferredEditor>interface</preferredEditor>
        <offlineEnabled>false</offlineEnabled>
    </rule>
    <roleMap public="true">
        <role inherit="true" allowForAll="false" name="readers">
            <users/>
            <groups/>
        </role>
        <role inherit="true" allowForAll="false" name="authors">
            <users/>
            <groups/>
        </role>
        <role inherit="true" allowForAll="false" name="administrators">
            <users/>
            <groups/>
        </role>
        <role inherit="false" allowForAll="false" name="denyReaders">
            <users/>
            <groups/>
        </role>
        <role inherit="false" allowForAll="false" name="denyAuthors">
            <users/>
            <groups/>
        </role>
        <role inherit="false" allowForAll="false" name="denyAdministrators">
            <users/>
            <groups/>
        </role>
    </roleMap>
    <typedValue>
        <type>
            <name>RuleTestConfig?list</name>
            <namespace>http://www.appian.com/ae/types/2009</namespace>
        </type>
        <value>
            <el>
                <a:name/>
                <a:ruleInputTestConfigs>
                    <a:value xmlns:xsd="http://www.w3.org/2001/XMLSchema" xmlns:xsi="http://www.w3.org/2001/XMLSchema-instance" xsi:type="xsd:string"/>
                    <a:nameRef>action</a:nameRef>
                    <a:id/>
                </a:ruleInputTestConfigs>
                <a:ruleInputTestConfigs>
                    <a:value xmlns:xsi="http://www.w3.org/2001/XMLSchema-instance" xsi:type="a:Expression">true</a:value>
                    <a:nameRef>isEdit</a:nameRef>
                    <a:id/>
                </a:ruleInputTestConfigs>
                <a:ruleInputTestConfigs>
                    <a:value xmlns:xsi="http://www.w3.org/2001/XMLSchema-instance" xsi:type="a:Expression">#"_a-0000ddcc-a4d5-8000-daab-640000640000_18500"("1")</a:value>
                    <a:nameRef>CTMS_USER</a:nameRef>
                    <a:id/>
                </a:ruleInputTestConfigs>
                <a:ruleInputTestConfigs>
                    <a:value xmlns:n1="urn:com:appian:types:CTMS" xmlns:xsi="http://www.w3.org/2001/XMLSchema-instance" xsi:nil="true" xsi:type="n1:CTMS_InvestigatorLicense"/>
                    <a:nameRef>selectedLicense</a:nameRef>
                    <a:id/>
                </a:ruleInputTestConfigs>
                <a:ruleInputTestConfigs>
                    <a:value xmlns:xsd="http://www.w3.org/2001/XMLSchema" xmlns:xsi="http://www.w3.org/2001/XMLSchema-instance" xsi:type="xsd:string"/>
                    <a:nameRef>comment</a:nameRef>
                    <a:id/>
                </a:ruleInputTestConfigs>
                <a:ruleInputTestConfigs>
                    <a:value xmlns:xsd="http://www.w3.org/2001/XMLSchema" xmlns:xsi="http://www.w3.org/2001/XMLSchema-instance" xsi:type="xsd:string"/>
                    <a:nameRef>reason</a:nameRef>
                    <a:id/>
                </a:ruleInputTestConfigs>
                <a:ruleInputTestConfigs>
                    <a:value xmlns:xsd="http://www.w3.org/2001/XMLSchema" xmlns:xsi="http://www.w3.org/2001/XMLSchema-instance" xsi:nil="true" xsi:type="xsd:int"/>
                    <a:nameRef>currentMilestone</a:nameRef>
                    <a:id/>
                </a:ruleInputTestConfigs>
                <a:assertions xmlns:xsi="http://www.w3.org/2001/XMLSchema-instance" xsi:nil="true"/>
            </el>
        </value>
    </typedValue>
    <history>
        <historyInfo versionUuid="_a-0000df6a-d82f-8000-9ba2-011c48011c48_104563"/>
    </history>
</contentHaul>
