<?xml version="1.0" encoding="UTF-8" standalone="yes"?>
<contentHaul xmlns:a="http://www.appian.com/ae/types/2009">
    <versionUuid>_a-0000df6a-d82f-8000-9ba2-011c48011c48_112410</versionUuid>
    <rule>
        <name>CTMS_Site_SiteDetails</name>
        <uuid>_a-0000dcfa-ab37-8000-daab-640000640000_6628</uuid>
        <description>CTMS Site details</description>
        <parentUuid>_a-0000dcd5-e7b4-8000-daab-640000640000_6355</parentUuid>
        <visibility>
            <advertise>false</advertise>
            <hierarchy>true</hierarchy>
            <indexable>true</indexable>
            <quota>false</quota>
            <searchable>true</searchable>
            <system>false</system>
            <unlogged>false</unlogged>
        </visibility>
        <definition>load(
  {
    #"SYSTEM_SYSRULES_sectionLayout"(
      label: "Site Details",
      firstColumnContents: {
        #"SYSTEM_SYSRULES_textField"(
          label: "Protocol #",
          labelPosition: "ADJACENT",
          value: ri!site.protocolsNumber,
          readOnly: true
        ),
        #"SYSTEM_SYSRULES_textField"(
          label: "Site #",
          labelPosition: "ADJACENT",
          value: ri!site.siteIdentifier,
          readOnly: true
        ),
        #"SYSTEM_SYSRULES_textField"(
          label: "Site Status",
          labelPosition: "ADJACENT",
          value: ri!site.siteStatus,
          readOnly: true
        ),
        #"SYSTEM_SYSRULES_dateField"(
          label: "IRB Approval",
          labelPosition: "ADJACENT",
          value: ri!site.irbApprovalDate,
          readOnly: true
        ),
        #"SYSTEM_SYSRULES_dateField"(
          label: "Site Initiated",
          labelPosition: "ADJACENT",
          value: ri!site.siteInitiated,
          readOnly: true
        ),
        #"SYSTEM_SYSRULES_textField"(
          label: "PI First Name",
          labelPosition: "ADJACENT",
          value: ri!site.FirstName,
          readOnly: true
        ),
        #"SYSTEM_SYSRULES_textField"(
          label: "PI LastName:",
          labelPosition: "ADJACENT",
          value: ri!site.LastName,
          readOnly: true
        )
      },
      secondColumnContents: {
        #"SYSTEM_SYSRULES_textField"(
          label: "Account Name",
          labelPosition: "ADJACENT",
          value: ri!site.accountName,
          readOnly: true
        ),
        #"SYSTEM_SYSRULES_textField"(
          label: "# Planned Subjects",
          labelPosition: "ADJACENT",
          value: ri!site.plannedSubjects,
          readOnly: true
        ),
        #"SYSTEM_SYSRULES_textField"(
          label: "Contract Amount",
          labelPosition: "ADJACENT",
          value: if(isnull(ri!site.contractAmount),{},dollar(ri!site.contractAmount)),
          readOnly: true
        ),
        #"SYSTEM_SYSRULES_textField"(
          label: "Withholding %",
          labelPosition: "ADJACENT",
          value: ri!site.withholdingPercent,
          readOnly: true
        ),
        #"SYSTEM_SYSRULES_textField"(
          label: "Earned To Date",
          labelPosition: "ADJACENT",
          value: if(isnull(ri!site.earnedToDate),{},dollar(ri!site.earnedToDate)),
          readOnly: true
        ),
        #"SYSTEM_SYSRULES_textField"(
          label: "Paid To Date",
          labelPosition: "ADJACENT",
          value: if(isnull(ri!site.paidToDate),{},dollar(ri!site.paidToDate)),
          /*ri!site.PaidToDate,*/
          readOnly: true
        )
      }
    )
  }
)</definition>
        <namedTypedValue>
            <name>site</name>
            <type>
                <name>CTMS_SiteAccessView</name>
                <namespace>urn:com:appian:types:CTMS</namespace>
            </type>
        </namedTypedValue>
        <metadataExpr></metadataExpr>
        <preferredEditor>interface</preferredEditor>
        <offlineEnabled>false</offlineEnabled>
    </rule>
    <roleMap public="true">
        <role inherit="true" allowForAll="false" name="readers">
            <users/>
            <groups/>
        </role>
        <role inherit="true" allowForAll="false" name="authors">
            <users/>
            <groups/>
        </role>
        <role inherit="true" allowForAll="false" name="administrators">
            <users/>
            <groups/>
        </role>
        <role inherit="false" allowForAll="false" name="denyReaders">
            <users/>
            <groups/>
        </role>
        <role inherit="false" allowForAll="false" name="denyAuthors">
            <users/>
            <groups/>
        </role>
        <role inherit="false" allowForAll="false" name="denyAdministrators">
            <users/>
            <groups/>
        </role>
    </roleMap>
    <typedValue>
        <type>
            <name>RuleTestConfig?list</name>
            <namespace>http://www.appian.com/ae/types/2009</namespace>
        </type>
        <value>
            <el>
                <a:name/>
                <a:ruleInputTestConfigs>
                    <a:value xmlns:xsi="http://www.w3.org/2001/XMLSchema-instance" xsi:type="a:Expression">{}</a:value>
                    <a:nameRef>site</a:nameRef>
                    <a:id/>
                </a:ruleInputTestConfigs>
                <a:assertions xmlns:xsi="http://www.w3.org/2001/XMLSchema-instance" xsi:nil="true"/>
            </el>
        </value>
    </typedValue>
    <history>
        <historyInfo versionUuid="_a-0000df6a-d82f-8000-9ba2-011c48011c48_112410"/>
    </history>
</contentHaul>
