<?xml version="1.0" encoding="UTF-8" standalone="yes"?>
<contentHaul xmlns:a="http://www.appian.com/ae/types/2009">
    <versionUuid>_a-0000df6a-d82f-8000-9ba2-011c48011c48_112431</versionUuid>
    <rule>
        <name>CTMS_User_ApproveUser</name>
        <uuid>_a-0000dcfa-ab37-8000-daab-640000640000_7214</uuid>
        <description>Approver page to approve updated User for CTMS </description>
        <parentUuid>_a-0000dcd5-e7b4-8000-daab-640000640000_6355</parentUuid>
        <visibility>
            <advertise>false</advertise>
            <hierarchy>true</hierarchy>
            <indexable>true</indexable>
            <quota>false</quota>
            <searchable>true</searchable>
            <system>false</system>
            <unlogged>false</unlogged>
        </visibility>
        <definition>load(
  local!CTMS_LICENSE: if(
    #"_a-0000dcfa-ab37-8000-daab-640000640000_7168"(
      ri!CTMS_USER
    ),
    {},
    #"_a-0000ddcc-a4d5-8000-daab-640000640000_18484"(
      ID: ri!CTMS_USER.identifier
    )
  ),
  local!oldUser:if(
    #"_a-0000dcfa-ab37-8000-daab-640000640000_7168"(
      ri!CTMS_USER
    ),{},
    #"_a-0000ddcc-a4d5-8000-daab-640000640000_18500"(ID:ri!CTMS_USER.identifier)
    ),
  #"SYSTEM_SYSRULES_formLayout"(
    label: "Profile Update ",
    firstColumnContents: {
    if(
      #"_a-0000dcfa-ab37-8000-daab-640000640000_7168"(
        ri!currentMilestone
      ),
      {},
      #"SYSTEM_SYSRULES_milestoneField"( 
          steps:#"_a-0000ddf1-7abf-8000-daab-640000640000_21702",
          links: {},
          active:ri!currentMilestone
      )
    ),
    #"SYSTEM_SYSRULES_sectionLayout"(
        label: "",
        firstColumnContents: {
          #"SYSTEM_SYSRULES_imageField"(
            labelPosition: "ADJACENT",
            images: #"SYSTEM_SYSRULES_documentImage"(
              document: if(
                #"_a-0000dcfa-ab37-8000-daab-640000640000_7168"(
                  ri!CTMS_USER.imageID
                ),
                #"_a-0000ddec-5998-8000-daab-640000640000_18541",
                todocument(
                  ri!CTMS_USER.imageID
                )
              ),
              link: if(
                #"_a-0000dcfa-ab37-8000-daab-640000640000_7168"(
                  ri!CTMS_USER.userName
                ),
                #"SYSTEM_SYSRULES_userRecordLink"(
                  user: loggedInUser()
                ),
                #"SYSTEM_SYSRULES_userRecordLink"(
                  user: touser(
                    ri!CTMS_USER.userName
                  )
                )
              )
            ),
            size: "MEDIUM"
          ),
          #"SYSTEM_SYSRULES_textField"(
            label: "Title",
            labelPosition: "ADJACENT",
            value: ri!CTMS_USER.jobTitle,
            saveInto: ri!CTMS_USER.jobTitle,
            refreshAfter: "UNFOCUS",
            readonly: not(
              ri!isEdit
            ),
            validations:if(isnull(local!oldUser),{},if(trim(local!oldUser.jobTitle)=trim(ri!CTMS_USER.jobTitle),{},
            local!oldUser.jobTitle))
          ),
          #"SYSTEM_SYSRULES_textField"(
            label: "First Name",
            labelPosition: "ADJACENT",
            value: ri!CTMS_USER.firstName,
            saveInto: ri!CTMS_USER.firstName,
            refreshAfter: "UNFOCUS",
            required: ri!isEdit,
            readonly: not(
              ri!isEdit
            ),
            validations:if(isnull(local!oldUser),{},if(trim(local!oldUser.firstName)=trim(ri!CTMS_USER.firstName),{},
            local!oldUser.firstName))
            ),

          #"SYSTEM_SYSRULES_textField"(
            label: "Last Name",
            labelPosition: "ADJACENT",
            value: ri!CTMS_USER.lastName,
            saveInto: ri!CTMS_USER.lastName,
            refreshAfter: "UNFOCUS",
            required: ri!isEdit,
            readonly: not(
              ri!isEdit
            ),
            validations:if(isnull(local!oldUser),{},if(trim(local!oldUser.lastName)=trim(ri!CTMS_USER.lastName),{},
            local!oldUser.lastName))
          ),
                    #"SYSTEM_SYSRULES_textField"(
            label: "Role",
            labelPosition: "ADJACENT",
            value: ri!CTMS_USER.role,
            saveInto: ri!CTMS_USER.role,
            refreshAfter: "UNFOCUS",
            readonly: not(
              ri!isEdit
            ),
            validations:if(isnull(local!oldUser),{},if(trim(local!oldUser.role)=trim(ri!CTMS_USER.role),{},
            local!oldUser.role))

            )
            },
        secondColumnContents: {
          #"SYSTEM_SYSRULES_textField"(
            label: "Email",
            labelPosition: "ADJACENT",
            placeholder: "yourname@domain.com",
            value: ri!CTMS_USER.emailAddress,
            saveInto: ri!CTMS_USER.emailAddress,
            required: ri!isEdit,
            readOnly: not(
              ri!isEdit
            ),
            validations:if(isnull(local!oldUser),{},if(trim(local!oldUser.emailAddress)=trim(ri!CTMS_USER.emailAddress),{},
            local!oldUser.emailAddress))

          ),
          #"SYSTEM_SYSRULES_textField"(
            label: "Work Phone",
            labelPosition: "ADJACENT",
            value: ri!CTMS_USER.workPhoneNumber,
            saveInto: ri!CTMS_USER.workPhoneNumber,
            readOnly: not(
              ri!isEdit
            ),
            validations:if(isnull(local!oldUser),{},if(trim(local!oldUser.workPhoneNumber)=trim(ri!CTMS_USER.workPhoneNumber),{},
            local!oldUser.workPhoneNumber))
          ),
          #"SYSTEM_SYSRULES_textField"(
            label: "Address",
            labelPosition: "ADJACENT",
            value: ri!CTMS_USER.addressLine1,
            saveInto: ri!CTMS_USER.addressLine1,
            refreshAfter: "UNFOCUS",
            readonly: not(
              ri!isEdit
            ),
            validations:if(isnull(local!oldUser),{},if(trim(local!oldUser.addressLine1)=trim(ri!CTMS_USER.addressLine1),{},
            local!oldUser.addressLine1))

          ),

          #"SYSTEM_SYSRULES_textField"(
            label: "City",
            labelPosition: "ADJACENT",
            value: ri!CTMS_USER.city,
            saveInto: ri!CTMS_USER.city,
            readOnly: not(
              ri!isEdit
            ),
            validations:if(isnull(local!oldUser),{},if(trim(local!oldUser.city)=trim(ri!CTMS_USER.city),{},
            local!oldUser.city))
          ),

          #"SYSTEM_SYSRULES_textField"(
            label: "State",
            labelPosition: "ADJACENT",
            value: ri!CTMS_USER.state,
            saveInto: ri!CTMS_USER.state,
            readOnly: not(
              ri!isEdit
            ),
            validations:if(isnull(local!oldUser),{},if(trim(local!oldUser.state)=trim(ri!CTMS_USER.state),{},
            local!oldUser.state))


          ),

          #"SYSTEM_SYSRULES_textField"(
            label: "ZipCode",
            labelPosition: "ADJACENT",
            value: ri!CTMS_USER.zipCode,
            saveInto: ri!CTMS_USER.zipCode,
            readOnly: not(
              ri!isEdit
            ),
            validations:if(isnull(local!oldUser),{},if(trim(local!oldUser.zipCode)=trim(ri!CTMS_USER.zipCode),{},
            local!oldUser.zipCode))
          ),

          #"SYSTEM_SYSRULES_textField"(
            label: "Contact Type",
            labelPosition: "ADJACENT",
            value: ri!CTMS_USER.contactType,
            saveInto: ri!CTMS_USER.contactType,
            readOnly: not(
              ri!isEdit
            ),
            validations:if(isnull(local!oldUser),{},if(trim(local!oldUser.contactType)=trim(ri!CTMS_USER.contactType),{},
            local!oldUser.contactType))
            
          ),
          #"SYSTEM_SYSRULES_textField"(
            label: "Primary Speciality",
            labelPosition: "ADJACENT",
            value: ri!CTMS_USER.primarySpeciality,
            saveInto: ri!CTMS_USER.primarySpeciality,
            readOnly: not(
              ri!isEdit
            ),
            validations:if(isnull(local!oldUser),{},if(trim(local!oldUser.primarySpeciality)=trim(ri!CTMS_USER.primarySpeciality),{},
            local!oldUser.primarySpeciality))
            
          )

          }
      ),
      #"SYSTEM_SYSRULES_milestoneField"(steps:{"",""}),
      #"_a-0000dcfa-ab37-8000-daab-640000640000_7256"(
        isEdit: ri!isEdit,
        CTMS_LICENSE: local!CTMS_LICENSE,
        selected: ri!selectedLicense
      ),
      
      if(isnull(ri!reason),{},
      {
        #"SYSTEM_SYSRULES_milestoneField"(steps:{"",""}),
            #"SYSTEM_SYSRULES_sectionLayout"(
          firstColumnContents: {
            #"SYSTEM_SYSRULES_paragraphField"(
              label: "Reason for Update",
              labelPosition: "ADJACENT",
              instructions:"",
              value: ri!reason,
              saveInto:ri!reason,
              disabled:true
            )
          }
          )}),
          #"SYSTEM_SYSRULES_milestoneField"(steps:{"",""}),
      #"SYSTEM_SYSRULES_sectionLayout"(
          firstColumnContents: {
            #"SYSTEM_SYSRULES_paragraphField"(
              label: "Comments",
              labelPosition: "ADJACENT",
              instructions:"",
              value: ri!comment,
              saveInto:ri!comment
            )
          }
          
          ),
      #"SYSTEM_SYSRULES_ButtonLayout"(
        primaryButtons: {
              #"SYSTEM_SYSRULES_ButtonWidgetSubmit"(
                label: "Approve",
                style: "PRIMARY",
                value: "Approve",
                saveInto: {
                  ri!action
                  /*a!save(ri!selectedLicense, local!selected)*/
                },
                skipValidation: true
          )
        },
        secondaryButtons: {
          #"SYSTEM_SYSRULES_ButtonWidgetSubmit"(
            label: "Cancel",
            style: "NORMAL",
            value: "Cancel",
            saveInto: ri!action,
            skipValidation: true
          ),
          #"SYSTEM_SYSRULES_ButtonWidgetSubmit"(
            label: "Reject",
            style: "DESTRUCTIVE",
            skipValidation: true,
            value: "Reject",
            saveInto: ri!action
          )
          
        }
      )
    }
  )
)</definition>
        <namedTypedValue>
            <name>action</name>
            <type>
                <name>string</name>
                <namespace>http://www.w3.org/2001/XMLSchema</namespace>
            </type>
            <value/>
        </namedTypedValue>
        <namedTypedValue>
            <name>isEdit</name>
            <type>
                <name>boolean</name>
                <namespace>http://www.w3.org/2001/XMLSchema</namespace>
            </type>
        </namedTypedValue>
        <namedTypedValue>
            <name>CTMS_USER</name>
            <type>
                <name>CTMS_User</name>
                <namespace>urn:com:appian:types:CTMS</namespace>
            </type>
        </namedTypedValue>
        <namedTypedValue>
            <name>selectedLicense</name>
            <type>
                <name>CTMS_InvestigatorLicense</name>
                <namespace>urn:com:appian:types:CTMS</namespace>
            </type>
        </namedTypedValue>
        <namedTypedValue>
            <name>comment</name>
            <type>
                <name>string</name>
                <namespace>http://www.w3.org/2001/XMLSchema</namespace>
            </type>
            <value/>
        </namedTypedValue>
        <namedTypedValue>
            <name>reason</name>
            <type>
                <name>string</name>
                <namespace>http://www.w3.org/2001/XMLSchema</namespace>
            </type>
            <value/>
        </namedTypedValue>
        <namedTypedValue>
            <name>currentMilestone</name>
            <type>
                <name>int</name>
                <namespace>http://www.w3.org/2001/XMLSchema</namespace>
            </type>
        </namedTypedValue>
        <metadataExpr></metadataExpr>
        <preferredEditor>interface</preferredEditor>
        <offlineEnabled>false</offlineEnabled>
    </rule>
    <roleMap public="true">
        <role inherit="true" allowForAll="false" name="readers">
            <users/>
            <groups/>
        </role>
        <role inherit="true" allowForAll="false" name="authors">
            <users/>
            <groups/>
        </role>
        <role inherit="true" allowForAll="false" name="administrators">
            <users/>
            <groups/>
        </role>
        <role inherit="false" allowForAll="false" name="denyReaders">
            <users/>
            <groups/>
        </role>
        <role inherit="false" allowForAll="false" name="denyAuthors">
            <users/>
            <groups/>
        </role>
        <role inherit="false" allowForAll="false" name="denyAdministrators">
            <users/>
            <groups/>
        </role>
    </roleMap>
    <typedValue>
        <type>
            <name>RuleTestConfig?list</name>
            <namespace>http://www.appian.com/ae/types/2009</namespace>
        </type>
        <value>
            <el>
                <a:name/>
                <a:ruleInputTestConfigs>
                    <a:value xmlns:xsd="http://www.w3.org/2001/XMLSchema" xmlns:xsi="http://www.w3.org/2001/XMLSchema-instance" xsi:type="xsd:string"/>
                    <a:nameRef>action</a:nameRef>
                    <a:id/>
                </a:ruleInputTestConfigs>
                <a:ruleInputTestConfigs>
                    <a:value xmlns:xsi="http://www.w3.org/2001/XMLSchema-instance" xsi:type="a:Expression">true</a:value>
                    <a:nameRef>isEdit</a:nameRef>
                    <a:id/>
                </a:ruleInputTestConfigs>
                <a:ruleInputTestConfigs>
                    <a:value xmlns:xsi="http://www.w3.org/2001/XMLSchema-instance" xsi:type="a:Expression">#"_a-0000ddcc-a4d5-8000-daab-640000640000_18500"("1")</a:value>
                    <a:nameRef>CTMS_USER</a:nameRef>
                    <a:id/>
                </a:ruleInputTestConfigs>
                <a:ruleInputTestConfigs>
                    <a:value xmlns:n1="urn:com:appian:types:CTMS" xmlns:xsi="http://www.w3.org/2001/XMLSchema-instance" xsi:nil="true" xsi:type="n1:CTMS_InvestigatorLicense"/>
                    <a:nameRef>selectedLicense</a:nameRef>
                    <a:id/>
                </a:ruleInputTestConfigs>
                <a:ruleInputTestConfigs>
                    <a:value xmlns:xsd="http://www.w3.org/2001/XMLSchema" xmlns:xsi="http://www.w3.org/2001/XMLSchema-instance" xsi:type="xsd:string"/>
                    <a:nameRef>comment</a:nameRef>
                    <a:id/>
                </a:ruleInputTestConfigs>
                <a:ruleInputTestConfigs>
                    <a:value xmlns:xsd="http://www.w3.org/2001/XMLSchema" xmlns:xsi="http://www.w3.org/2001/XMLSchema-instance" xsi:type="xsd:string"/>
                    <a:nameRef>reason</a:nameRef>
                    <a:id/>
                </a:ruleInputTestConfigs>
                <a:ruleInputTestConfigs>
                    <a:value xmlns:xsd="http://www.w3.org/2001/XMLSchema" xmlns:xsi="http://www.w3.org/2001/XMLSchema-instance" xsi:nil="true" xsi:type="xsd:int"/>
                    <a:nameRef>currentMilestone</a:nameRef>
                    <a:id/>
                </a:ruleInputTestConfigs>
                <a:assertions xmlns:xsi="http://www.w3.org/2001/XMLSchema-instance" xsi:nil="true"/>
            </el>
        </value>
    </typedValue>
    <history>
        <historyInfo versionUuid="_a-0000df6a-d82f-8000-9ba2-011c48011c48_112431"/>
    </history>
</contentHaul>
