<?xml version="1.0" encoding="UTF-8" standalone="yes"?>
<contentHaul xmlns:a="http://www.appian.com/ae/types/2009">
    <versionUuid>_a-0000df6a-d82f-8000-9ba2-011c48011c48_112413</versionUuid>
    <rule>
        <name>CTMS_Subject_SubjectChart</name>
        <uuid>_a-0000dcfa-ab37-8000-daab-640000640000_6641</uuid>
        <description>CTMS Subject Chart </description>
        <parentUuid>_a-0000dcd5-e7b4-8000-daab-640000640000_6355</parentUuid>
        <visibility>
            <advertise>false</advertise>
            <hierarchy>true</hierarchy>
            <indexable>true</indexable>
            <quota>false</quota>
            <searchable>true</searchable>
            <system>false</system>
            <unlogged>false</unlogged>
        </visibility>
        <definition>load(
  {
    #"SYSTEM_SYSRULES_sectionLayout"(
      label:"Enrollment",
      firstColumnContents: {
        #"SYSTEM_SYSRULES_pieChartField"(
          label: "",
          /*showAsPercentage:true,*/
          labelPosition: "ABOVE",
          /*instructions: "Leads are calculated based on current protocol status",*/
          series: {
            #"SYSTEM_SYSRULES_chartSeries"(
              label: "Screen Failures",
              data: ri!subject.numberScreenFailed
            ),
            #"SYSTEM_SYSRULES_chartSeries"(
              label: "Re-Screened",
              data: ri!subject.numberRescreened
            ),
            #"SYSTEM_SYSRULES_chartSeries"(
              label: "Enrolled",
              data: ri!subject.numberEnrolled
            ),
            #"SYSTEM_SYSRULES_chartSeries"(
              label: "Early Terminated",
              data: ri!subject.numberEarlyTerminated
            ),
            #"SYSTEM_SYSRULES_chartSeries"(
              label: "Completed",
              data: ri!subject.numberCompleted
            ),
            #"SYSTEM_SYSRULES_chartSeries"(
              label: "Randomized",
              data: ri!subject.numberRandomized
            )
          },
          showDataLabels: true
        )
      }
    )
  }
)</definition>
        <namedTypedValue>
            <name>subject</name>
            <type>
                <name>CTMS_SiteAccessView</name>
                <namespace>urn:com:appian:types:CTMS</namespace>
            </type>
        </namedTypedValue>
        <metadataExpr></metadataExpr>
        <preferredEditor>interface</preferredEditor>
        <offlineEnabled>false</offlineEnabled>
    </rule>
    <roleMap public="true">
        <role inherit="true" allowForAll="false" name="readers">
            <users/>
            <groups/>
        </role>
        <role inherit="true" allowForAll="false" name="authors">
            <users/>
            <groups/>
        </role>
        <role inherit="true" allowForAll="false" name="administrators">
            <users/>
            <groups/>
        </role>
        <role inherit="false" allowForAll="false" name="denyReaders">
            <users/>
            <groups/>
        </role>
        <role inherit="false" allowForAll="false" name="denyAuthors">
            <users/>
            <groups/>
        </role>
        <role inherit="false" allowForAll="false" name="denyAdministrators">
            <users/>
            <groups/>
        </role>
    </roleMap>
    <typedValue>
        <type>
            <name>RuleTestConfig?list</name>
            <namespace>http://www.appian.com/ae/types/2009</namespace>
        </type>
        <value>
            <el>
                <a:name/>
                <a:ruleInputTestConfigs>
                    <a:value xmlns:xsi="http://www.w3.org/2001/XMLSchema-instance" xsi:type="a:Expression">#"38c0b0ce-9c91-480f-9ee6-eda722584131"(1)</a:value>
                    <a:nameRef>subject</a:nameRef>
                    <a:id/>
                </a:ruleInputTestConfigs>
                <a:assertions xmlns:xsi="http://www.w3.org/2001/XMLSchema-instance" xsi:nil="true"/>
            </el>
        </value>
    </typedValue>
    <history>
        <historyInfo versionUuid="_a-0000df6a-d82f-8000-9ba2-011c48011c48_112413"/>
    </history>
</contentHaul>
