<?xml version="1.0" encoding="UTF-8" standalone="yes"?>
<contentHaul xmlns:a="http://www.appian.com/ae/types/2009">
    <versionUuid>_a-0000df6a-d82f-8000-9ba2-011c48011c48_112436</versionUuid>
    <rule>
        <name>CTMS_Investigator_Address_Dashboard</name>
        <uuid>_a-0000dd25-17fe-8000-daab-640000640000_10004</uuid>
        <description>CTMS Investigator Address dashboard</description>
        <parentUuid>_a-0000dcd5-e7b4-8000-daab-640000640000_6355</parentUuid>
        <visibility>
            <advertise>false</advertise>
            <hierarchy>true</hierarchy>
            <indexable>true</indexable>
            <quota>false</quota>
            <searchable>true</searchable>
            <system>false</system>
            <unlogged>false</unlogged>
        </visibility>
        <definition>load(&#xD;
  local!type:&#xD;
  if(ri!siteAddress.addressType="Billing","Billing Address",&#xD;
  if(ri!siteAddress.addressType="Ship To","Shipping Address",&#xD;
    if(ri!siteAddress.addressType="Pay From","Payment Address",&#xD;
      if(ri!siteAddress.addressType="Legal Entity","Mailing Address",&#xD;
      "Address"&#xD;
      )&#xD;
    )&#xD;
  )),&#xD;
  #"SYSTEM_SYSRULES_formLayout"(&#xD;
    firstColumnContents: {&#xD;
        #"_a-0000dcfa-ab37-8000-daab-640000640000_6758"(&#xD;
          address: ri!siteAddress&#xD;
        ),&#xD;
      #"SYSTEM_SYSRULES_sectionLayout"(&#xD;
      label: local!type,&#xD;
      firstColumnContents: {&#xD;
        #"SYSTEM_SYSRULES_textField"(&#xD;
          label: "Address Line 1",&#xD;
          labelPosition: "ADJACENT",&#xD;
          value: ri!siteAddress.addressLine1,&#xD;
          saveInto: ri!siteAddress.addressLine1,&#xD;
          readOnly: true&#xD;
        ),&#xD;
        #"SYSTEM_SYSRULES_textField"(&#xD;
          label: "Address Line 2",&#xD;
          labelPosition: "ADJACENT",&#xD;
          value: ri!siteAddress.addressLine2,&#xD;
          saveInto: ri!siteAddress.addressLine2,&#xD;
          readOnly: true&#xD;
        ),&#xD;
        #"SYSTEM_SYSRULES_textField"(&#xD;
          label: "Address Line 3",&#xD;
          labelPosition: "ADJACENT",&#xD;
          value: ri!siteAddress.addressLine3,&#xD;
          saveInto: ri!siteAddress.addressLine3,&#xD;
          readOnly: true&#xD;
        ),&#xD;
        #"SYSTEM_SYSRULES_textField"(&#xD;
          label: "City",&#xD;
          labelPosition: "ADJACENT",&#xD;
          value: ri!siteAddress.city,&#xD;
          saveInto: ri!siteAddress.city,&#xD;
          readOnly: true&#xD;
        ),&#xD;
        /*a!textField(readOnly: true),*/&#xD;
        #"SYSTEM_SYSRULES_linkField"(&#xD;
          links:{&#xD;
            #"SYSTEM_SYSRULES_recordLink"(&#xD;
              label:"&lt;&lt; - Back",&#xD;
              recordType:#"_a-0000dcfa-ab37-8000-daab-640000640000_7030",&#xD;
              identifier:"1"&#xD;
            )&#xD;
          }&#xD;
        )&#xD;
      },&#xD;
      secondColumnContents: {&#xD;
        #"SYSTEM_SYSRULES_textField"(&#xD;
          label: "State/Province",&#xD;
          labelPosition: "ADJACENT",&#xD;
          value: ri!siteAddress.state,&#xD;
          saveInto: ri!siteAddress.state,&#xD;
          readOnly: true&#xD;
        ),&#xD;
        #"SYSTEM_SYSRULES_textField"(&#xD;
          label: "Postal Code",&#xD;
          labelPosition: "ADJACENT",&#xD;
          value: ri!siteAddress.postalCode,&#xD;
          saveInto: ri!siteAddress.postalCode,&#xD;
          readOnly: true&#xD;
        ),&#xD;
        #"SYSTEM_SYSRULES_textField"(&#xD;
          label: "Country",&#xD;
          labelPosition: "ADJACENT",&#xD;
          value: ri!siteAddress.country,&#xD;
          saveInto: ri!siteAddress.country,&#xD;
          readOnly: true&#xD;
        )&#xD;
      }&#xD;
    )&#xD;
&#xD;
    }&#xD;
  )&#xD;
)</definition>
        <namedTypedValue>
            <name>siteAddress</name>
            <type>
                <name>CTMS_InvestigatorAddressesView</name>
                <namespace>urn:com:appian:types:CTMS</namespace>
            </type>
        </namedTypedValue>
        <namedTypedValue>
            <name>btnAction</name>
            <type>
                <name>string</name>
                <namespace>http://www.w3.org/2001/XMLSchema</namespace>
            </type>
            <value/>
        </namedTypedValue>
        <namedTypedValue>
            <name>type</name>
            <type>
                <name>string</name>
                <namespace>http://www.w3.org/2001/XMLSchema</namespace>
            </type>
            <value/>
        </namedTypedValue>
        <namedTypedValue>
            <name>cancel</name>
            <type>
                <name>boolean</name>
                <namespace>http://www.w3.org/2001/XMLSchema</namespace>
            </type>
        </namedTypedValue>
        <metadataExpr></metadataExpr>
        <preferredEditor>interface</preferredEditor>
        <offlineEnabled>false</offlineEnabled>
    </rule>
    <roleMap public="true">
        <role inherit="true" allowForAll="false" name="readers">
            <users/>
            <groups/>
        </role>
        <role inherit="true" allowForAll="false" name="authors">
            <users/>
            <groups/>
        </role>
        <role inherit="true" allowForAll="false" name="administrators">
            <users/>
            <groups/>
        </role>
        <role inherit="false" allowForAll="false" name="denyReaders">
            <users/>
            <groups/>
        </role>
        <role inherit="false" allowForAll="false" name="denyAuthors">
            <users/>
            <groups/>
        </role>
        <role inherit="false" allowForAll="false" name="denyAdministrators">
            <users/>
            <groups/>
        </role>
    </roleMap>
    <typedValue>
        <type>
            <name>RuleTestConfig?list</name>
            <namespace>http://www.appian.com/ae/types/2009</namespace>
        </type>
        <value>
            <el>
                <a:name/>
                <a:ruleInputTestConfigs>
                    <a:value xmlns:xsi="http://www.w3.org/2001/XMLSchema-instance" xsi:type="a:Expression">#"_a-0000ddcc-a4d5-8000-daab-640000640000_18494"(ID:"2")</a:value>
                    <a:nameRef>siteAddress</a:nameRef>
                    <a:id/>
                </a:ruleInputTestConfigs>
                <a:ruleInputTestConfigs>
                    <a:value xmlns:xsd="http://www.w3.org/2001/XMLSchema" xmlns:xsi="http://www.w3.org/2001/XMLSchema-instance" xsi:type="xsd:string"/>
                    <a:nameRef>btnAction</a:nameRef>
                    <a:id/>
                </a:ruleInputTestConfigs>
                <a:ruleInputTestConfigs>
                    <a:value xmlns:xsd="http://www.w3.org/2001/XMLSchema" xmlns:xsi="http://www.w3.org/2001/XMLSchema-instance" xsi:type="xsd:string"/>
                    <a:nameRef>type</a:nameRef>
                    <a:id/>
                </a:ruleInputTestConfigs>
                <a:ruleInputTestConfigs>
                    <a:value xmlns:xsd="http://www.w3.org/2001/XMLSchema" xmlns:xsi="http://www.w3.org/2001/XMLSchema-instance" xsi:nil="true" xsi:type="xsd:boolean"/>
                    <a:nameRef>cancel</a:nameRef>
                    <a:id/>
                </a:ruleInputTestConfigs>
                <a:assertions xmlns:xsi="http://www.w3.org/2001/XMLSchema-instance" xsi:nil="true"/>
            </el>
        </value>
    </typedValue>
    <history>
        <historyInfo versionUuid="_a-0000df6a-d82f-8000-9ba2-011c48011c48_112436"/>
    </history>
</contentHaul>
