<?xml version="1.0" encoding="UTF-8" standalone="yes"?>
<contentHaul xmlns:a="http://www.appian.com/ae/types/2009">
    <versionUuid>_a-0000df6a-d82f-8000-9ba2-011c48011c48_112551</versionUuid>
    <queryRule>
        <name>CTMS_getSitePaymentDetailsById</name>
        <uuid>_a-0000ddcc-a4d5-8000-daab-640000640000_18492</uuid>
        <description>Get SITE_PAYMENT_DETAIL_VIEW by id and return CTQGSitePaymentDetailsView</description>
        <folderUuid>_a-0000dcd5-e7b4-8000-daab-640000640000_6354</folderUuid>
        <dataStoreEntityCompositeUuid>70a10e31-798d-4f02-88fa-bddc21275820@_a-0000ddcb-815e-8000-daab-640000640000_18429</dataStoreEntityCompositeUuid>
        <params>
            <param>
                <description>This maps to paymentActivityId</description>
                <name>id</name>
                <type>{http://www.w3.org/2001/XMLSchema}string</type>
            </param>
        </params>
        <filters>
            <filter>
                <field>
                    <name>paymentActivityId</name>
                    <type>{http://www.w3.org/2001/XMLSchema}string</type>
                </field>
                <op>=</op>
                <value>id</value>
                <valueType>PARAMETER</valueType>
            </filter>
        </filters>
        <orderings/>
    </queryRule>
    <roleMap public="false">
        <role inherit="true" allowForAll="false" name="readers">
            <users/>
            <groups/>
        </role>
        <role inherit="true" allowForAll="false" name="authors">
            <users/>
            <groups/>
        </role>
        <role inherit="true" allowForAll="false" name="administrators">
            <users/>
            <groups/>
        </role>
        <role inherit="false" allowForAll="false" name="denyReaders">
            <users/>
            <groups/>
        </role>
        <role inherit="false" allowForAll="false" name="denyAuthors">
            <users/>
            <groups/>
        </role>
        <role inherit="false" allowForAll="false" name="denyAdministrators">
            <users/>
            <groups/>
        </role>
    </roleMap>
    <history>
        <historyInfo versionUuid="_a-0000df6a-d82f-8000-9ba2-011c48011c48_112551"/>
    </history>
</contentHaul>
