<?xml version="1.0" encoding="UTF-8" standalone="yes"?>
<contentHaul xmlns:a="http://www.appian.com/ae/types/2009">
    <versionUuid>_a-0000df6a-d82f-8000-9ba2-011c48011c48_112418</versionUuid>
    <rule>
        <name>CTMS_Site_Dashboard</name>
        <uuid>_a-0000dcfa-ab37-8000-daab-640000640000_6859</uuid>
        <description>Protocole Site Record - Site Dashboard for CTMS</description>
        <parentUuid>_a-0000dcd5-e7b4-8000-daab-640000640000_6355</parentUuid>
        <visibility>
            <advertise>false</advertise>
            <hierarchy>true</hierarchy>
            <indexable>true</indexable>
            <quota>false</quota>
            <searchable>true</searchable>
            <system>false</system>
            <unlogged>false</unlogged>
        </visibility>
        <definition>load(
  local!PIAddress,
  local!site: #"38c0b0ce-9c91-480f-9ee6-eda722584131"(
    ID: ri!siteIdentifier
  ),
  local!Investigator: #"_a-0000ddcc-a4d5-8000-daab-640000640000_18473"(
    ID: ri!siteIdentifier
  ),
  local!billingAddress: if(
    #"_a-0000dcfa-ab37-8000-daab-640000640000_7168"(
      local!site
    ),
    {},
    #"_a-0000ddcc-a4d5-8000-daab-640000640000_18469"(
      Type: "Billing",
      ContactID: local!site[1].investigatorIdentifier
    )
  ),
  local!shippingAddress: if(
    #"_a-0000dcfa-ab37-8000-daab-640000640000_7168"(
      local!site
    ),
    {},
    #"_a-0000ddcc-a4d5-8000-daab-640000640000_18469"(
      Type: "Ship To",
      ContactID: local!site[1].investigatorIdentifier
    )
  ),
  local!paymentAddress: if(
    #"_a-0000dcfa-ab37-8000-daab-640000640000_7168"(
      local!site
    ),
    {},
    #"_a-0000ddcc-a4d5-8000-daab-640000640000_18469"(
      Type: "Pay From",
      ContactID: local!site[1].investigatorIdentifier
    )
  ),
  local!mailingAddress: if(
    #"_a-0000dcfa-ab37-8000-daab-640000640000_7168"(
      local!site
    ),
    {},
    #"_a-0000ddcc-a4d5-8000-daab-640000640000_18469"(
      Type: "Legal Entity",
      ContactID: local!site[1].investigatorIdentifier
    )
  ),
  local!selectedType,
  local!collector,
  local!getBindValue,
  local!address: #"_a-0000ddcc-a4d5-8000-daab-640000640000_18494"(
    ID: ri!siteIdentifier
  ),
  local!startProcessModel: bind(
    get: local!getBindValue,
    set: startprocesswrite(
      processModelId: #"_a-0000dd1f-71b0-8000-daab-640000640000_7305",
      processParameters: _
    )
  ),
  with(
    #"SYSTEM_SYSRULES_formLayout"(
      firstColumnContents: {
        #"_a-0000dcfa-ab37-8000-daab-640000640000_6628"(
          site: local!site
        ),
        #"_a-0000dcfa-ab37-8000-daab-640000640000_6629"(
          address: local!address,
          selectedType: local!selectedType,
          Investigator: local!Investigator,
          selectedAddress: local!collector,
          startProcessModel: local!startProcessModel,
          billing: local!billingAddress,
          shipping: local!shippingAddress,
          mailing: local!mailingAddress,
          payment: local!paymentAddress
        ),
        #"_a-0000dcfa-ab37-8000-daab-640000640000_6635"(
          site: local!site
        ),
        #"SYSTEM_SYSRULES_milestoneField"(
          steps: {
            "",
            ""
          }
        ),
        #"_a-0000dcfa-ab37-8000-daab-640000640000_6641"(
          subject: local!site
        )
      }
    )
  )
)</definition>
        <namedTypedValue>
            <name>siteIdentifier</name>
            <type>
                <name>string</name>
                <namespace>http://www.w3.org/2001/XMLSchema</namespace>
            </type>
            <value/>
        </namedTypedValue>
        <preferredEditor>interface</preferredEditor>
        <offlineEnabled>false</offlineEnabled>
    </rule>
    <roleMap public="true">
        <role inherit="true" allowForAll="false" name="readers">
            <users/>
            <groups/>
        </role>
        <role inherit="true" allowForAll="false" name="authors">
            <users/>
            <groups/>
        </role>
        <role inherit="true" allowForAll="false" name="administrators">
            <users/>
            <groups/>
        </role>
        <role inherit="false" allowForAll="false" name="denyReaders">
            <users/>
            <groups/>
        </role>
        <role inherit="false" allowForAll="false" name="denyAuthors">
            <users/>
            <groups/>
        </role>
        <role inherit="false" allowForAll="false" name="denyAdministrators">
            <users/>
            <groups/>
        </role>
    </roleMap>
    <typedValue>
        <type>
            <name>RuleTestConfig?list</name>
            <namespace>http://www.appian.com/ae/types/2009</namespace>
        </type>
        <value>
            <el>
                <a:name/>
                <a:ruleInputTestConfigs>
                    <a:value xmlns:xsd="http://www.w3.org/2001/XMLSchema" xmlns:xsi="http://www.w3.org/2001/XMLSchema-instance" xsi:type="xsd:string">1</a:value>
                    <a:nameRef>siteIdentifier</a:nameRef>
                    <a:id/>
                </a:ruleInputTestConfigs>
                <a:assertions xmlns:xsi="http://www.w3.org/2001/XMLSchema-instance" xsi:nil="true"/>
            </el>
        </value>
    </typedValue>
    <history>
        <historyInfo versionUuid="_a-0000df6a-d82f-8000-9ba2-011c48011c48_112418"/>
    </history>
</contentHaul>
