<?xml version="1.0" encoding="UTF-8" standalone="yes"?>
<contentHaul xmlns:a="http://www.appian.com/ae/types/2009">
    <versionUuid>_a-0000df6a-d82f-8000-9ba2-011c48011c48_112412</versionUuid>
    <rule>
        <name>CTMS_Site_SiteInfo</name>
        <uuid>_a-0000dcfa-ab37-8000-daab-640000640000_6635</uuid>
        <description>CTMS Site Info</description>
        <parentUuid>_a-0000dcd5-e7b4-8000-daab-640000640000_6355</parentUuid>
        <visibility>
            <advertise>false</advertise>
            <hierarchy>true</hierarchy>
            <indexable>true</indexable>
            <quota>false</quota>
            <searchable>true</searchable>
            <system>false</system>
            <unlogged>false</unlogged>
        </visibility>
        <definition>load(
  {
    #"SYSTEM_SYSRULES_sectionLayout"(
      label: "Site Info",
      firstColumnContents: {
        #"SYSTEM_SYSRULES_dateField"(
          label: "Initiated Date",
          labelPosition: "ADJACENT",
          value: ri!site.siteInitiated,
          readOnly: true
        ),
        #"SYSTEM_SYSRULES_dateField"(
          label: "First Subject Enrolled",
          labelPosition: "ADJACENT",
          value: ri!site.firstSubjectEnrolled,
          readOnly: true
        )
      },
      secondColumnContents: {
        #"SYSTEM_SYSRULES_dateField"(
          label: "Terminated Date",
          labelPosition: "ADJACENT",
          value: todate(ri!site.siteTerminated),
          readOnly: true
        ),
        #"SYSTEM_SYSRULES_dateField"(
          label: "Last Subject Off Study",
          labelPosition: "ADJACENT",
          value: ri!site.lastSubjectOffStudy,
          readOnly: true
        )
      }
    )
  }
)</definition>
        <namedTypedValue>
            <name>site</name>
            <type>
                <name>CTMS_SiteAccessView</name>
                <namespace>urn:com:appian:types:CTMS</namespace>
            </type>
        </namedTypedValue>
        <metadataExpr></metadataExpr>
        <preferredEditor>interface</preferredEditor>
        <offlineEnabled>false</offlineEnabled>
    </rule>
    <roleMap public="true">
        <role inherit="true" allowForAll="false" name="readers">
            <users/>
            <groups/>
        </role>
        <role inherit="true" allowForAll="false" name="authors">
            <users/>
            <groups/>
        </role>
        <role inherit="true" allowForAll="false" name="administrators">
            <users/>
            <groups/>
        </role>
        <role inherit="false" allowForAll="false" name="denyReaders">
            <users/>
            <groups/>
        </role>
        <role inherit="false" allowForAll="false" name="denyAuthors">
            <users/>
            <groups/>
        </role>
        <role inherit="false" allowForAll="false" name="denyAdministrators">
            <users/>
            <groups/>
        </role>
    </roleMap>
    <typedValue>
        <type>
            <name>RuleTestConfig?list</name>
            <namespace>http://www.appian.com/ae/types/2009</namespace>
        </type>
        <value>
            <el>
                <a:name/>
                <a:ruleInputTestConfigs>
                    <a:value xmlns:xsi="http://www.w3.org/2001/XMLSchema-instance" xsi:type="a:Expression">{}</a:value>
                    <a:nameRef>site</a:nameRef>
                    <a:id/>
                </a:ruleInputTestConfigs>
                <a:assertions xmlns:xsi="http://www.w3.org/2001/XMLSchema-instance" xsi:nil="true"/>
            </el>
        </value>
    </typedValue>
    <history>
        <historyInfo versionUuid="_a-0000df6a-d82f-8000-9ba2-011c48011c48_112412"/>
    </history>
</contentHaul>
