<?xml version="1.0" encoding="UTF-8" standalone="yes"?>
<contentHaul xmlns:a="http://www.appian.com/ae/types/2009">
    <versionUuid>_a-0000df6a-d82f-8000-9ba2-011c48011c48_112426</versionUuid>
    <rule>
        <name>CTMS_User_RegisterUser</name>
        <uuid>_a-0000dcfa-ab37-8000-daab-640000640000_7119</uuid>
        <description>User Registration for CTMS User</description>
        <parentUuid>_a-0000dcd5-e7b4-8000-daab-640000640000_6355</parentUuid>
        <visibility>
            <advertise>false</advertise>
            <hierarchy>true</hierarchy>
            <indexable>true</indexable>
            <quota>false</quota>
            <searchable>true</searchable>
            <system>false</system>
            <unlogged>false</unlogged>
        </visibility>
        <definition>load(
local!CTMS_LICENSE:if(isnull(ri!CTMS_USER.identifier),{},#"_a-0000ddcb-815e-8000-daab-640000640000_18446"(ID:ri!CTMS_USER.identifier)),
local!selected,

  #"SYSTEM_SYSRULES_formLayout"(
    label: "Register",
    firstColumnContents: {
      #"SYSTEM_SYSRULES_sectionLayout"(
        label: "",
        firstColumnContents: {
          #"SYSTEM_SYSRULES_textField"(
            label: "First Name",
            labelPosition: "ADJACENT",
            required:ri!isEdit,
            value: ri!CTMS_USER.firstName,
            saveInto: ri!CTMS_USER.firstName,
            refreshAfter: "UNFOCUS",
            readonly: not(ri!isEdit),
            validations: if(
              len(
                ri!CTMS_USER.firstName
              ) &gt; 35,
              "First name must not exceed 35 characters",
              ""
            )
          ),
          #"SYSTEM_SYSRULES_textField"(
            label: "Last Name",
            labelPosition: "ADJACENT",
            required:ri!isEdit,
            value: ri!CTMS_USER.lastName,
            saveInto: ri!CTMS_USER.lastName,
            refreshAfter: "UNFOCUS",
            readonly: not(ri!isEdit),
            validations: if(
              len(
                ri!CTMS_USER.lastName
              ) &gt; 35,
              "Last name must not exceed 35 characters",
              ""
            )
          ),
            #"SYSTEM_SYSRULES_textField"(
              label: "Email",
              labelPosition: "ADJACENT",
              required:ri!isEdit,
              placeholder: "yourname@domain.com",
              value: ri!CTMS_USER.emailAddress,
              saveInto: ri!CTMS_USER.emailAddress,
              readOnly:not(ri!isEdit)
              /*validations:{*/
                
              /*      if(fn!regexmatch(cons!CTMS_emailRegex,if(isnull(ri!CTMS_USER.emailAddress), */
              /*      user(loggedinuser(),"email"), ri!CTMS_USER.emailAddress)),{},"Invalid email format")*/
              /*    }*/
          ),
          #"SYSTEM_SYSRULES_textField"(
            label: "Work Phone",
            labelPosition: "ADJACENT",
            value: ri!CTMS_USER.workPhoneNumber,
            saveInto: ri!CTMS_USER.workPhoneNumber,
            readOnly: not(ri!isEdit)
          )
        },
        secondColumnContents: {
          #"SYSTEM_SYSRULES_textField"(
            label: "Address",
            labelPosition: "ADJACENT",
            value: ri!CTMS_USER.addressLine1,
            saveInto: ri!CTMS_USER.addressLine1, 
            refreshAfter: "UNFOCUS",
            readonly: not(ri!isEdit),
            validations: {}
          ),
          #"SYSTEM_SYSRULES_textField"(
            label: "City",
            labelPosition: "ADJACENT",
            value: ri!CTMS_USER.city,
            saveInto: ri!CTMS_USER.city,
            readOnly: not(ri!isEdit)
          ),
          #"SYSTEM_SYSRULES_textField"(
            label: "State",
            labelPosition: "ADJACENT",
            value: ri!CTMS_USER.state,
            saveInto: ri!CTMS_USER.state,
            readOnly: not(ri!isEdit)
          ),
          #"SYSTEM_SYSRULES_textField"(
            label: "ZipCode",
            labelPosition: "ADJACENT",
            value: ri!CTMS_USER.zipCode,
            saveInto: ri!CTMS_USER.zipCode,
            readOnly: not(ri!isEdit)
          )
        }
      ),
      /*rule!CTMS_Site_LicenceSectionGridView(*/
      /*  isEdit: ri!isEdit,*/
      /*  CTMS_LICENSE: local!CTMS_LICENSE,*/
      /*  selected: local!selected*/
      /*),*/
      
      #"SYSTEM_SYSRULES_ButtonLayout"(
        primaryButtons: {
              #"SYSTEM_SYSRULES_ButtonWidgetSubmit"(
                label: "Register",
                style: "PRIMARY",
                value: "Register",
                saveInto: ri!action
              )
            },
        secondaryButtons: {
          if(isnull(local!selected),{},
          #"SYSTEM_SYSRULES_ButtonWidgetSubmit"(
            label: "Edit",
            style: "NORMAL",
            value: "Edit",
            saveInto: ri!action,
            skipValidation: true
          )
          ),
          #"SYSTEM_SYSRULES_ButtonWidgetSubmit"(
                label: "Cancel",
                style: "NORMAL",
                value: "Cancel",
                skipValidation:true,
                saveInto: ri!action
              )
        }
      )
    }
  )
)</definition>
        <namedTypedValue>
            <name>action</name>
            <type>
                <name>string</name>
                <namespace>http://www.w3.org/2001/XMLSchema</namespace>
            </type>
            <value/>
        </namedTypedValue>
        <namedTypedValue>
            <name>isEdit</name>
            <type>
                <name>boolean</name>
                <namespace>http://www.w3.org/2001/XMLSchema</namespace>
            </type>
        </namedTypedValue>
        <namedTypedValue>
            <name>CTMS_USER</name>
            <type>
                <name>CTMS_User</name>
                <namespace>urn:com:appian:types:CTMS</namespace>
            </type>
        </namedTypedValue>
        <preferredEditor>interface</preferredEditor>
        <offlineEnabled>false</offlineEnabled>
    </rule>
    <roleMap public="true">
        <role inherit="true" allowForAll="false" name="readers">
            <users/>
            <groups/>
        </role>
        <role inherit="true" allowForAll="false" name="authors">
            <users/>
            <groups/>
        </role>
        <role inherit="true" allowForAll="false" name="administrators">
            <users/>
            <groups/>
        </role>
        <role inherit="false" allowForAll="false" name="denyReaders">
            <users/>
            <groups/>
        </role>
        <role inherit="false" allowForAll="false" name="denyAuthors">
            <users/>
            <groups/>
        </role>
        <role inherit="false" allowForAll="false" name="denyAdministrators">
            <users/>
            <groups/>
        </role>
    </roleMap>
    <typedValue>
        <type>
            <name>RuleTestConfig?list</name>
            <namespace>http://www.appian.com/ae/types/2009</namespace>
        </type>
        <value>
            <el>
                <a:name/>
                <a:ruleInputTestConfigs>
                    <a:value xmlns:xsd="http://www.w3.org/2001/XMLSchema" xmlns:xsi="http://www.w3.org/2001/XMLSchema-instance" xsi:type="xsd:string"/>
                    <a:nameRef>action</a:nameRef>
                    <a:id/>
                </a:ruleInputTestConfigs>
                <a:ruleInputTestConfigs>
                    <a:value xmlns:xsi="http://www.w3.org/2001/XMLSchema-instance" xsi:type="a:Expression">true</a:value>
                    <a:nameRef>isEdit</a:nameRef>
                    <a:id/>
                </a:ruleInputTestConfigs>
                <a:ruleInputTestConfigs>
                    <a:value xmlns:xsi="http://www.w3.org/2001/XMLSchema-instance" xsi:type="a:Expression">#"_a-0000ddcc-a4d5-8000-daab-640000640000_18500"("1")</a:value>
                    <a:nameRef>CTMS_USER</a:nameRef>
                    <a:id/>
                </a:ruleInputTestConfigs>
                <a:assertions xmlns:xsi="http://www.w3.org/2001/XMLSchema-instance" xsi:nil="true"/>
            </el>
        </value>
    </typedValue>
    <history>
        <historyInfo versionUuid="_a-0000df6a-d82f-8000-9ba2-011c48011c48_112426"/>
    </history>
</contentHaul>
