<?xml version="1.0" encoding="UTF-8" standalone="yes"?>
<contentHaul xmlns:a="http://www.appian.com/ae/types/2009">
    <versionUuid>_a-0000df6a-d82f-8000-9ba2-011c48011c48_112615</versionUuid>
    <queryRule>
        <name>CTMS_getsitedocumentbyId</name>
        <uuid>_a-0000def6-d094-8000-9ba2-011c48011c48_39163</uuid>
        <description>Retrieve Site Documents</description>
        <folderUuid>_a-0000dcd5-e7b4-8000-daab-640000640000_6354</folderUuid>
        <dataStoreEntityCompositeUuid>3c8bc5c1-e40f-4321-9ae9-e24b13594700@_a-0000dcd5-e7b4-8000-daab-640000640000_6413</dataStoreEntityCompositeUuid>
        <params>
            <param>
                <description></description>
                <name>DocumentID</name>
                <type>{http://www.w3.org/2001/XMLSchema}string</type>
            </param>
        </params>
        <filters>
            <filter>
                <field>
                    <name>documentIdentifier</name>
                    <type>{http://www.w3.org/2001/XMLSchema}string</type>
                </field>
                <op>=</op>
                <value>DocumentID</value>
                <valueType>PARAMETER</valueType>
            </filter>
        </filters>
        <orderings/>
    </queryRule>
    <roleMap public="false">
        <role inherit="true" allowForAll="false" name="readers">
            <users/>
            <groups/>
        </role>
        <role inherit="true" allowForAll="false" name="authors">
            <users/>
            <groups/>
        </role>
        <role inherit="true" allowForAll="false" name="administrators">
            <users/>
            <groups/>
        </role>
        <role inherit="false" allowForAll="false" name="denyReaders">
            <users/>
            <groups/>
        </role>
        <role inherit="false" allowForAll="false" name="denyAuthors">
            <users/>
            <groups/>
        </role>
        <role inherit="false" allowForAll="false" name="denyAdministrators">
            <users/>
            <groups/>
        </role>
    </roleMap>
    <history>
        <historyInfo versionUuid="_a-0000df6a-d82f-8000-9ba2-011c48011c48_112615"/>
    </history>
</contentHaul>
