<?xml version="1.0" encoding="UTF-8" standalone="yes"?>
<contentHaul xmlns:a="http://www.appian.com/ae/types/2009">
    <versionUuid>_a-0000df6a-d82f-8000-9ba2-011c48011c48_112453</versionUuid>
    <rule>
        <name>CTMS_SitePaymentDetails_Form</name>
        <uuid>_a-0000dd3a-dada-8000-daab-640000640000_10938</uuid>
        <description>Returns a form with the site payment and site payment details data for a particular payment</description>
        <parentUuid>_a-0000dcd5-e7b4-8000-daab-640000640000_6355</parentUuid>
        <visibility>
            <advertise>false</advertise>
            <hierarchy>true</hierarchy>
            <indexable>true</indexable>
            <quota>false</quota>
            <searchable>true</searchable>
            <system>false</system>
            <unlogged>false</unlogged>
        </visibility>
        <definition>=load(
  local!payment: #"_a-0000dd3a-dada-8000-daab-640000640000_10921"(
    paymentId: ri!paymentId
  ),
  /*The query rule only returns one row of data while the a!queryEntity returns all*/
  /*local!paymentDetails: rule!CTQG_getSitePaymentDetailsByPaymentId(*/
  /*  paymentId: ri!paymentId*/
  /*),*/
  local!paymentDetails: #"SYSTEM_SYSRULES_queryEntity"(
    entity: #"_a-0000dd3a-dada-8000-daab-640000640000_10986",
    query: #"SYSTEM_SYSRULES_query"(
      filter: #"SYSTEM_SYSRULES_queryFilter"(
        field: "paymentId",
        operator: "=",
        value: ri!paymentId
      ),
      pagingInfo: #"SYSTEM_SYSRULES_pagingInfo"(
        startIndex: 1,
        batchSize: -1,
        sort: #"SYSTEM_SYSRULES_sortInfo"(
          field: "completedDate",
          ascending: false
        )
      )
    )
  ),
  #"SYSTEM_SYSRULES_formLayout"(
  label: "Payment",
  firstColumnContents: {
    /*a!textField(label:local!paymentDetails,readonly:true),*/
    #"_a-0000dd3a-dada-8000-daab-640000640000_10931"(
      payment: local!payment
    ),
    #"_a-0000dd3a-dada-8000-daab-640000640000_10883"(
      paymentDetails: local!paymentDetails.data
    )
  },
  secondColumnContents: {
    /* Add components here for a two-column form */
  },
  buttons: #"SYSTEM_SYSRULES_ButtonLayout"(
    primaryButtons: {
      #"SYSTEM_SYSRULES_ButtonWidgetSubmit"(
        label: "Submit",
        style: "PRIMARY",
        saveInto: {}
      )
    },
    secondaryButtons: {
      #"SYSTEM_SYSRULES_ButtonWidgetSubmit"(
        label: "Cancel",
        style: "NORMAL",
        value: true,
        saveInto: ri!cancel,
        skipValidation: true
      )
    }
  ),
  validations: {}
))</definition>
        <namedTypedValue>
            <name>cancel</name>
            <type>
                <name>boolean</name>
                <namespace>http://www.w3.org/2001/XMLSchema</namespace>
            </type>
        </namedTypedValue>
        <namedTypedValue>
            <name>paymentId</name>
            <type>
                <name>string</name>
                <namespace>http://www.w3.org/2001/XMLSchema</namespace>
            </type>
            <value/>
        </namedTypedValue>
        <preferredEditor>interface</preferredEditor>
        <offlineEnabled>false</offlineEnabled>
    </rule>
    <roleMap public="true">
        <role inherit="true" allowForAll="false" name="readers">
            <users/>
            <groups/>
        </role>
        <role inherit="true" allowForAll="false" name="authors">
            <users/>
            <groups/>
        </role>
        <role inherit="true" allowForAll="false" name="administrators">
            <users/>
            <groups/>
        </role>
        <role inherit="false" allowForAll="false" name="denyReaders">
            <users/>
            <groups/>
        </role>
        <role inherit="false" allowForAll="false" name="denyAuthors">
            <users/>
            <groups/>
        </role>
        <role inherit="false" allowForAll="false" name="denyAdministrators">
            <users/>
            <groups/>
        </role>
    </roleMap>
    <typedValue>
        <type>
            <name>RuleTestConfig?list</name>
            <namespace>http://www.appian.com/ae/types/2009</namespace>
        </type>
        <value>
            <el>
                <a:name/>
                <a:ruleInputTestConfigs>
                    <a:value xmlns:xsd="http://www.w3.org/2001/XMLSchema" xmlns:xsi="http://www.w3.org/2001/XMLSchema-instance" xsi:nil="true" xsi:type="xsd:boolean"/>
                    <a:nameRef>cancel</a:nameRef>
                    <a:id/>
                </a:ruleInputTestConfigs>
                <a:ruleInputTestConfigs>
                    <a:value xmlns:xsd="http://www.w3.org/2001/XMLSchema" xmlns:xsi="http://www.w3.org/2001/XMLSchema-instance" xsi:type="xsd:string">1-1BC0L</a:value>
                    <a:nameRef>paymentId</a:nameRef>
                    <a:id/>
                </a:ruleInputTestConfigs>
                <a:assertions xmlns:xsi="http://www.w3.org/2001/XMLSchema-instance" xsi:nil="true"/>
            </el>
        </value>
    </typedValue>
    <history>
        <historyInfo versionUuid="_a-0000df6a-d82f-8000-9ba2-011c48011c48_112453"/>
    </history>
</contentHaul>
