<?xml version="1.0" encoding="UTF-8" standalone="yes"?>
<contentHaul xmlns:a="http://www.appian.com/ae/types/2009">
    <versionUuid>_a-0000df6a-d82f-8000-9ba2-011c48011c48_112457</versionUuid>
    <queryRule>
        <name>CTMS_getSitePaymentBySiteId</name>
        <uuid>_a-0000dd3a-dada-8000-daab-640000640000_10993</uuid>
        <description>Returns the CTMS_SITE_PAYMENT cdts for the specified site id</description>
        <folderUuid>_a-0000dcd5-e7b4-8000-daab-640000640000_6354</folderUuid>
        <dataStoreEntityCompositeUuid>5720eb68-1b44-4c3f-9852-a7ce4edb22af@_a-0000dcd5-e7b4-8000-daab-640000640000_6413</dataStoreEntityCompositeUuid>
        <params>
            <param>
                <description></description>
                <name>siteId</name>
                <type>{http://www.w3.org/2001/XMLSchema}string</type>
            </param>
        </params>
        <filters>
            <filter>
                <field>
                    <name>siteId</name>
                    <type>{http://www.w3.org/2001/XMLSchema}string</type>
                </field>
                <op>=</op>
                <value>siteId</value>
                <valueType>PARAMETER</valueType>
            </filter>
        </filters>
        <orderings/>
    </queryRule>
    <roleMap public="false">
        <role inherit="true" allowForAll="false" name="readers">
            <users/>
            <groups/>
        </role>
        <role inherit="true" allowForAll="false" name="authors">
            <users/>
            <groups/>
        </role>
        <role inherit="true" allowForAll="false" name="administrators">
            <users/>
            <groups/>
        </role>
        <role inherit="false" allowForAll="false" name="denyReaders">
            <users/>
            <groups/>
        </role>
        <role inherit="false" allowForAll="false" name="denyAuthors">
            <users/>
            <groups/>
        </role>
        <role inherit="false" allowForAll="false" name="denyAdministrators">
            <users/>
            <groups/>
        </role>
    </roleMap>
    <history>
        <historyInfo versionUuid="_a-0000df6a-d82f-8000-9ba2-011c48011c48_112457"/>
    </history>
</contentHaul>
