<?xml version="1.0" encoding="UTF-8" standalone="yes"?>
<contentHaul xmlns:a="http://www.appian.com/ae/types/2009">
    <versionUuid>_a-0000df6a-d82f-8000-9ba2-011c48011c48_112504</versionUuid>
    <constant>
        <name>CTMS_STATE_ABRIVATIONS</name>
        <uuid>_a-0000dd25-2c63-8000-daab-640000640000_10033</uuid>
        <description>abbreviation list of state</description>
        <parentUuid>_a-0000dcd5-e7b4-8000-daab-640000640000_6352</parentUuid>
        <visibility>
            <advertise>false</advertise>
            <hierarchy>true</hierarchy>
            <indexable>true</indexable>
            <quota>false</quota>
            <searchable>true</searchable>
            <system>false</system>
            <unlogged>false</unlogged>
        </visibility>
        <typedValue>
            <type>
                <name>Text?list</name>
                <namespace>http://www.appian.com/ae/types/2009</namespace>
            </type>
            <value>
                <el>AL</el>
                <el>AK</el>
                <el>AZ</el>
                <el>AR</el>
                <el>CA</el>
                <el>CO</el>
                <el>CT</el>
                <el>DE</el>
                <el>DC</el>
                <el>FL</el>
                <el>GA</el>
                <el>HI</el>
                <el>ID</el>
                <el>IL</el>
                <el>IN</el>
                <el>IA</el>
                <el>KS</el>
                <el>KY</el>
                <el>LA</el>
                <el>ME</el>
                <el>MD</el>
                <el>MA</el>
                <el>MI</el>
                <el>MN</el>
                <el>MS</el>
                <el>MO</el>
                <el>MT</el>
                <el>NE</el>
                <el>NV</el>
                <el>NH</el>
                <el>NJ</el>
                <el>NM</el>
                <el>NY</el>
                <el>NC</el>
                <el>ND</el>
                <el>OH</el>
                <el>OK</el>
                <el>OR</el>
                <el>PA</el>
                <el>PR</el>
                <el>RI</el>
                <el>SC</el>
                <el>SD</el>
                <el>TN</el>
                <el>TX</el>
                <el>UT</el>
                <el>VT</el>
                <el>VA</el>
                <el>WA</el>
                <el>WV</el>
                <el>WI</el>
                <el>WY</el>
            </value>
        </typedValue>
        <isEnvironmentSpecific>false</isEnvironmentSpecific>
    </constant>
    <roleMap public="true">
        <role inherit="true" allowForAll="false" name="readers">
            <users/>
            <groups/>
        </role>
        <role inherit="true" allowForAll="false" name="authors">
            <users/>
            <groups/>
        </role>
        <role inherit="true" allowForAll="false" name="administrators">
            <users/>
            <groups/>
        </role>
        <role inherit="false" allowForAll="false" name="denyReaders">
            <users/>
            <groups/>
        </role>
        <role inherit="false" allowForAll="false" name="denyAuthors">
            <users/>
            <groups/>
        </role>
        <role inherit="false" allowForAll="false" name="denyAdministrators">
            <users/>
            <groups/>
        </role>
    </roleMap>
    <history>
        <historyInfo versionUuid="_a-0000df6a-d82f-8000-9ba2-011c48011c48_112504"/>
    </history>
</contentHaul>
