<?xml version="1.0" encoding="UTF-8" standalone="yes"?>
<contentHaul xmlns:a="http://www.appian.com/ae/types/2009">
    <versionUuid>_a-0000df6a-d82f-8000-9ba2-011c48011c48_112445</versionUuid>
    <rule>
        <name>CTMS_Site_PaymentDetails</name>
        <uuid>b3e9a8fd-8deb-4b66-a79e-277749cf7966</uuid>
        <description>User see a read-only screen that displays a searchable list of site payment;</description>
        <parentUuid>_a-0000dcd5-e7b4-8000-daab-640000640000_6355</parentUuid>
        <visibility>
            <advertise>false</advertise>
            <hierarchy>true</hierarchy>
            <indexable>true</indexable>
            <quota>false</quota>
            <searchable>true</searchable>
            <system>false</system>
            <unlogged>false</unlogged>
        </visibility>
        <definition>load(
  local!payments: #"9c201a70-5414-4b4b-9190-1ef7bc20f93b"(
    siteNumber: ri!siteNumber,
    pagingInfo: #"SYSTEM_SYSRULES_pagingInfo"(
      startIndex: 1,
      batchSize: 10
    )
  ),
  local!gridSelection: #"SYSTEM_SYSRULES_gridSelection"(
    pagingInfo: #"SYSTEM_SYSRULES_pagingInfo"(
      startIndex: 1,
      batchSize: 10
    )
  ),
  #"SYSTEM_SYSRULES_sectionLayout"(
    label: "Payments",
    /* Activity Type, Description, Screening ID, 
  Planned Start Date, Start Date, Planned Completed Date, 
  Completed Date, Standard Amount, Deviation Amount, 
  Actual Amount, Status, Comments */
  firstColumnContents: {
    /*a!textField(value: local!payments)*/
    #"SYSTEM_SYSRULES_gridField"(
      totalCount: local!payments.totalCount,
      columns: {
        #"SYSTEM_SYSRULES_gridTextColumn"(
          label: "Payment Type",
          field: "paymentType",
          data: local!payments.data
        ),
        #"SYSTEM_SYSRULES_gridTextColumn"(
          label: "Payment Type",
          field: "paymentType",
          data: local!payments.data.paymentType
        )
      },
      value: local!gridSelection)
  }
    
  )
)</definition>
        <namedTypedValue>
            <name>siteNumber</name>
            <type>
                <name>int</name>
                <namespace>http://www.w3.org/2001/XMLSchema</namespace>
            </type>
        </namedTypedValue>
        <preferredEditor>interface</preferredEditor>
        <offlineEnabled>false</offlineEnabled>
    </rule>
    <roleMap public="true">
        <role inherit="true" allowForAll="false" name="readers">
            <users/>
            <groups/>
        </role>
        <role inherit="true" allowForAll="false" name="authors">
            <users/>
            <groups/>
        </role>
        <role inherit="true" allowForAll="false" name="administrators">
            <users/>
            <groups/>
        </role>
        <role inherit="false" allowForAll="false" name="denyReaders">
            <users/>
            <groups/>
        </role>
        <role inherit="false" allowForAll="false" name="denyAuthors">
            <users/>
            <groups/>
        </role>
        <role inherit="false" allowForAll="false" name="denyAdministrators">
            <users/>
            <groups/>
        </role>
    </roleMap>
    <history>
        <historyInfo versionUuid="_a-0000df6a-d82f-8000-9ba2-011c48011c48_112445"/>
    </history>
</contentHaul>
