<?xml version="1.0" encoding="UTF-8" standalone="yes"?>
<contentHaul xmlns:a="http://www.appian.com/ae/types/2009">
    <versionUuid>_a-0000df6a-d82f-8000-9ba2-011c48011c48_112403</versionUuid>
    <rule>
        <name>CTMS_ListView</name>
        <uuid>feada343-e6ce-48f0-b935-5beef43e52c9</uuid>
        <description>List View for CTMS</description>
        <parentUuid>_a-0000dcd5-e7b4-8000-daab-640000640000_6353</parentUuid>
        <visibility>
            <advertise>false</advertise>
            <hierarchy>true</hierarchy>
            <indexable>true</indexable>
            <quota>false</quota>
            <searchable>true</searchable>
            <system>false</system>
            <unlogged>false</unlogged>
        </visibility>
        <definition>= #"SYSTEM_SYSRULES_listViewItem"(
  image: if(
    #"_a-0000ddcb-815e-8000-daab-640000640000_18403"(
      rf!siteImage
    ),
    todocument(
      #"_a-0000dd4f-0404-8000-daab-640000640000_16757"
    ),
    todocument(
      rf!siteImage
    )
  ),
  title: "Site: " &amp; rf!siteIdentifier &amp; " | " &amp; "Protocol: " &amp; rf!protocolIdentifier,
  details: "Region: " &amp; rf!region &amp; " | " &amp; " Status: " &amp; rf!siteStatus
)</definition>
        <preferredEditor>legacy</preferredEditor>
        <offlineEnabled>false</offlineEnabled>
    </rule>
    <roleMap public="true">
        <role inherit="true" allowForAll="false" name="readers">
            <users/>
            <groups/>
        </role>
        <role inherit="true" allowForAll="false" name="authors">
            <users/>
            <groups/>
        </role>
        <role inherit="true" allowForAll="false" name="administrators">
            <users/>
            <groups/>
        </role>
        <role inherit="false" allowForAll="false" name="denyReaders">
            <users/>
            <groups/>
        </role>
        <role inherit="false" allowForAll="false" name="denyAuthors">
            <users/>
            <groups/>
        </role>
        <role inherit="false" allowForAll="false" name="denyAdministrators">
            <users/>
            <groups/>
        </role>
    </roleMap>
    <history>
        <historyInfo versionUuid="_a-0000df6a-d82f-8000-9ba2-011c48011c48_112403"/>
    </history>
</contentHaul>
