<?xml version="1.0" encoding="UTF-8" standalone="yes"?>
<applicationHaul xmlns:a="http://www.appian.com/ae/types/2009">
    <versionUuid>_a-0000df63-1167-8000-9ba2-011c48011c48_113360</versionUuid>
    <application>
        <name>Contract Management</name>
        <uuid>_a-0000deba-19b3-8000-9ba2-011c48011c48_32816</uuid>
        <description>Contract Management application is a centralized, automated customer contract management product that enables users to manage contract change requests in a structured manner and determine the impact of the contract changes to ASC 606 and IFRS 15 accounting standard for Revenue from Contracts with Customers. The product provides a configurable framework to automate the identification of contracts, performance obligations and impact of their valuations and resulting accounting entries, and the ability to recognize the revenue over time or at a point in time.</description>
        <parentUuid>SYSTEM_APPLICATIONS_ROOT</parentUuid>
        <visibility>
            <advertise>false</advertise>
            <hierarchy>true</hierarchy>
            <indexable>true</indexable>
            <quota>false</quota>
            <searchable>true</searchable>
            <system>false</system>
            <unlogged>false</unlogged>
        </visibility>
        <urlIdentifier>g9ivEg</urlIdentifier>
        <published>true</published>
        <public>true</public>
        <associatedObjects>
            <globalIdMap>
                <item>
                    <type>datatype</type>
                    <uuids>
                        <uuid>{urn:com:appian:types}ASC_Contract</uuid>
                        <uuid>{urn:com:appian:types}ASC_Contract_Documents</uuid>
                        <uuid>{urn:com:appian:types}ASC_Address</uuid>
                        <uuid>{urn:com:appian:types}ASC_Customer</uuid>
                        <uuid>{urn:com:appian:types}ASC_Contract_Modifications</uuid>
                        <uuid>{urn:com:appian:types}ASC_ContractModInfo</uuid>
                        <uuid>{urn:com:appian:types}ASC_ContractModApproval</uuid>
                        <uuid>{urn:com:appian:types}ASC_ChangeNoticeRequest</uuid>
                        <uuid>{urn:com:appian:types}ASC_Settlement</uuid>
                        <uuid>{urn:com:appian:types:audit}AH_AuditHistory</uuid>
                        <uuid>{urn:com:appian:types}ASC_ContractModificationSummary</uuid>
                        <uuid>{urn:com:appian:types}ASC_Products</uuid>
                    </uuids>
                </item>
                <item>
                    <type>dataStore</type>
                    <uuids>
                        <uuid>_a-0000dee6-acf9-8000-9ba2-011c48011c48_7300</uuid>
                        <uuid>_a-0000def3-0227-8000-9ba2-011c48011c48_10564</uuid>
                        <uuid>_a-0000daa1-9d78-8000-6ee0-010000010000_1019</uuid>
                    </uuids>
                </item>
                <item>
                    <type>user</type>
                    <uuids/>
                </item>
                <item>
                    <type>groupType</type>
                    <uuids/>
                </item>
                <item>
                    <type>group</type>
                    <uuids>
                        <uuid>_e-0000def3-0203-8000-9aee-01075c01075c_10</uuid>
                        <uuid>_e-0000df0b-b424-8000-9aee-01075c01075c_55</uuid>
                        <uuid>_e-0000df0b-b424-8000-9aee-01075c01075c_56</uuid>
                        <uuid>_e-0000df0b-b424-8000-9aee-01075c01075c_57</uuid>
                        <uuid>_e-0000df0b-b424-8000-9aee-01075c01075c_58</uuid>
                        <uuid>_e-0000df0b-b424-8000-9aee-01075c01075c_60</uuid>
                        <uuid>_e-0000daa1-9d68-8000-6edf-010000010000_15</uuid>
                        <uuid>_e-0000daa1-9d68-8000-6edf-010000010000_14</uuid>
                        <uuid>_e-0000df4f-3e02-8000-9aee-01075c01075c_63</uuid>
                    </uuids>
                </item>
                <item>
                    <type>content</type>
                    <uuids>
                        <uuid>_a-0000deba-19b3-8000-9ba2-011c48011c48_32848</uuid>
                        <uuid>_a-0000deba-19b3-8000-9ba2-011c48011c48_32851</uuid>
                        <uuid>_a-0000deba-19b3-8000-9ba2-011c48011c48_32853</uuid>
                        <uuid>_a-0000deba-19b3-8000-9ba2-011c48011c48_32856</uuid>
                        <uuid>_a-0000deba-19b3-8000-9ba2-011c48011c48_32858</uuid>
                        <uuid>_a-0000deba-19b3-8000-9ba2-011c48011c48_32845</uuid>
                        <uuid>_a-0000dee6-acf9-8000-9ba2-011c48011c48_7289</uuid>
                        <uuid>_a-0000dee6-acf9-8000-9ba2-011c48011c48_7309</uuid>
                        <uuid>_a-0000dd3a-dada-8000-daab-640000640000_11313</uuid>
                        <uuid>_a-0000dd3a-dada-8000-daab-640000640000_11112</uuid>
                        <uuid>_a-0000dd3a-dada-8000-daab-640000640000_11122</uuid>
                        <uuid>_a-0000dd3a-dada-8000-daab-640000640000_11110</uuid>
                        <uuid>_a-0000def3-0227-8000-9ba2-011c48011c48_10542</uuid>
                        <uuid>_a-0000def3-0227-8000-9ba2-011c48011c48_10563</uuid>
                        <uuid>_a-0000def3-0227-8000-9ba2-011c48011c48_10566</uuid>
                        <uuid>_a-0000def3-0227-8000-9ba2-011c48011c48_10570</uuid>
                        <uuid>_a-0000def3-0227-8000-9ba2-011c48011c48_10571</uuid>
                        <uuid>_a-0000def3-0227-8000-9ba2-011c48011c48_10675</uuid>
                        <uuid>_a-0000def3-0227-8000-9ba2-011c48011c48_10721</uuid>
                        <uuid>_a-0000def3-0227-8000-9ba2-011c48011c48_10527</uuid>
                        <uuid>571fac17-e2ad-41e6-b60a-2c6295469786</uuid>
                        <uuid>_a-0000def3-0227-8000-9ba2-011c48011c48_10792</uuid>
                        <uuid>_a-0000def3-0227-8000-9ba2-011c48011c48_10874</uuid>
                        <uuid>_a-0000def3-0227-8000-9ba2-011c48011c48_10883</uuid>
                        <uuid>_a-0000def3-0227-8000-9ba2-011c48011c48_10896</uuid>
                        <uuid>_a-0000def3-0227-8000-9ba2-011c48011c48_10900</uuid>
                        <uuid>_a-0000def3-0227-8000-9ba2-011c48011c48_10913</uuid>
                        <uuid>_a-0000def3-0227-8000-9ba2-011c48011c48_10915</uuid>
                        <uuid>_a-0000def3-0227-8000-9ba2-011c48011c48_10933</uuid>
                        <uuid>_a-0000def3-0227-8000-9ba2-011c48011c48_12011</uuid>
                        <uuid>_a-0000def3-0227-8000-9ba2-011c48011c48_12067</uuid>
                        <uuid>_a-0000def3-0227-8000-9ba2-011c48011c48_12068</uuid>
                        <uuid>_a-0000def3-0227-8000-9ba2-011c48011c48_12071</uuid>
                        <uuid>_a-0000def3-0227-8000-9ba2-011c48011c48_12074</uuid>
                        <uuid>_a-0000def3-0227-8000-9ba2-011c48011c48_12076</uuid>
                        <uuid>_a-0000def3-0227-8000-9ba2-011c48011c48_12077</uuid>
                        <uuid>_a-0000df0b-b44d-8000-9ba2-011c48011c48_15278</uuid>
                        <uuid>_a-0000df0b-b44d-8000-9ba2-011c48011c48_15279</uuid>
                        <uuid>_a-0000df0b-b44d-8000-9ba2-011c48011c48_15283</uuid>
                        <uuid>_a-0000df0b-b44d-8000-9ba2-011c48011c48_15286</uuid>
                        <uuid>_a-0000df0b-b44d-8000-9ba2-011c48011c48_15325</uuid>
                        <uuid>_a-0000df0b-b44d-8000-9ba2-011c48011c48_15330</uuid>
                        <uuid>_a-0000df0b-b44d-8000-9ba2-011c48011c48_15344</uuid>
                        <uuid>_a-0000df0b-b44d-8000-9ba2-011c48011c48_15345</uuid>
                        <uuid>_a-0000df0b-b44d-8000-9ba2-011c48011c48_15355</uuid>
                        <uuid>_a-0000df0b-b44d-8000-9ba2-011c48011c48_15382</uuid>
                        <uuid>_a-0000df0b-b44d-8000-9ba2-011c48011c48_15414</uuid>
                        <uuid>_a-0000df0b-b44d-8000-9ba2-011c48011c48_15427</uuid>
                        <uuid>_a-0000df0b-b44d-8000-9ba2-011c48011c48_15447</uuid>
                        <uuid>_a-0000df0b-b44d-8000-9ba2-011c48011c48_15469</uuid>
                        <uuid>_a-0000df0b-b44d-8000-9ba2-011c48011c48_15474</uuid>
                        <uuid>_a-0000df0b-b44d-8000-9ba2-011c48011c48_15477</uuid>
                        <uuid>_a-0000df0b-b44d-8000-9ba2-011c48011c48_15493</uuid>
                        <uuid>_a-0000df0b-b44d-8000-9ba2-011c48011c48_15550</uuid>
                        <uuid>_a-0000df0b-b44d-8000-9ba2-011c48011c48_15734</uuid>
                        <uuid>47a2f544-8d7b-4b53-8ea9-505a848f6d1d</uuid>
                        <uuid>_a-0000df0b-b44d-8000-9ba2-011c48011c48_15838</uuid>
                        <uuid>_a-0000df0b-b44d-8000-9ba2-011c48011c48_15846</uuid>
                        <uuid>_a-0000df0b-b44d-8000-9ba2-011c48011c48_15854</uuid>
                        <uuid>_a-0000df0b-b44d-8000-9ba2-011c48011c48_15930</uuid>
                        <uuid>_a-0000df0b-b44d-8000-9ba2-011c48011c48_15942</uuid>
                        <uuid>_a-0000df0b-b44d-8000-9ba2-011c48011c48_16019</uuid>
                        <uuid>_a-0000df0b-b44d-8000-9ba2-011c48011c48_16039</uuid>
                        <uuid>_a-0000df0b-b44d-8000-9ba2-011c48011c48_16071</uuid>
                        <uuid>_a-0000df0b-b44d-8000-9ba2-011c48011c48_16149</uuid>
                        <uuid>_a-0000df0b-b44d-8000-9ba2-011c48011c48_16150</uuid>
                        <uuid>_a-0000df0b-b44d-8000-9ba2-011c48011c48_16157</uuid>
                        <uuid>_a-0000df0b-b44d-8000-9ba2-011c48011c48_16165</uuid>
                        <uuid>_a-0000df0b-b44d-8000-9ba2-011c48011c48_16256</uuid>
                        <uuid>_a-0000df0b-b44d-8000-9ba2-011c48011c48_16257</uuid>
                        <uuid>_a-0000df0b-b44d-8000-9ba2-011c48011c48_16258</uuid>
                        <uuid>_a-0000df0b-b44d-8000-9ba2-011c48011c48_16316</uuid>
                        <uuid>_a-0000df0b-b44d-8000-9ba2-011c48011c48_16324</uuid>
                        <uuid>_a-0000df0b-b44d-8000-9ba2-011c48011c48_16327</uuid>
                        <uuid>_a-0000df0b-b44d-8000-9ba2-011c48011c48_16338</uuid>
                        <uuid>_a-0000df0b-b44d-8000-9ba2-011c48011c48_16339</uuid>
                        <uuid>_a-0000df0b-b44d-8000-9ba2-011c48011c48_16358</uuid>
                        <uuid>d5649783-a004-4b47-8061-94a4ed411a8e</uuid>
                        <uuid>_a-0000df0b-b44d-8000-9ba2-011c48011c48_16371</uuid>
                        <uuid>_a-0000df0b-b44d-8000-9ba2-011c48011c48_16372</uuid>
                        <uuid>_a-0000df0b-b44d-8000-9ba2-011c48011c48_16375</uuid>
                        <uuid>_a-0000df0b-b44d-8000-9ba2-011c48011c48_16458</uuid>
                        <uuid>_a-0000df0b-b44d-8000-9ba2-011c48011c48_16459</uuid>
                        <uuid>_a-0000df0b-b44d-8000-9ba2-011c48011c48_16548</uuid>
                        <uuid>_a-0000df0b-b44d-8000-9ba2-011c48011c48_16599</uuid>
                        <uuid>_a-0000df0b-b44d-8000-9ba2-011c48011c48_16603</uuid>
                        <uuid>_a-0000dee4-011d-8000-9ba2-011c48011c48_4029</uuid>
                        <uuid>_a-0000df0b-b44d-8000-9ba2-011c48011c48_15889</uuid>
                        <uuid>_a-0000df0b-b44d-8000-9ba2-011c48011c48_15891</uuid>
                        <uuid>_a-0000df0b-b44d-8000-9ba2-011c48011c48_16107</uuid>
                        <uuid>_a-0000df0b-b44d-8000-9ba2-011c48011c48_16852</uuid>
                        <uuid>_a-0000df0b-b44d-8000-9ba2-011c48011c48_17119</uuid>
                        <uuid>_a-0000df0b-b44d-8000-9ba2-011c48011c48_17135</uuid>
                        <uuid>_a-0000df0b-b44d-8000-9ba2-011c48011c48_17151</uuid>
                        <uuid>_a-0000df0b-b44d-8000-9ba2-011c48011c48_17189</uuid>
                        <uuid>_a-0000df0b-b44d-8000-9ba2-011c48011c48_17227</uuid>
                        <uuid>_a-0000df0b-b44d-8000-9ba2-011c48011c48_17432</uuid>
                        <uuid>_a-0000df0b-b44d-8000-9ba2-011c48011c48_15585</uuid>
                        <uuid>_a-0000df0b-b44d-8000-9ba2-011c48011c48_17382</uuid>
                        <uuid>_a-0000df0b-b44d-8000-9ba2-011c48011c48_17451</uuid>
                        <uuid>_a-0000df0b-b44d-8000-9ba2-011c48011c48_18006</uuid>
                        <uuid>_a-0000df0b-b44d-8000-9ba2-011c48011c48_18015</uuid>
                        <uuid>_a-0000df0b-b44d-8000-9ba2-011c48011c48_18023</uuid>
                        <uuid>_a-0000df0b-b44d-8000-9ba2-011c48011c48_18086</uuid>
                        <uuid>_a-0000df0b-b44d-8000-9ba2-011c48011c48_18221</uuid>
                        <uuid>_a-0000daa1-9d78-8000-6ee0-010000010000_1136</uuid>
                        <uuid>_a-0000daa1-9d78-8000-6ee0-010000010000_1088</uuid>
                        <uuid>_a-0000df0b-b44d-8000-9ba2-011c48011c48_18081</uuid>
                        <uuid>_a-0000df0b-b44d-8000-9ba2-011c48011c48_18261</uuid>
                        <uuid>_a-0000df0b-b44d-8000-9ba2-011c48011c48_18675</uuid>
                        <uuid>_a-0000df0b-b44d-8000-9ba2-011c48011c48_18742</uuid>
                        <uuid>_a-0000df0b-b44d-8000-9ba2-011c48011c48_18743</uuid>
                        <uuid>_a-0000df0b-b44d-8000-9ba2-011c48011c48_18745</uuid>
                        <uuid>_a-0000df0b-b44d-8000-9ba2-011c48011c48_18747</uuid>
                        <uuid>_a-0000df0b-b44d-8000-9ba2-011c48011c48_18944</uuid>
                        <uuid>_a-0000df0b-b44d-8000-9ba2-011c48011c48_18976</uuid>
                        <uuid>_a-0000df0b-b44d-8000-9ba2-011c48011c48_18978</uuid>
                        <uuid>_a-0000df0b-b44d-8000-9ba2-011c48011c48_19004</uuid>
                        <uuid>_a-0000df0b-b44d-8000-9ba2-011c48011c48_19244</uuid>
                        <uuid>_a-0000df0b-b44d-8000-9ba2-011c48011c48_19254</uuid>
                        <uuid>_a-0000df0b-b44d-8000-9ba2-011c48011c48_18634</uuid>
                        <uuid>_a-0000df0b-b44d-8000-9ba2-011c48011c48_19305</uuid>
                        <uuid>_a-0000df0b-b44d-8000-9ba2-011c48011c48_19308</uuid>
                        <uuid>_a-0000df0b-b44d-8000-9ba2-011c48011c48_18759</uuid>
                        <uuid>_a-0000df0b-b44d-8000-9ba2-011c48011c48_19515</uuid>
                        <uuid>_a-0000df0b-b44d-8000-9ba2-011c48011c48_19518</uuid>
                        <uuid>_a-0000df0b-b44d-8000-9ba2-011c48011c48_19519</uuid>
                        <uuid>_a-0000df0b-b44d-8000-9ba2-011c48011c48_19521</uuid>
                        <uuid>_a-0000df0b-b44d-8000-9ba2-011c48011c48_19522</uuid>
                        <uuid>_a-0000df0b-b44d-8000-9ba2-011c48011c48_19524</uuid>
                        <uuid>_a-0000df0b-b44d-8000-9ba2-011c48011c48_19525</uuid>
                        <uuid>_a-0000df0b-b44d-8000-9ba2-011c48011c48_19529</uuid>
                        <uuid>_a-0000df0b-b44d-8000-9ba2-011c48011c48_19530</uuid>
                        <uuid>_a-0000df0b-b44d-8000-9ba2-011c48011c48_19540</uuid>
                        <uuid>_a-0000df0b-b44d-8000-9ba2-011c48011c48_19542</uuid>
                        <uuid>_a-0000df0b-b44d-8000-9ba2-011c48011c48_19543</uuid>
                        <uuid>_a-0000df0b-b44d-8000-9ba2-011c48011c48_19546</uuid>
                        <uuid>_a-0000df0b-b44d-8000-9ba2-011c48011c48_19547</uuid>
                        <uuid>_a-0000df0b-b44d-8000-9ba2-011c48011c48_19555</uuid>
                        <uuid>_a-0000df4f-3e48-8000-9ba2-011c48011c48_60775</uuid>
                        <uuid>_a-0000df4f-3e48-8000-9ba2-011c48011c48_60781</uuid>
                        <uuid>_a-0000df4f-3e48-8000-9ba2-011c48011c48_60815</uuid>
                        <uuid>_a-0000df4f-3e48-8000-9ba2-011c48011c48_60899</uuid>
                        <uuid>_a-0000df4f-3e48-8000-9ba2-011c48011c48_60987</uuid>
                        <uuid>_a-0000df4f-3e48-8000-9ba2-011c48011c48_61032</uuid>
                        <uuid>_a-0000df4f-3e48-8000-9ba2-011c48011c48_61256</uuid>
                        <uuid>_a-0000df4f-3e48-8000-9ba2-011c48011c48_61263</uuid>
                        <uuid>_a-0000df4f-3e48-8000-9ba2-011c48011c48_61076</uuid>
                        <uuid>_a-0000df4f-3e48-8000-9ba2-011c48011c48_61080</uuid>
                        <uuid>_a-0000df4f-3e48-8000-9ba2-011c48011c48_61389</uuid>
                        <uuid>_a-0000df4f-3e48-8000-9ba2-011c48011c48_61480</uuid>
                        <uuid>_a-0000df4f-3e48-8000-9ba2-011c48011c48_61505</uuid>
                        <uuid>_a-0000df4f-3e48-8000-9ba2-011c48011c48_61679</uuid>
                        <uuid>_a-0000df4f-3e48-8000-9ba2-011c48011c48_61850</uuid>
                        <uuid>_a-0000df4f-3e48-8000-9ba2-011c48011c48_61861</uuid>
                        <uuid>_a-0000df4f-3e48-8000-9ba2-011c48011c48_61954</uuid>
                        <uuid>_a-0000df4f-3e48-8000-9ba2-011c48011c48_61963</uuid>
                        <uuid>_a-0000df4f-3e48-8000-9ba2-011c48011c48_61969</uuid>
                        <uuid>4594a8aa-6b04-4f3f-a0e3-10450ee43cd2</uuid>
                        <uuid>_a-0000df4f-3e48-8000-9ba2-011c48011c48_62045</uuid>
                        <uuid>_a-0000df4f-3e48-8000-9ba2-011c48011c48_62059</uuid>
                        <uuid>SYSTEM_REPORT_TASKS_FOR_USER</uuid>
                        <uuid>_a-0000df4f-3e48-8000-9ba2-011c48011c48_62088</uuid>
                        <uuid>_a-0000df4f-3e48-8000-9ba2-011c48011c48_62129</uuid>
                        <uuid>_a-0000df4f-3e48-8000-9ba2-011c48011c48_61060</uuid>
                        <uuid>_a-0000deba-19b3-8000-9ba2-011c48011c48_32852</uuid>
                        <uuid>_a-0000df63-1167-8000-9ba2-011c48011c48_110104</uuid>
                        <uuid>_a-0000df63-1167-8000-9ba2-011c48011c48_110209</uuid>
                        <uuid>_a-0000df63-1167-8000-9ba2-011c48011c48_110843</uuid>
                        <uuid>_a-0000df63-1167-8000-9ba2-011c48011c48_110849</uuid>
                        <uuid>_a-0000df63-1167-8000-9ba2-011c48011c48_110933</uuid>
                        <uuid>_a-0000df63-1167-8000-9ba2-011c48011c48_111893</uuid>
                        <uuid>_a-0000df63-1167-8000-9ba2-011c48011c48_112986</uuid>
                        <uuid>_a-0000df63-1167-8000-9ba2-011c48011c48_112992</uuid>
                        <uuid>_a-0000df63-1167-8000-9ba2-011c48011c48_113023</uuid>
                        <uuid>_a-0000df63-1167-8000-9ba2-011c48011c48_113061</uuid>
                        <uuid>_a-0000df63-1167-8000-9ba2-011c48011c48_113355</uuid>
                    </uuids>
                </item>
                <item>
                    <type>forum</type>
                    <uuids/>
                </item>
                <item>
                    <type>processModelFolder</type>
                    <uuids>
                        <uuid>_g-0000deba-19b3-8000-f92f-7f0000014e7a_17</uuid>
                        <uuid>_g-0000def3-0214-8000-f92f-7f0000014e7a_7</uuid>
                        <uuid>_g-0000d205-4909-8000-7be3-680000680000_34</uuid>
                        <uuid>_g-0000daa1-9d7b-8000-6ee0-010000010000_5</uuid>
                    </uuids>
                </item>
                <item>
                    <type>processModel</type>
                    <uuids>
                        <uuid>0002df06-7708-8000-f92f-7f0000014e7a</uuid>
                        <uuid>0002df0f-d7ed-8000-f92f-7f0000014e7a</uuid>
                        <uuid>0003df12-8411-8000-f92f-7f0000014e7a</uuid>
                        <uuid>0002df12-85c8-8000-f92f-7f0000014e7a</uuid>
                        <uuid>0002df19-efbf-8000-f92f-7f0000014e7a</uuid>
                        <uuid>0003df1a-2d8e-8000-f92f-7f0000014e7a</uuid>
                        <uuid>0003df1a-3041-8000-f92f-7f0000014e7a</uuid>
                        <uuid>0002df29-e75c-8000-f92f-7f0000014e7a</uuid>
                        <uuid>0002df12-8abf-8000-f92f-7f0000014e7a</uuid>
                        <uuid>0008df23-ad59-8000-f92f-7f0000014e7a</uuid>
                        <uuid>0003df23-af41-8000-f92f-7f0000014e7a</uuid>
                        <uuid>0002df2b-1a78-8000-f92f-7f0000014e7a</uuid>
                        <uuid>0002df2e-f77a-8000-f92f-7f0000014e7a</uuid>
                        <uuid>0008daa9-7422-8000-6ee0-010000010000</uuid>
                        <uuid>000ddf48-48d9-8000-f92f-7f0000014e7a</uuid>
                        <uuid>0024df49-7501-8000-f92f-7f0000014e7a</uuid>
                        <uuid>0016df4a-bfde-8000-f92f-7f0000014e7a</uuid>
                        <uuid>000fdf4a-c055-8000-f92f-7f0000014e7a</uuid>
                        <uuid>000edf4e-d4d6-8000-f92f-7f0000014e7a</uuid>
                        <uuid>0018df4a-c0bb-8000-f92f-7f0000014e7a</uuid>
                        <uuid>0024df51-6472-8000-f92f-7f0000014e7a</uuid>
                    </uuids>
                </item>
                <item>
                    <type>portlet</type>
                    <uuids/>
                </item>
                <item>
                    <type>page</type>
                    <uuids/>
                </item>
                <item>
                    <type>application</type>
                    <uuids/>
                </item>
                <item>
                    <type>tempoFeed</type>
                    <uuids>
                        <uuid>7b11cc69-eeb3-45e7-ae44-46745843c856</uuid>
                        <uuid>c21b66bc-6b30-4768-94cd-2c6d4493c98c</uuid>
                    </uuids>
                </item>
                <item>
                    <type>recordType</type>
                    <uuids>
                        <uuid>2a10f868-f6b4-483c-a7f4-0f9d9d727973</uuid>
                        <uuid>959dd65c-e597-4d00-aab1-677106b92df5</uuid>
                        <uuid>06dd221c-0d64-4e30-b92f-78dc59adb037</uuid>
                        <uuid>73d7ae00-5926-46f7-95c7-1c76d5e4c8b5</uuid>
                        <uuid>93977630-f1b4-4d16-9c21-fd29300c9a13</uuid>
                        <uuid>91ff313f-ded5-4775-8f1f-7fc13b427482</uuid>
                    </uuids>
                </item>
                <item>
                    <type>tempoReport</type>
                    <uuids>
                        <uuid>6bd2b4d3-8cfc-4a35-98f6-9916bebdfe22</uuid>
                        <uuid>b3d5bd44-63e8-450d-9245-bedb59927710</uuid>
                        <uuid>6b4bb138-07ea-493d-a2f1-42278d434a0a</uuid>
                    </uuids>
                </item>
                <item>
                    <type>taskReport</type>
                    <uuids>
                        <uuid>1a1e4f36-8bf4-494e-83b9-a8d9cc86a2ae</uuid>
                    </uuids>
                </item>
                <item>
                    <type>webApi</type>
                    <uuids/>
                </item>
                <item>
                    <type>site</type>
                    <uuids>
                        <uuid>43402cca-f031-43c4-ad71-0fa6ea7e3964</uuid>
                    </uuids>
                </item>
                <item>
                    <type>adminSetting</type>
                    <uuids/>
                </item>
                <item>
                    <type>thirdPartyCredentials</type>
                    <uuids/>
                </item>
                <item>
                    <type>dataSource</type>
                    <uuids/>
                </item>
                <item>
                    <type>embeddedSailTheme</type>
                    <uuids/>
                </item>
                <item>
                    <type>connectedSystem</type>
                    <uuids/>
                </item>
            </globalIdMap>
        </associatedObjects>
        <applicationNavigation/>
        <applicationActions>
            <action>
                <displayLabel>Initiate Contract Modification</displayLabel>
                <description>Allows employees to select a contract to modify</description>
                <processModelUuid>0024df51-6472-8000-f92f-7f0000014e7a</processModelUuid>
                <actionUuid>605ce1d3-4538-4d5a-96e1-c09a6cc680a5</actionUuid>
            </action>
        </applicationActions>
        <associatedApplications>
            <globalIdMap>
                <item>
                    <type>datatype</type>
                    <uuids/>
                </item>
                <item>
                    <type>dataStore</type>
                    <uuids/>
                </item>
                <item>
                    <type>user</type>
                    <uuids/>
                </item>
                <item>
                    <type>groupType</type>
                    <uuids/>
                </item>
                <item>
                    <type>group</type>
                    <uuids/>
                </item>
                <item>
                    <type>content</type>
                    <uuids/>
                </item>
                <item>
                    <type>forum</type>
                    <uuids/>
                </item>
                <item>
                    <type>processModelFolder</type>
                    <uuids/>
                </item>
                <item>
                    <type>processModel</type>
                    <uuids/>
                </item>
                <item>
                    <type>portlet</type>
                    <uuids/>
                </item>
                <item>
                    <type>page</type>
                    <uuids/>
                </item>
                <item>
                    <type>application</type>
                    <uuids/>
                </item>
                <item>
                    <type>tempoFeed</type>
                    <uuids/>
                </item>
                <item>
                    <type>recordType</type>
                    <uuids/>
                </item>
                <item>
                    <type>tempoReport</type>
                    <uuids/>
                </item>
                <item>
                    <type>taskReport</type>
                    <uuids/>
                </item>
                <item>
                    <type>webApi</type>
                    <uuids/>
                </item>
                <item>
                    <type>site</type>
                    <uuids/>
                </item>
                <item>
                    <type>adminSetting</type>
                    <uuids/>
                </item>
                <item>
                    <type>thirdPartyCredentials</type>
                    <uuids/>
                </item>
                <item>
                    <type>dataSource</type>
                    <uuids/>
                </item>
                <item>
                    <type>embeddedSailTheme</type>
                    <uuids/>
                </item>
                <item>
                    <type>connectedSystem</type>
                    <uuids/>
                </item>
            </globalIdMap>
        </associatedApplications>
    </application>
    <roleMap>
        <contentRoleMap public="true">
            <role inherit="false" allowForAll="true" name="readers">
                <users/>
                <groups/>
            </role>
            <role inherit="false" allowForAll="false" name="authors">
                <users/>
                <groups/>
            </role>
            <role inherit="false" allowForAll="false" name="administrators">
                <users>
                    <userUuid>mwandama.mutanuka@perficient.com</userUuid>
                </users>
                <groups>
                    <groupUuid>_e-0000def3-0203-8000-9aee-01075c01075c_10</groupUuid>
                </groups>
            </role>
            <role inherit="false" allowForAll="false" name="denyReaders">
                <users/>
                <groups/>
            </role>
            <role inherit="false" allowForAll="false" name="denyAuthors">
                <users/>
                <groups/>
            </role>
            <role inherit="false" allowForAll="false" name="denyAdministrators">
                <users/>
                <groups/>
            </role>
        </contentRoleMap>
    </roleMap>
    <history>
        <historyInfo versionUuid="_a-0000df4f-3e48-8000-9ba2-011c48011c48_60573"/>
        <historyInfo versionUuid="_a-0000df4f-3e48-8000-9ba2-011c48011c48_60786"/>
        <historyInfo versionUuid="_a-0000df4f-3e48-8000-9ba2-011c48011c48_60820"/>
        <historyInfo versionUuid="_a-0000df4f-3e48-8000-9ba2-011c48011c48_60848"/>
        <historyInfo versionUuid="_a-0000df4f-3e48-8000-9ba2-011c48011c48_61039"/>
        <historyInfo versionUuid="_a-0000df4f-3e48-8000-9ba2-011c48011c48_61042"/>
        <historyInfo versionUuid="_a-0000df4f-3e48-8000-9ba2-011c48011c48_61309"/>
        <historyInfo versionUuid="_a-0000df4f-3e48-8000-9ba2-011c48011c48_62134"/>
        <historyInfo versionUuid="_a-0000df63-1167-8000-9ba2-011c48011c48_107736"/>
        <historyInfo versionUuid="_a-0000df63-1167-8000-9ba2-011c48011c48_113360"/>
    </history>
</applicationHaul>
