<?xml version="1.0" encoding="UTF-8"?>
<siteHaul xmlns:a="http://www.appian.com/ae/types/2009" xmlns:xsi="http://www.w3.org/2001/XMLSchema-instance">
  <versionUuid>e8ac1b4a-e9f6-4aaa-ab89-bf858638b112</versionUuid>
  <site a:uuid="6cc0cd42-bec6-4495-a33c-4179a8bd5f7c_SITE" name="Vehicle Management">
    <description>All Vehicle Types in Inventory</description>
    <urlStub>vehicle-management-2</urlStub>
    <page>
      <staticName>Vehicles</staticName>
      <description/>
      <urlStub>records</urlStub>
      <uiObject a:uuid="0846f47f-dfc2-403d-b758-4126c6a734cd" xsi:type="a:RecordType">
        <a:isSystem>false</a:isSystem>
        <a:security>16383</a:security>
        <a:hideLatestNews>false</a:hideLatestNews>
        <a:isExportable>true</a:isExportable>
      </uiObject>
      <iconId>f1b9</iconId>
      <visibilityExpr>fn!true()</visibilityExpr>
      <pageWidth>STANDARD</pageWidth>
    </page>
    <page>
      <staticName>New</staticName>
      <description/>
      <urlStub>new</urlStub>
      <uiObject a:uuid="1dbee816-0496-4c9d-9a34-9f704605181f" xsi:type="a:ProcessModel"/>
      <iconId>f067</iconId>
      <visibilityExpr>fn!true()</visibilityExpr>
      <pageWidth>STANDARD</pageWidth>
    </page>
    <page>
      <staticName>Trends</staticName>
      <description/>
      <urlStub>trends</urlStub>
      <uiObject a:uuid="f4f9d0b6-d8ac-4ff6-9367-a14faaae7748" xsi:type="a:TempoReport"/>
      <iconId>f080</iconId>
      <visibilityExpr>fn!true()</visibilityExpr>
      <pageWidth>STANDARD</pageWidth>
    </page>
    <page>
      <staticName>My Tasks</staticName>
      <description/>
      <urlStub>tasks</urlStub>
      <uiObject a:uuid="3c29e93a-a619-429b-82c1-827a177b1d42" xsi:type="a:TaskReport"/>
      <iconId>f046</iconId>
      <visibilityExpr>fn!true()</visibilityExpr>
      <pageWidth>STANDARD</pageWidth>
    </page>
    <visibility>268435456</visibility>
    <headerBackgroundColor/>
    <selectedTabBackgroundColor/>
    <faviconRef a:uuid="SYSTEM_CONTENT_SITES_DEFAULT_FAVICON" xsi:type="a:CollaborationDocument"/>
    <faviconHref/>
    <logoRef a:uuid="SYSTEM_CONTENT_SITES_DEFAULT_LOGO" xsi:type="a:CollaborationDocument"/>
    <logoHref/>
    <headerBackgroundColorExpr/>
    <selectedTabBackgroundColorExpr/>
    <accentColorExpr xsi:nil="true"/>
    <logoExpr xsi:nil="true"/>
    <faviconExpr xsi:nil="true"/>
    <showName>false</showName>
    <tempoLinkVisibility>HIDDEN</tempoLinkVisibility>
    <showRecordNews>false</showRecordNews>
  </site>
  <roleMap>
    <role name="site_administrator">
      <users/>
      <groups>
        <groupUuid>_e-0000def6-d077-8000-9aee-01075c01075c_91</groupUuid>
      </groups>
    </role>
  </roleMap>
  <history>
    <historyInfo versionUuid="e8ac1b4a-e9f6-4aaa-ab89-bf858638b112"/>
  </history>
</siteHaul>
