<?xml version="1.0" encoding="UTF-8"?>
<siteHaul xmlns:a="http://www.appian.com/ae/types/2009" xmlns:xsi="http://www.w3.org/2001/XMLSchema-instance">
  <versionUuid>f9a5809b-0dbf-492d-a503-b3df941f2c71</versionUuid>
  <site a:uuid="43402cca-f031-43c4-ad71-0fa6ea7e3964" name="Spirit Contracts">
    <description>Site containing Spirit Contract Record Information. Users can act upon these records within the site. </description>
    <urlStub>change-notice</urlStub>
    <page>
      <staticName>Change Notices</staticName>
      <description/>
      <urlStub>change-notice</urlStub>
      <uiObject a:uuid="06dd221c-0d64-4e30-b92f-78dc59adb037" xsi:type="a:RecordType">
        <a:isSystem>false</a:isSystem>
        <a:security>16383</a:security>
        <a:hideLatestNews>false</a:hideLatestNews>
      </uiObject>
      <iconId>f016</iconId>
      <visibilityExpr>fn!true()</visibilityExpr>
      <pageWidth>STANDARD</pageWidth>
    </page>
    <page>
      <staticName>Create Modification</staticName>
      <description/>
      <urlStub>create-modification</urlStub>
      <uiObject a:uuid="0024df51-6472-8000-f92f-7f0000014e7a" xsi:type="a:ProcessModel"/>
      <iconId>f013</iconId>
      <visibilityExpr>fn!true()</visibilityExpr>
      <pageWidth>STANDARD</pageWidth>
    </page>
    <page>
      <staticName>Reports</staticName>
      <description/>
      <urlStub>reports</urlStub>
      <uiObject a:uuid="6bd2b4d3-8cfc-4a35-98f6-9916bebdfe22" xsi:type="a:TempoReport"/>
      <iconId>f00b</iconId>
      <visibilityExpr>fn!true()</visibilityExpr>
      <pageWidth>STANDARD</pageWidth>
    </page>
    <page>
      <nameExpr>"My Tasks"</nameExpr>
      <description/>
      <urlStub>my-tasks</urlStub>
      <uiObject a:uuid="1a1e4f36-8bf4-494e-83b9-a8d9cc86a2ae" xsi:type="a:TaskReport"/>
      <iconId>f046</iconId>
      <visibilityExpr>fn!true()</visibilityExpr>
      <pageWidth>STANDARD</pageWidth>
    </page>
    <visibility>268435456</visibility>
    <headerBackgroundColor/>
    <selectedTabBackgroundColor/>
    <faviconRef a:uuid="SYSTEM_CONTENT_SITES_DEFAULT_FAVICON" xsi:type="a:CollaborationDocument"/>
    <faviconHref/>
    <logoRef a:uuid="SYSTEM_CONTENT_SITES_DEFAULT_LOGO" xsi:type="a:CollaborationDocument"/>
    <logoHref/>
    <headerBackgroundColorExpr/>
    <selectedTabBackgroundColorExpr/>
    <accentColor/>
    <accentColorExpr/>
    <logoExpr/>
    <faviconExpr/>
    <showName>true</showName>
    <tempoLinkVisibility>GROUPS</tempoLinkVisibility>
    <tempoLinkViewers
      a:uuid="_e-0000def3-0203-8000-9aee-01075c01075c_10" xsi:type="a:Group"/>
    <tempoLinkViewers
      a:uuid="_e-0000df0b-b424-8000-9aee-01075c01075c_56" xsi:type="a:Group"/>
  </site>
  <roleMap>
    <role name="site_viewer">
      <users/>
      <groups>
        <groupUuid>_e-0000df0b-b424-8000-9aee-01075c01075c_58</groupUuid>
        <groupUuid>_e-0000df0b-b424-8000-9aee-01075c01075c_55</groupUuid>
        <groupUuid>_e-0000df0b-b424-8000-9aee-01075c01075c_56</groupUuid>
      </groups>
    </role>
  </roleMap>
  <history>
    <historyInfo versionUuid="f9a5809b-0dbf-492d-a503-b3df941f2c71"/>
  </history>
</siteHaul>
