<?xml version="1.0" encoding="UTF-8" standalone="yes"?>
<dataStoreHaul xmlns:a="http://www.appian.com/ae/types/2009">
    <dataStore>
        <uuid>_a-0000dee6-acf9-8000-9ba2-011c48011c48_7300</uuid>
        <name>ASC SpiritAero DataStore</name>
        <description></description>
        <dataSourceKey>java:/jdbc/Appian</dataSourceKey>
        <adaptingExplicitSqlNames>false</adaptingExplicitSqlNames>
        <autoUpdateSchema>false</autoUpdateSchema>
        <entities>
            <entity>
                <uuid>65db9a56-fc04-4e02-b833-ff009e08a83a</uuid>
                <name>ASC_Contract</name>
                <type>{urn:com:appian:types}ASC_Contract</type>
            </entity>
            <entity>
                <uuid>e6f06287-82e5-4311-971c-147adb9912ba</uuid>
                <name>ASC_Address</name>
                <type>{urn:com:appian:types}ASC_Address</type>
            </entity>
            <entity>
                <uuid>1b9c643c-1637-497b-82a4-8a386b6442d4</uuid>
                <name>ASC_Customer</name>
                <type>{urn:com:appian:types}ASC_Customer</type>
            </entity>
            <entity>
                <uuid>02f9c235-e41a-4734-9282-c617ae06467d</uuid>
                <name>ASC_Contract_Documents</name>
                <type>{urn:com:appian:types}ASC_Contract_Documents</type>
            </entity>
            <entity>
                <uuid>7eff4d33-2ec1-474d-bc1a-b0f9f9e6bc39</uuid>
                <name>ASC_ContractModInfo</name>
                <type>{urn:com:appian:types}ASC_ContractModInfo</type>
            </entity>
            <entity>
                <uuid>fe202163-2847-410a-9ce4-28b91231d1ce</uuid>
                <name>ASC_ContractModApproval</name>
                <type>{urn:com:appian:types}ASC_ContractModApproval</type>
            </entity>
            <entity>
                <uuid>887ac43e-7753-415d-b3c7-4fef7844ee62</uuid>
                <name>ASC_ChangeNoticeRequest</name>
                <type>{urn:com:appian:types}ASC_ChangeNoticeRequest</type>
            </entity>
            <entity>
                <uuid>b56c36ff-9eb1-454d-bfa7-9dbccebb948e</uuid>
                <name>ASC_Contract_Modification</name>
                <type>{urn:com:appian:types}ASC_Contract_Modifications</type>
            </entity>
            <entity>
                <uuid>05c88d26-b575-4a04-84dd-507d88358407</uuid>
                <name>ASC_Settlement</name>
                <type>{urn:com:appian:types}ASC_Settlement</type>
            </entity>
            <entity>
                <uuid>fb6874cd-47b8-4868-93ec-533e965038d3</uuid>
                <name>ASC_Products</name>
                <type>{urn:com:appian:types}ASC_Products</type>
            </entity>
        </entities>
    </dataStore>
    <isPublished>true</isPublished>
    <roleMap>
        <role inherit="false" allowForAll="false" name="administrators">
            <users>
                <userUuid>samuel.bruns@perficient.com</userUuid>
                <userUuid>mwandama.mutanuka@perficient.com</userUuid>
            </users>
            <groups>
                <groupUuid>_e-0000def3-0203-8000-9aee-01075c01075c_10</groupUuid>
            </groups>
        </role>
        <role inherit="false" allowForAll="false" name="authors">
            <users/>
            <groups/>
        </role>
        <role inherit="false" allowForAll="false" name="denyAdministrators">
            <users/>
            <groups/>
        </role>
        <role inherit="false" allowForAll="false" name="denyAuthors">
            <users/>
            <groups/>
        </role>
        <role inherit="false" allowForAll="false" name="denyReaders">
            <users/>
            <groups/>
        </role>
        <role inherit="false" allowForAll="false" name="readers">
            <users/>
            <groups>
                <groupUuid>_e-0000df0b-b424-8000-9aee-01075c01075c_55</groupUuid>
            </groups>
        </role>
    </roleMap>
</dataStoreHaul>
