<?xml version="1.0" encoding="UTF-8" standalone="yes"?>
<dataStoreHaul xmlns:a="http://www.appian.com/ae/types/2009">
    <dataStore>
        <uuid>_a-0000def3-0227-8000-9ba2-011c48011c48_10564</uuid>
        <name>ASC ContractDocuments DataStore</name>
        <description>Data store for contract documents</description>
        <dataSourceKey>java:/jdbc/Appian</dataSourceKey>
        <adaptingExplicitSqlNames>false</adaptingExplicitSqlNames>
        <autoUpdateSchema>true</autoUpdateSchema>
        <entities>
            <entity>
                <uuid>fd2192d0-4e4e-4643-9ed0-d689e2eb1347</uuid>
                <name>ASC_Contract_Documents</name>
                <type>{urn:com:appian:types}ASC_Contract_Documents</type>
            </entity>
            <entity>
                <uuid>4ed0d0d0-04ed-4df1-909d-89a9650ca019</uuid>
                <name>ASC_changenoticerequest</name>
                <type>{urn:com:appian:types}ASC_ChangeNoticeRequest</type>
            </entity>
            <entity>
                <uuid>7f2d464e-d58a-42ec-ae06-f523757e040c</uuid>
                <name>ASC_ContractModification</name>
                <type>{urn:com:appian:types}ASC_Contract_Modifications</type>
            </entity>
            <entity>
                <uuid>945145de-f284-4305-b80c-6078c2172f33</uuid>
                <name>ASC_Settlement</name>
                <type>{urn:com:appian:types}ASC_Settlement</type>
            </entity>
        </entities>
    </dataStore>
    <isPublished>true</isPublished>
    <roleMap>
        <role inherit="false" allowForAll="false" name="administrators">
            <users/>
            <groups>
                <groupUuid>_e-0000def3-0203-8000-9aee-01075c01075c_10</groupUuid>
            </groups>
        </role>
        <role inherit="false" allowForAll="false" name="authors">
            <users/>
            <groups/>
        </role>
        <role inherit="false" allowForAll="false" name="denyAdministrators">
            <users/>
            <groups/>
        </role>
        <role inherit="false" allowForAll="false" name="denyAuthors">
            <users/>
            <groups/>
        </role>
        <role inherit="false" allowForAll="false" name="denyReaders">
            <users/>
            <groups/>
        </role>
        <role inherit="false" allowForAll="false" name="readers">
            <users/>
            <groups>
                <groupUuid>_e-0000df0b-b424-8000-9aee-01075c01075c_55</groupUuid>
            </groups>
        </role>
    </roleMap>
</dataStoreHaul>
