<?xml version="1.0" encoding="UTF-8" standalone="yes"?>
<groupHaul xmlns:a="http://www.appian.com/ae/types/2009">
    <group>
        <name>ASC Functional Leads</name>
        <securityMap>SECURITYMAP_TEAM</securityMap>
        <uuid>_e-0000df0b-b424-8000-9aee-01075c01075c_56</uuid>
        <groupTypeUuid>SYSTEM_GROUP_TYPE_CUSTOM</groupTypeUuid>
        <parentUuid>_e-0000df0b-b424-8000-9aee-01075c01075c_55</parentUuid>
        <description>Group for functional leads. These users perform the task of reviewing contract modification details and information gathered before sending for approval</description>
        <delegatedCreation>false</delegatedCreation>
        <memberPolicy>MEMBERPOLICY_CLOSED</memberPolicy>
        <viewingPolicy>VIEWINGPOLICY_LOW</viewingPolicy>
        <attributes/>
    </group>
    <members>
        <users/>
        <groups/>
    </members>
    <admins>
        <users/>
        <groups/>
    </admins>
    <ruleSet/>
</groupHaul>
