<?xml version="1.0" encoding="UTF-8" standalone="yes"?>
<applicationHaul xmlns:a="http://www.appian.com/ae/types/2009">
    <versionUuid>_a-0000df6a-d82f-8000-9ba2-011c48011c48_112372</versionUuid>
    <application>
        <name>GLOBAL</name>
        <uuid>_a-0000dd3a-dada-8000-daab-640000640000_11108</uuid>
        <description>Contains the collection of globally used objects. This should be the first thing imported onto all environments. This should not rely on any outside objects (self-contained). All users should have access level Viewer, with System Admin users having access level Administrator</description>
        <parentUuid>SYSTEM_APPLICATIONS_ROOT</parentUuid>
        <visibility>
            <advertise>false</advertise>
            <hierarchy>true</hierarchy>
            <indexable>true</indexable>
            <quota>false</quota>
            <searchable>true</searchable>
            <system>false</system>
            <unlogged>false</unlogged>
        </visibility>
        <urlIdentifier>_84aCg</urlIdentifier>
        <published>false</published>
        <public>true</public>
        <associatedObjects>
            <globalIdMap>
                <item>
                    <type>datatype</type>
                    <uuids/>
                </item>
                <item>
                    <type>dataStore</type>
                    <uuids/>
                </item>
                <item>
                    <type>user</type>
                    <uuids/>
                </item>
                <item>
                    <type>groupType</type>
                    <uuids/>
                </item>
                <item>
                    <type>group</type>
                    <uuids>
                        <uuid>_e-0001dd4e-0437-8000-daa7-640000640000_87</uuid>
                    </uuids>
                </item>
                <item>
                    <type>content</type>
                    <uuids>
                        <uuid>_a-0000dd3a-dada-8000-daab-640000640000_11110</uuid>
                        <uuid>_a-0000dd3a-dada-8000-daab-640000640000_11111</uuid>
                        <uuid>_a-0000dd3a-dada-8000-daab-640000640000_11112</uuid>
                        <uuid>_a-0000dd3a-dada-8000-daab-640000640000_11114</uuid>
                        <uuid>_a-0000dd3a-dada-8000-daab-640000640000_11119</uuid>
                        <uuid>_a-0000dd3a-dada-8000-daab-640000640000_11122</uuid>
                        <uuid>_a-0000dd3a-dada-8000-daab-640000640000_11180</uuid>
                        <uuid>_a-0000dd3a-dada-8000-daab-640000640000_11181</uuid>
                        <uuid>_a-0000dd3a-dada-8000-daab-640000640000_11182</uuid>
                        <uuid>_a-0000dd3a-dada-8000-daab-640000640000_11183</uuid>
                        <uuid>_a-0000dd3a-dada-8000-daab-640000640000_11184</uuid>
                        <uuid>_a-0000dd3a-dada-8000-daab-640000640000_11202</uuid>
                        <uuid>_a-0000dd3a-dada-8000-daab-640000640000_11219</uuid>
                        <uuid>_a-0000dd3a-dada-8000-daab-640000640000_11273</uuid>
                        <uuid>_a-0000dd3a-dada-8000-daab-640000640000_11276</uuid>
                        <uuid>_a-0000dd3a-dada-8000-daab-640000640000_11284</uuid>
                        <uuid>_a-0000dd3a-dada-8000-daab-640000640000_11313</uuid>
                        <uuid>_a-0000dd3a-dada-8000-daab-640000640000_11324</uuid>
                        <uuid>_a-0000dd3a-dada-8000-daab-640000640000_11325</uuid>
                        <uuid>_a-0000dd3a-dada-8000-daab-640000640000_11326</uuid>
                        <uuid>_a-0000dd3a-dada-8000-daab-640000640000_11328</uuid>
                        <uuid>_a-0000dd3a-dada-8000-daab-640000640000_11333</uuid>
                        <uuid>_a-0000dd3a-dada-8000-daab-640000640000_11336</uuid>
                        <uuid>_a-0000dd3a-dada-8000-daab-640000640000_11338</uuid>
                        <uuid>_a-0000dd3a-dada-8000-daab-640000640000_11340</uuid>
                        <uuid>_a-0000dd3a-dada-8000-daab-640000640000_11361</uuid>
                        <uuid>_a-0000dd3a-dada-8000-daab-640000640000_11368</uuid>
                        <uuid>_a-0000dd3a-dada-8000-daab-640000640000_11384</uuid>
                        <uuid>_a-0000dd3a-dada-8000-daab-640000640000_11425</uuid>
                        <uuid>_a-0000dd4f-0404-8000-daab-640000640000_16640</uuid>
                        <uuid>_a-0000dd4f-0404-8000-daab-640000640000_16710</uuid>
                        <uuid>_a-0000dd4f-0404-8000-daab-640000640000_16792</uuid>
                        <uuid>_a-0000dd4f-0404-8000-daab-640000640000_16814</uuid>
                        <uuid>_a-0000dd4f-0404-8000-daab-640000640000_17328</uuid>
                        <uuid>_a-0000dd4f-0404-8000-daab-640000640000_17463</uuid>
                        <uuid>_a-0000dd4f-0404-8000-daab-640000640000_17486</uuid>
                        <uuid>_a-0000dd4f-0404-8000-daab-640000640000_17487</uuid>
                        <uuid>_a-0000dd4f-0404-8000-daab-640000640000_17489</uuid>
                        <uuid>_a-0000dd4f-0404-8000-daab-640000640000_17492</uuid>
                        <uuid>_a-0000dd4f-0404-8000-daab-640000640000_17494</uuid>
                        <uuid>_a-0000dd4f-0404-8000-daab-640000640000_17496</uuid>
                        <uuid>_a-0000dd4f-0404-8000-daab-640000640000_17497</uuid>
                        <uuid>_a-0000dd4f-0404-8000-daab-640000640000_17498</uuid>
                        <uuid>_a-0000dd4f-0404-8000-daab-640000640000_17500</uuid>
                        <uuid>_a-0000dd4f-0404-8000-daab-640000640000_17503</uuid>
                        <uuid>_a-0000dd4f-0404-8000-daab-640000640000_17505</uuid>
                        <uuid>_a-0000dd4f-0404-8000-daab-640000640000_17507</uuid>
                        <uuid>_a-0000dd4f-0404-8000-daab-640000640000_17509</uuid>
                        <uuid>_a-0000dd4f-0404-8000-daab-640000640000_17511</uuid>
                        <uuid>_a-0000dd4f-0404-8000-daab-640000640000_17512</uuid>
                        <uuid>_a-0000dd4f-0404-8000-daab-640000640000_17513</uuid>
                        <uuid>_a-0000dd4f-0404-8000-daab-640000640000_17514</uuid>
                        <uuid>_a-0000dd4f-0404-8000-daab-640000640000_17515</uuid>
                        <uuid>_a-0000dd4f-0404-8000-daab-640000640000_17516</uuid>
                        <uuid>_a-0000dd4f-0404-8000-daab-640000640000_17523</uuid>
                        <uuid>_a-0000dd4f-0404-8000-daab-640000640000_17537</uuid>
                        <uuid>_a-0000dd4f-0404-8000-daab-640000640000_17538</uuid>
                        <uuid>_a-0000dd4f-0404-8000-daab-640000640000_17565</uuid>
                        <uuid>_a-0000dd4f-0404-8000-daab-640000640000_17826</uuid>
                        <uuid>_a-0000dd4f-0404-8000-daab-640000640000_17899</uuid>
                        <uuid>_a-0000dd4f-0404-8000-daab-640000640000_17905</uuid>
                        <uuid>_a-0000dd4f-0404-8000-daab-640000640000_17917</uuid>
                        <uuid>_a-0000dd4f-0404-8000-daab-640000640000_17918</uuid>
                        <uuid>_a-0000dd4f-0404-8000-daab-640000640000_17925</uuid>
                    </uuids>
                </item>
                <item>
                    <type>forum</type>
                    <uuids/>
                </item>
                <item>
                    <type>processModelFolder</type>
                    <uuids>
                        <uuid>_g-0000dd4e-0437-8000-daab-640000640000_36</uuid>
                    </uuids>
                </item>
                <item>
                    <type>processModel</type>
                    <uuids/>
                </item>
                <item>
                    <type>portlet</type>
                    <uuids/>
                </item>
                <item>
                    <type>page</type>
                    <uuids/>
                </item>
                <item>
                    <type>application</type>
                    <uuids/>
                </item>
                <item>
                    <type>tempoFeed</type>
                    <uuids/>
                </item>
                <item>
                    <type>recordType</type>
                    <uuids/>
                </item>
                <item>
                    <type>tempoReport</type>
                    <uuids/>
                </item>
                <item>
                    <type>taskReport</type>
                    <uuids/>
                </item>
                <item>
                    <type>webApi</type>
                    <uuids/>
                </item>
                <item>
                    <type>site</type>
                    <uuids/>
                </item>
                <item>
                    <type>adminSetting</type>
                    <uuids/>
                </item>
                <item>
                    <type>thirdPartyCredentials</type>
                    <uuids/>
                </item>
                <item>
                    <type>dataSource</type>
                    <uuids/>
                </item>
                <item>
                    <type>embeddedSailTheme</type>
                    <uuids/>
                </item>
                <item>
                    <type>connectedSystem</type>
                    <uuids/>
                </item>
            </globalIdMap>
        </associatedObjects>
        <applicationNavigation/>
        <applicationActions/>
        <associatedApplications>
            <globalIdMap>
                <item>
                    <type>datatype</type>
                    <uuids/>
                </item>
                <item>
                    <type>dataStore</type>
                    <uuids/>
                </item>
                <item>
                    <type>user</type>
                    <uuids/>
                </item>
                <item>
                    <type>groupType</type>
                    <uuids/>
                </item>
                <item>
                    <type>group</type>
                    <uuids/>
                </item>
                <item>
                    <type>content</type>
                    <uuids/>
                </item>
                <item>
                    <type>forum</type>
                    <uuids/>
                </item>
                <item>
                    <type>processModelFolder</type>
                    <uuids/>
                </item>
                <item>
                    <type>processModel</type>
                    <uuids/>
                </item>
                <item>
                    <type>portlet</type>
                    <uuids/>
                </item>
                <item>
                    <type>page</type>
                    <uuids/>
                </item>
                <item>
                    <type>application</type>
                    <uuids/>
                </item>
                <item>
                    <type>tempoFeed</type>
                    <uuids/>
                </item>
                <item>
                    <type>recordType</type>
                    <uuids/>
                </item>
                <item>
                    <type>tempoReport</type>
                    <uuids/>
                </item>
                <item>
                    <type>taskReport</type>
                    <uuids/>
                </item>
                <item>
                    <type>webApi</type>
                    <uuids/>
                </item>
                <item>
                    <type>site</type>
                    <uuids/>
                </item>
                <item>
                    <type>adminSetting</type>
                    <uuids/>
                </item>
                <item>
                    <type>thirdPartyCredentials</type>
                    <uuids/>
                </item>
                <item>
                    <type>dataSource</type>
                    <uuids/>
                </item>
                <item>
                    <type>embeddedSailTheme</type>
                    <uuids/>
                </item>
                <item>
                    <type>connectedSystem</type>
                    <uuids/>
                </item>
            </globalIdMap>
        </associatedApplications>
    </application>
    <roleMap>
        <contentRoleMap public="true">
            <role inherit="false" allowForAll="true" name="readers">
                <users/>
                <groups/>
            </role>
            <role inherit="false" allowForAll="false" name="authors">
                <users/>
                <groups/>
            </role>
            <role inherit="false" allowForAll="false" name="administrators">
                <users/>
                <groups>
                    <groupUuid>_e-0001dd4e-0437-8000-daa7-640000640000_87</groupUuid>
                </groups>
            </role>
            <role inherit="false" allowForAll="false" name="denyReaders">
                <users/>
                <groups/>
            </role>
            <role inherit="false" allowForAll="false" name="denyAuthors">
                <users/>
                <groups/>
            </role>
            <role inherit="false" allowForAll="false" name="denyAdministrators">
                <users/>
                <groups/>
            </role>
        </contentRoleMap>
    </roleMap>
    <history>
        <historyInfo versionUuid="_a-0000df6a-d82f-8000-9ba2-011c48011c48_112291"/>
        <historyInfo versionUuid="_a-0000df6a-d82f-8000-9ba2-011c48011c48_112371"/>
        <historyInfo versionUuid="_a-0000df6a-d82f-8000-9ba2-011c48011c48_112372"/>
    </history>
</applicationHaul>
