<?xml version="1.0" encoding="UTF-8" standalone="yes"?>
<groupHaul xmlns:a="http://www.appian.com/ae/types/2009">
    <group>
        <name>CTMS Users</name>
        <securityMap>SECURITYMAP_TEAM</securityMap>
        <uuid>_e-0001dccd-fe85-8000-daa7-640000640000_67</uuid>
        <groupTypeUuid>SYSTEM_GROUP_TYPE_CUSTOM</groupTypeUuid>
        <description>CTMS Users</description>
        <delegatedCreation>false</delegatedCreation>
        <memberPolicy>MEMBERPOLICY_CLOSED</memberPolicy>
        <viewingPolicy>VIEWINGPOLICY_LOW</viewingPolicy>
        <attributes/>
    </group>
    <members>
        <users/>
        <groups>
            <groupUuid>_e-0001dd4e-0437-8000-daa7-640000640000_86</groupUuid>
            <groupUuid>_e-0000dd39-67e0-8000-daa7-640000640000_77</groupUuid>
            <groupUuid>_e-0000dd39-67e0-8000-daa7-640000640000_78</groupUuid>
            <groupUuid>_e-0000def6-d077-8000-9aee-01075c01075c_80</groupUuid>
        </groups>
    </members>
    <admins>
        <users/>
        <groups>
            <groupUuid>_e-0000dd39-67e0-8000-daa7-640000640000_75</groupUuid>
        </groups>
    </admins>
    <ruleSet/>
</groupHaul>
