<?xml version="1.0" encoding="UTF-8" standalone="yes"?>
<contentHaul xmlns:a="http://www.appian.com/ae/types/2009">
    <versionUuid>_a-0000df6a-d82f-8000-9ba2-011c48011c48_112351</versionUuid>
    <rule>
        <name>GLOBAL_UserProfile_Section</name>
        <uuid>_a-0000dd4f-0404-8000-daab-640000640000_17826</uuid>
        <description>SAIL that produces a view of a user profile information into a section.</description>
        <parentUuid>_a-0000dd3a-dada-8000-daab-640000640000_11119</parentUuid>
        <visibility>
            <advertise>false</advertise>
            <hierarchy>true</hierarchy>
            <indexable>true</indexable>
            <quota>false</quota>
            <searchable>true</searchable>
            <system>false</system>
            <unlogged>false</unlogged>
        </visibility>
        <definition>#"SYSTEM_SYSRULES_sectionLayout"(&#xD;
      label: "Design Engineer",&#xD;
      firstColumnContents:{&#xD;
         #"SYSTEM_SYSRULES_imageField"(&#xD;
          label: "Initiator:",&#xD;
          instructions: "Click the profile picture to view the Initiator's profile.",&#xD;
          helpTooltip: "Click the picture below to view the Initiator's profile.",&#xD;
          images: #"SYSTEM_SYSRULES_documentImage"(&#xD;
            document: getprofilepictureforuser(touser(ri!username)),&#xD;
            link: #"SYSTEM_SYSRULES_userRecordLink"(&#xD;
              label: "Click here to view user profile.",&#xD;
              user: ri!username,&#xD;
              view: "summary"&#xD;
            )&#xD;
          ),&#xD;
          size: "SMALL"&#xD;
        )&#xD;
      },&#xD;
      secondColumnContents:{&#xD;
        #"SYSTEM_SYSRULES_textField"(&#xD;
          label: "Name:",&#xD;
          labelPosition: "ADJACENT",&#xD;
          value: user(ri!username, "firstName") &amp; " " &amp; user(ri!username, "lastName"),&#xD;
          readOnly: true&#xD;
        ),&#xD;
        #"SYSTEM_SYSRULES_textField"(&#xD;
          label: "Title:",&#xD;
          labelPosition: "ADJACENT",&#xD;
          value: user(ri!username, "titleName"),&#xD;
          readOnly: true&#xD;
        ),&#xD;
        #"SYSTEM_SYSRULES_textField"(&#xD;
          label: "Office:",&#xD;
          labelPosition: "ADJACENT",&#xD;
          value: user(ri!username, "phoneOffice"),&#xD;
          readOnly: true&#xD;
        ),&#xD;
        #"SYSTEM_SYSRULES_textField"(&#xD;
          label: "Mobile:",&#xD;
          labelPosition: "ADJACENT",&#xD;
          value: user(ri!username, "phoneMobile"),&#xD;
          readOnly: true()&#xD;
        ),&#xD;
        #"SYSTEM_SYSRULES_textField"(&#xD;
          label: "Contact:",&#xD;
          labelPosition: "ADJACENT",&#xD;
          value: user(ri!username, "email"),&#xD;
          readOnly: true&#xD;
        ),&#xD;
        #"SYSTEM_SYSRULES_textField"(&#xD;
          label: "Location:",&#xD;
          labelPosition: "ADJACENT",&#xD;
          value: user(ri!username, "city") &amp; ", " &amp; user(ri!username, "state") &amp; ", " &amp;user(ri!username, "country") ,&#xD;
          readOnly: true()&#xD;
        )&#xD;
      },&#xD;
      iscollapsible: true&#xD;
    ),&#xD;
</definition>
        <namedTypedValue>
            <name>username</name>
            <type>
                <name>string</name>
                <namespace>http://www.w3.org/2001/XMLSchema</namespace>
            </type>
            <value/>
        </namedTypedValue>
        <preferredEditor>interface</preferredEditor>
        <offlineEnabled>false</offlineEnabled>
    </rule>
    <roleMap public="true">
        <role inherit="true" allowForAll="false" name="readers">
            <users/>
            <groups/>
        </role>
        <role inherit="true" allowForAll="false" name="authors">
            <users/>
            <groups/>
        </role>
        <role inherit="true" allowForAll="false" name="administrators">
            <users/>
            <groups/>
        </role>
        <role inherit="false" allowForAll="false" name="denyReaders">
            <users/>
            <groups/>
        </role>
        <role inherit="false" allowForAll="false" name="denyAuthors">
            <users/>
            <groups/>
        </role>
        <role inherit="false" allowForAll="false" name="denyAdministrators">
            <users/>
            <groups/>
        </role>
    </roleMap>
    <typedValue>
        <type>
            <name>RuleTestConfig?list</name>
            <namespace>http://www.appian.com/ae/types/2009</namespace>
        </type>
        <value>
            <el>
                <a:name/>
                <a:ruleInputTestConfigs>
                    <a:value xmlns:xsd="http://www.w3.org/2001/XMLSchema" xmlns:xsi="http://www.w3.org/2001/XMLSchema-instance" xsi:type="xsd:string">mwandamam</a:value>
                    <a:nameRef>username</a:nameRef>
                    <a:id/>
                </a:ruleInputTestConfigs>
                <a:assertions xmlns:xsi="http://www.w3.org/2001/XMLSchema-instance" xsi:nil="true"/>
            </el>
        </value>
    </typedValue>
    <history>
        <historyInfo versionUuid="_a-0000df6a-d82f-8000-9ba2-011c48011c48_112351"/>
    </history>
</contentHaul>
