<?xml version="1.0" encoding="UTF-8" standalone="yes"?>
<contentHaul xmlns:a="http://www.appian.com/ae/types/2009">
    <versionUuid>_a-0000df6a-d82f-8000-9ba2-011c48011c48_112312</versionUuid>
    <report>
        <name>GLOBAL_AllTasksForEmailLink_Report</name>
        <uuid>_a-0000dd3a-dada-8000-daab-640000640000_11328</uuid>
        <description>This is a task that lists the process id and allows you to find the task id for use in building a task link for emailing out. It only lists 'Assigned', 'Accepted' and 'Paused' tasks, which are the tasks assigned or attributed to users and groups.</description>
        <parentUuid>_a-0000dd3a-dada-8000-daab-640000640000_11326</parentUuid>
        <visibility>
            <advertise>false</advertise>
            <hierarchy>true</hierarchy>
            <indexable>true</indexable>
            <quota>false</quota>
            <searchable>true</searchable>
            <system>false</system>
            <unlogged>false</unlogged>
        </visibility>
        <reportData>
            <metadata>
                <baseFilters>
                    <completedFilter>
                        <apply>false</apply>
                    </completedFilter>
                    <outsideNStandardDeviationsFilter>
                        <apply>false</apply>
                        <standardDeviationCount>0.0</standardDeviationCount>
                    </outsideNStandardDeviationsFilter>
                    <lastNCompletedFilter>
                        <apply>false</apply>
                        <completedCount>0</completedCount>
                    </lastNCompletedFilter>
                    <aheadOfScheduleFilter>
                        <apply>false</apply>
                    </aheadOfScheduleFilter>
                    <runningFilter>
                        <apply>true</apply>
                    </runningFilter>
                    <behindScheduleFilter>
                        <apply>false</apply>
                    </behindScheduleFilter>
                    <lastNDaysFilter>
                        <apply>false</apply>
                        <dayCount>0.0</dayCount>
                    </lastNDaysFilter>
                    <dueTodayFilter>
                        <apply>false</apply>
                    </dueTodayFilter>
                    <simpleColumnFilter>
                        <apply>true</apply>
                        <columnLocalId>1</columnLocalId>
                        <comparison>5</comparison>
                        <typedValue>
                            <type>
<name>int</name>
<namespace>http://www.w3.org/2001/XMLSchema</namespace>
                            </type>
                            <value>2</value>
                        </typedValue>
                        <reportPortletFilter>false</reportPortletFilter>
                    </simpleColumnFilter>
                    <simpleColumnFilter>
                        <apply>true</apply>
                        <columnLocalId>1</columnLocalId>
                        <comparison>5</comparison>
                        <typedValue>
                            <type>
<name>int</name>
<namespace>http://www.w3.org/2001/XMLSchema</namespace>
                            </type>
                            <value>4</value>
                        </typedValue>
                        <reportPortletFilter>false</reportPortletFilter>
                    </simpleColumnFilter>
                    <simpleColumnFilter>
                        <apply>true</apply>
                        <columnLocalId>1</columnLocalId>
                        <comparison>5</comparison>
                        <typedValue>
                            <type>
<name>int</name>
<namespace>http://www.w3.org/2001/XMLSchema</namespace>
                            </type>
                            <value>7</value>
                        </typedValue>
                        <reportPortletFilter>false</reportPortletFilter>
                    </simpleColumnFilter>
                    <simpleColumnFilter>
                        <apply>true</apply>
                        <columnLocalId>1</columnLocalId>
                        <comparison>5</comparison>
                        <typedValue>
                            <type>
<name>int</name>
<namespace>http://www.w3.org/2001/XMLSchema</namespace>
                            </type>
                            <value>8</value>
                        </typedValue>
                        <reportPortletFilter>false</reportPortletFilter>
                    </simpleColumnFilter>
                    <simpleColumnFilter>
                        <apply>true</apply>
                        <columnLocalId>1</columnLocalId>
                        <comparison>5</comparison>
                        <typedValue>
                            <type>
<name>int</name>
<namespace>http://www.w3.org/2001/XMLSchema</namespace>
                            </type>
                            <value>9</value>
                        </typedValue>
                        <reportPortletFilter>false</reportPortletFilter>
                    </simpleColumnFilter>
                    <simpleColumnFilter>
                        <apply>true</apply>
                        <columnLocalId>1</columnLocalId>
                        <comparison>5</comparison>
                        <typedValue>
                            <type>
<name>int</name>
<namespace>http://www.w3.org/2001/XMLSchema</namespace>
                            </type>
                            <value>10</value>
                        </typedValue>
                        <reportPortletFilter>false</reportPortletFilter>
                    </simpleColumnFilter>
                    <simpleColumnFilter>
                        <apply>true</apply>
                        <columnLocalId>1</columnLocalId>
                        <comparison>5</comparison>
                        <typedValue>
                            <type>
<name>int</name>
<namespace>http://www.w3.org/2001/XMLSchema</namespace>
                            </type>
                            <value>11</value>
                        </typedValue>
                        <reportPortletFilter>false</reportPortletFilter>
                    </simpleColumnFilter>
                    <simpleColumnFilter>
                        <apply>true</apply>
                        <columnLocalId>1</columnLocalId>
                        <comparison>5</comparison>
                        <typedValue>
                            <type>
<name>int</name>
<namespace>http://www.w3.org/2001/XMLSchema</namespace>
                            </type>
                            <value>14</value>
                        </typedValue>
                        <reportPortletFilter>false</reportPortletFilter>
                    </simpleColumnFilter>
                </baseFilters>
                <batchSize>25</batchSize>
                <columns>
                    <column>
                        <drillPath>
                            <enabled>false</enabled>
                        </drillPath>
                        <expression>=task_status()</expression>
                        <formatToken>taskstatus</formatToken>
                        <group>false</group>
                        <lastFormatToken>taskstatus</lastFormatToken>
                        <localId>1</localId>
                        <name>Status</name>
                        <show>false</show>
                    </column>
                    <column>
                        <drillPath>
                            <enabled>true</enabled>
                            <expression>=pp!id</expression>
                            <linkType>1</linkType>
                        </drillPath>
                        <expression>pp!id</expression>
                        <formatToken>number</formatToken>
                        <group>false</group>
                        <lastFormatToken>number</lastFormatToken>
                        <localId>4</localId>
                        <name>Process ID</name>
                        <show>true</show>
                    </column>
                    <column>
                        <drillPath>
                            <enabled>true</enabled>
                            <expression>=tp!id</expression>
                            <linkType>2</linkType>
                        </drillPath>
                        <expression>tp!id</expression>
                        <formatToken>number</formatToken>
                        <group>false</group>
                        <lastFormatToken>number</lastFormatToken>
                        <localId>5</localId>
                        <name>Task ID</name>
                        <show>true</show>
                    </column>
                </columns>
                <contextType>0</contextType>
                <quickFilters/>
                <recursive>true</recursive>
                <sortColumnLocalId>5</sortColumnLocalId>
                <sortOrder>1</sortOrder>
                <startIndex>0</startIndex>
                <type>2</type>
            </metadata>
            <display>
                <description>This is a task that lists the process id and allows you to find the task id for use in building a task link for emailing out. It only lists 'Assigned', 'Accepted' and 'Paused' tasks, which are the tasks assigned or attributed to users and groups. NOTE: DESIGN ONE TASK PER PROCESS</description>
                <displayThresholds>false</displayThresholds>
                <displayType>0</displayType>
                <name>GLOBAL_AllTasksForEmailLink_Report</name>
                <quickFilterDisplay>0</quickFilterDisplay>
                <showLegend>true</showLegend>
                <showQuickFiltersInToolbar>true</showQuickFiltersInToolbar>
                <supportedTypes>
                    <supportedType>0</supportedType>
                    <supportedType>1</supportedType>
                    <supportedType>2</supportedType>
                    <supportedType>3</supportedType>
                    <supportedType>4</supportedType>
                    <supportedType>5</supportedType>
                    <supportedType>6</supportedType>
                    <supportedType>7</supportedType>
                </supportedTypes>
                <useCustomToolbar>false</useCustomToolbar>
                <useDefaultBarGraphXML>true</useDefaultBarGraphXML>
                <useDefaultLineGraphXML>true</useDefaultLineGraphXML>
                <useDefaultPieGraphXML>true</useDefaultPieGraphXML>
            </display>
            <modified>false</modified>
            <showDisplayOptions>false</showDisplayOptions>
            <showTitle>false</showTitle>
            <showToolbar>false</showToolbar>
            <view>0</view>
            <writeAccess>false</writeAccess>
        </reportData>
    </report>
    <roleMap public="true">
        <role inherit="true" allowForAll="false" name="readers">
            <users/>
            <groups/>
        </role>
        <role inherit="true" allowForAll="false" name="authors">
            <users/>
            <groups/>
        </role>
        <role inherit="true" allowForAll="false" name="administrators">
            <users/>
            <groups/>
        </role>
        <role inherit="false" allowForAll="false" name="denyReaders">
            <users/>
            <groups/>
        </role>
        <role inherit="false" allowForAll="false" name="denyAuthors">
            <users/>
            <groups/>
        </role>
        <role inherit="false" allowForAll="false" name="denyAdministrators">
            <users/>
            <groups/>
        </role>
    </roleMap>
    <history>
        <historyInfo versionUuid="_a-0000df6a-d82f-8000-9ba2-011c48011c48_112312"/>
    </history>
</contentHaul>
