<?xml version="1.0" encoding="UTF-8"?><applicationHaul xmlns:a="http://www.appian.com/ae/types/2009">
        
    <versionUuid>_a-0000df6d-83a9-8000-9ba2-011c48011c48_56410</versionUuid>
        
    <application>
                
        <name>SLA Management System</name>
                
        <uuid>_a-0000df6d-83a9-8000-9ba2-011c48011c48_47539</uuid>
                
        <description>Contains necessary objects to develop an SLA report</description>
                
        <parentUuid>SYSTEM_APPLICATIONS_ROOT</parentUuid>
                
        <visibility>
                        
            <advertise>false</advertise>
                        
            <hierarchy>true</hierarchy>
                        
            <indexable>true</indexable>
                        
            <quota>false</quota>
                        
            <searchable>true</searchable>
                        
            <system>false</system>
                        
            <unlogged>false</unlogged>
                    
        </visibility>
                
        <urlIdentifier>PK-6lw</urlIdentifier>
                
        <published>false</published>
                
        <public>false</public>
                
        <associatedObjects>
                        
            <globalIdMap>
                                
                <item>
                                        
                    <type>datatype</type>
                                        
                    <uuids>
                                                
                        <uuid>{urn:com:appian:types}SLA_Entry</uuid>
                                            
                    </uuids>
                                    
                </item>
                                
                <item>
                                        
                    <type>dataStore</type>
                                        
                    <uuids>
                                                
                        <uuid>_a-0000df6d-83a9-8000-9ba2-011c48011c48_47590</uuid>
                                            
                    </uuids>
                                    
                </item>
                                
                <item>
                                        
                    <type>user</type>
                                        
                    <uuids/>
                                    
                </item>
                                
                <item>
                                        
                    <type>groupType</type>
                                        
                    <uuids/>
                                    
                </item>
                                
                <item>
                                        
                    <type>group</type>
                                        
                    <uuids/>
                                    
                </item>
                                
                <item>
                                        
                    <type>content</type>
                                        
                    <uuids>
                                                
                        <uuid>_a-0000df6d-83a9-8000-9ba2-011c48011c48_47543</uuid>
                                                
                        <uuid>_a-0000df6d-83a9-8000-9ba2-011c48011c48_47561</uuid>
                                                
                        <uuid>_a-0000df6d-83a9-8000-9ba2-011c48011c48_47567</uuid>
                                                
                        <uuid>_a-0000df6d-83a9-8000-9ba2-011c48011c48_48058</uuid>
                                                
                        <uuid>_a-0000df6d-83a9-8000-9ba2-011c48011c48_48083</uuid>
                                                
                        <uuid>_a-0000df6d-83a9-8000-9ba2-011c48011c48_48089</uuid>
                                                
                        <uuid>_a-0000df6d-83a9-8000-9ba2-011c48011c48_48095</uuid>
                                                
                        <uuid>_a-0000df6d-83a9-8000-9ba2-011c48011c48_48101</uuid>
                                                
                        <uuid>_a-0000df6d-83a9-8000-9ba2-011c48011c48_49096</uuid>
                                                
                        <uuid>_a-0000df6d-83a9-8000-9ba2-011c48011c48_49108</uuid>
                                                
                        <uuid>_a-0000df6d-83a9-8000-9ba2-011c48011c48_49187</uuid>
                                                
                        <uuid>_a-0000df6d-83a9-8000-9ba2-011c48011c48_49207</uuid>
                                                
                        <uuid>_a-0000df6d-83a9-8000-9ba2-011c48011c48_49484</uuid>
                                                
                        <uuid>_a-0000df6d-83a9-8000-9ba2-011c48011c48_50446</uuid>
                                                
                        <uuid>_a-0000df6d-83a9-8000-9ba2-011c48011c48_50484</uuid>
                                                
                        <uuid>_a-0000df6d-83a9-8000-9ba2-011c48011c48_50684</uuid>
                                                
                        <uuid>_a-0000df6d-83a9-8000-9ba2-011c48011c48_51041</uuid>
                                                
                        <uuid>_a-0000df51-4350-8000-9ba2-011c48011c48_4357</uuid>
                                                
                        <uuid>_a-0000df51-4350-8000-9ba2-011c48011c48_4359</uuid>
                                                
                        <uuid>_a-0000df51-4350-8000-9ba2-011c48011c48_4356</uuid>
                                            
                    </uuids>
                                    
                </item>
                                
                <item>
                                        
                    <type>forum</type>
                                        
                    <uuids/>
                                    
                </item>
                                
                <item>
                                        
                    <type>processModelFolder</type>
                                        
                    <uuids/>
                                    
                </item>
                                
                <item>
                                        
                    <type>processModel</type>
                                        
                    <uuids/>
                                    
                </item>
                                
                <item>
                                        
                    <type>portlet</type>
                                        
                    <uuids/>
                                    
                </item>
                                
                <item>
                                        
                    <type>page</type>
                                        
                    <uuids/>
                                    
                </item>
                                
                <item>
                                        
                    <type>application</type>
                                        
                    <uuids/>
                                    
                </item>
                                
                <item>
                                        
                    <type>tempoFeed</type>
                                        
                    <uuids/>
                                    
                </item>
                                
                <item>
                                        
                    <type>recordType</type>
                                        
                    <uuids/>
                                    
                </item>
                                
                <item>
                                        
                    <type>tempoReport</type>
                                        
                    <uuids/>
                                    
                </item>
                                
                <item>
                                        
                    <type>taskReport</type>
                                        
                    <uuids/>
                                    
                </item>
                                
                <item>
                                        
                    <type>webApi</type>
                                        
                    <uuids/>
                                    
                </item>
                                
                <item>
                                        
                    <type>site</type>
                                        
                    <uuids/>
                                    
                </item>
                                
                <item>
                                        
                    <type>adminSetting</type>
                                        
                    <uuids/>
                                    
                </item>
                                
                <item>
                                        
                    <type>thirdPartyCredentials</type>
                                        
                    <uuids/>
                                    
                </item>
                                
                <item>
                                        
                    <type>dataSource</type>
                                        
                    <uuids/>
                                    
                </item>
                                
                <item>
                                        
                    <type>embeddedSailTheme</type>
                                        
                    <uuids/>
                                    
                </item>
                                
                <item>
                                        
                    <type>connectedSystem</type>
                                        
                    <uuids/>
                                    
                </item>
                            
            </globalIdMap>
                    
        </associatedObjects>
                
        <applicationNavigation/>
                
        <applicationActions/>
                
        <associatedApplications>
                        
            <globalIdMap>
                                
                <item>
                                        
                    <type>datatype</type>
                                        
                    <uuids/>
                                    
                </item>
                                
                <item>
                                        
                    <type>dataStore</type>
                                        
                    <uuids/>
                                    
                </item>
                                
                <item>
                                        
                    <type>user</type>
                                        
                    <uuids/>
                                    
                </item>
                                
                <item>
                                        
                    <type>groupType</type>
                                        
                    <uuids/>
                                    
                </item>
                                
                <item>
                                        
                    <type>group</type>
                                        
                    <uuids/>
                                    
                </item>
                                
                <item>
                                        
                    <type>content</type>
                                        
                    <uuids/>
                                    
                </item>
                                
                <item>
                                        
                    <type>forum</type>
                                        
                    <uuids/>
                                    
                </item>
                                
                <item>
                                        
                    <type>processModelFolder</type>
                                        
                    <uuids/>
                                    
                </item>
                                
                <item>
                                        
                    <type>processModel</type>
                                        
                    <uuids/>
                                    
                </item>
                                
                <item>
                                        
                    <type>portlet</type>
                                        
                    <uuids/>
                                    
                </item>
                                
                <item>
                                        
                    <type>page</type>
                                        
                    <uuids/>
                                    
                </item>
                                
                <item>
                                        
                    <type>application</type>
                                        
                    <uuids/>
                                    
                </item>
                                
                <item>
                                        
                    <type>tempoFeed</type>
                                        
                    <uuids/>
                                    
                </item>
                                
                <item>
                                        
                    <type>recordType</type>
                                        
                    <uuids/>
                                    
                </item>
                                
                <item>
                                        
                    <type>tempoReport</type>
                                        
                    <uuids/>
                                    
                </item>
                                
                <item>
                                        
                    <type>taskReport</type>
                                        
                    <uuids/>
                                    
                </item>
                                
                <item>
                                        
                    <type>webApi</type>
                                        
                    <uuids/>
                                    
                </item>
                                
                <item>
                                        
                    <type>site</type>
                                        
                    <uuids/>
                                    
                </item>
                                
                <item>
                                        
                    <type>adminSetting</type>
                                        
                    <uuids/>
                                    
                </item>
                                
                <item>
                                        
                    <type>thirdPartyCredentials</type>
                                        
                    <uuids/>
                                    
                </item>
                                
                <item>
                                        
                    <type>dataSource</type>
                                        
                    <uuids/>
                                    
                </item>
                                
                <item>
                                        
                    <type>embeddedSailTheme</type>
                                        
                    <uuids/>
                                    
                </item>
                                
                <item>
                                        
                    <type>connectedSystem</type>
                                        
                    <uuids/>
                                    
                </item>
                            
            </globalIdMap>
                    
        </associatedApplications>
            
    </application>
        
    <roleMap>
                
        <contentRoleMap public="true">
                        
            <role allowForAll="false" inherit="false" name="readers">
                                
                <users/>
                                
                <groups/>
                            
            </role>
                        
            <role allowForAll="false" inherit="false" name="authors">
                                
                <users/>
                                
                <groups/>
                            
            </role>
                        
            <role allowForAll="false" inherit="false" name="administrators">
                                
                <users>
                                        
                    <userUuid>samuel.bruns@perficient.com</userUuid>
                                    
                </users>
                                
                <groups/>
                            
            </role>
                        
            <role allowForAll="false" inherit="false" name="denyReaders">
                                
                <users/>
                                
                <groups/>
                            
            </role>
                        
            <role allowForAll="false" inherit="false" name="denyAuthors">
                                
                <users/>
                                
                <groups/>
                            
            </role>
                        
            <role allowForAll="false" inherit="false" name="denyAdministrators">
                                
                <users/>
                                
                <groups/>
                            
            </role>
                    
        </contentRoleMap>
            
    </roleMap>
        
    <history>
                
        <historyInfo versionUuid="_a-0000df6d-83a9-8000-9ba2-011c48011c48_51046"/>
                
        <historyInfo versionUuid="_a-0000df6d-83a9-8000-9ba2-011c48011c48_56245"/>
                
        <historyInfo versionUuid="_a-0000df6d-83a9-8000-9ba2-011c48011c48_56409"/>
                
        <historyInfo versionUuid="_a-0000df6d-83a9-8000-9ba2-011c48011c48_56410"/>
            
    </history>
    
</applicationHaul><!--updated on 2017-11-07T10:21:09.584-->
