<?xml version="1.0" encoding="UTF-8" standalone="yes"?>
<applicationHaul xmlns:a="http://www.appian.com/ae/types/2009">
    <versionUuid>_a-0000dfd8-6941-8000-9ba2-011c48011c48_181543</versionUuid>
    <application>
        <name>Vehicle Management</name>
        <uuid>_a-0000def6-d094-8000-9ba2-011c48011c48_40397</uuid>
        <description>All Vehicle Types in Inventory</description>
        <parentUuid>SYSTEM_APPLICATIONS_ROOT</parentUuid>
        <visibility>
            <advertise>false</advertise>
            <hierarchy>true</hierarchy>
            <indexable>true</indexable>
            <quota>false</quota>
            <searchable>true</searchable>
            <system>false</system>
            <unlogged>false</unlogged>
        </visibility>
        <urlIdentifier>V2vYjA</urlIdentifier>
        <published>false</published>
        <public>false</public>
        <associatedObjects>
            <globalIdMap>
                <item>
                    <type>datatype</type>
                    <uuids>
                        <uuid>{urn:com:appian:types:VM3}VM3_Engine</uuid>
                        <uuid>{urn:com:appian:types:VM3}VM3_Activity</uuid>
                        <uuid>{urn:com:appian:types:VM3}VM3_Vehicle</uuid>
                    </uuids>
                </item>
                <item>
                    <type>dataStore</type>
                    <uuids>
                        <uuid>_a-0000def6-d094-8000-9ba2-011c48011c48_40449</uuid>
                    </uuids>
                </item>
                <item>
                    <type>user</type>
                    <uuids/>
                </item>
                <item>
                    <type>groupType</type>
                    <uuids/>
                </item>
                <item>
                    <type>group</type>
                    <uuids>
                        <uuid>_e-0000def6-d077-8000-9aee-01075c01075c_91</uuid>
                    </uuids>
                </item>
                <item>
                    <type>content</type>
                    <uuids>
                        <uuid>ccdf69a9-4197-4d0b-bf3f-99bf3ad69a5b</uuid>
                        <uuid>_a-0000def6-d094-8000-9ba2-011c48011c48_40446</uuid>
                        <uuid>_a-0000def6-d094-8000-9ba2-011c48011c48_40447</uuid>
                        <uuid>_a-0000def6-d094-8000-9ba2-011c48011c48_40448</uuid>
                        <uuid>8c06bb5f-71b6-42c9-b19b-c906328b1893_MAINDSECONSTANT</uuid>
                        <uuid>3c9bed5e-d780-4866-b265-416230b59c14_CHANGEDSECONSTANT</uuid>
                        <uuid>_a-0000def6-d094-8000-9ba2-011c48011c48_40451</uuid>
                        <uuid>_a-0000def6-d094-8000-9ba2-011c48011c48_40454</uuid>
                        <uuid>_a-0000def6-d094-8000-9ba2-011c48011c48_40455</uuid>
                        <uuid>b09bd1bc-57bc-4782-98fb-fc6952dd1d23</uuid>
                        <uuid>375c1bb7-beec-4a65-ad57-07f060abec67_KC</uuid>
                        <uuid>b258191b-ca18-48d8-a953-cbd26cb3fdd2</uuid>
                        <uuid>_a-0000def6-d094-8000-9ba2-011c48011c48_40400</uuid>
                        <uuid>_a-0000def6-d094-8000-9ba2-011c48011c48_40401</uuid>
                        <uuid>_a-0000def6-d094-8000-9ba2-011c48011c48_40402</uuid>
                        <uuid>39a3adb0-2db7-4fa0-8ac8-aa02f17c4a17_ACTIONSKIPPED</uuid>
                        <uuid>_a-0000def6-d094-8000-9ba2-011c48011c48_40404</uuid>
                        <uuid>_a-0000def6-d094-8000-9ba2-011c48011c48_40414</uuid>
                        <uuid>_a-0000def6-d094-8000-9ba2-011c48011c48_40426</uuid>
                        <uuid>_a-0000def6-d094-8000-9ba2-011c48011c48_40416</uuid>
                        <uuid>4232b83a-1806-41d3-b693-d4edd01ecc1c_FORMATNAME</uuid>
                        <uuid>7568ffca-9dba-4509-9110-e5ec08377693_ACTIONCOMPLETED</uuid>
                        <uuid>bc8ab66e-5700-46a0-a28e-8a10d4a585d2_MAKEACTIVITYCDT</uuid>
                        <uuid>_a-0000def6-d094-8000-9ba2-011c48011c48_40410</uuid>
                        <uuid>_a-0000def6-d094-8000-9ba2-011c48011c48_40421</uuid>
                        <uuid>_a-0000def6-d094-8000-9ba2-011c48011c48_40417</uuid>
                        <uuid>_a-0000def6-d094-8000-9ba2-011c48011c48_40413</uuid>
                        <uuid>_a-0000def6-d094-8000-9ba2-011c48011c48_40428</uuid>
                        <uuid>_a-0000def6-d094-8000-9ba2-011c48011c48_40432</uuid>
                        <uuid>_a-0000def6-d094-8000-9ba2-011c48011c48_40436</uuid>
                        <uuid>_a-0000def6-d094-8000-9ba2-011c48011c48_40422</uuid>
                        <uuid>_a-0000def6-d094-8000-9ba2-011c48011c48_40433</uuid>
                        <uuid>b3d215d6-f546-4e63-9aba-d1493bc9990d_GETONERECORD</uuid>
                        <uuid>_a-0000def6-d094-8000-9ba2-011c48011c48_40435</uuid>
                        <uuid>_a-0000def6-d094-8000-9ba2-011c48011c48_40405</uuid>
                        <uuid>_a-0000def6-d094-8000-9ba2-011c48011c48_40427</uuid>
                        <uuid>_a-0000def6-d094-8000-9ba2-011c48011c48_40434</uuid>
                        <uuid>_a-0000def6-d094-8000-9ba2-011c48011c48_40442</uuid>
                        <uuid>68bae4be-b695-4566-a4fe-25fe9b689454_TASKFORM</uuid>
                        <uuid>_a-0000def6-d094-8000-9ba2-011c48011c48_40440</uuid>
                        <uuid>_a-0000def6-d094-8000-9ba2-011c48011c48_40439</uuid>
                        <uuid>_a-0000def6-d094-8000-9ba2-011c48011c48_40409</uuid>
                        <uuid>27792af2-568b-48ed-9ee2-0601334e9a42_ATTACH</uuid>
                        <uuid>_a-0000def6-d094-8000-9ba2-011c48011c48_40407</uuid>
                        <uuid>_a-0000def6-d094-8000-9ba2-011c48011c48_40430</uuid>
                        <uuid>_a-0000def6-d094-8000-9ba2-011c48011c48_40408</uuid>
                        <uuid>4403a9b1-7f45-418b-809f-3d50fb0f4147</uuid>
                        <uuid>_a-0000def6-d094-8000-9ba2-011c48011c48_40411</uuid>
                        <uuid>_a-0000def6-d094-8000-9ba2-011c48011c48_40406</uuid>
                        <uuid>_a-0000def6-d094-8000-9ba2-011c48011c48_40420</uuid>
                        <uuid>_a-0000def6-d094-8000-9ba2-011c48011c48_40412</uuid>
                        <uuid>_a-0000def6-d094-8000-9ba2-011c48011c48_40415</uuid>
                        <uuid>_a-0000def6-d094-8000-9ba2-011c48011c48_40425</uuid>
                        <uuid>_a-0000def6-d094-8000-9ba2-011c48011c48_40424</uuid>
                        <uuid>_a-0000def6-d094-8000-9ba2-011c48011c48_40444</uuid>
                        <uuid>_a-0000def6-d094-8000-9ba2-011c48011c48_40431</uuid>
                        <uuid>_a-0000def6-d094-8000-9ba2-011c48011c48_40437</uuid>
                        <uuid>_a-0000def6-d094-8000-9ba2-011c48011c48_40445</uuid>
                        <uuid>_a-0000def6-d094-8000-9ba2-011c48011c48_40443</uuid>
                        <uuid>_a-0000def6-d094-8000-9ba2-011c48011c48_40517</uuid>
                        <uuid>_a-0000dfd8-6941-8000-9ba2-011c48011c48_181533</uuid>
                        <uuid>_a-0000dfd8-6941-8000-9ba2-011c48011c48_181538</uuid>
                    </uuids>
                </item>
                <item>
                    <type>forum</type>
                    <uuids/>
                </item>
                <item>
                    <type>processModelFolder</type>
                    <uuids>
                        <uuid>9cd6ed26-72cf-435c-adb9-34c2c0b9b9d3</uuid>
                    </uuids>
                </item>
                <item>
                    <type>processModel</type>
                    <uuids>
                        <uuid>1ac93e58-72ea-458e-8aa8-89f4f01af146</uuid>
                        <uuid>a48ad90c-016a-4e3f-99af-2a931debf1a1</uuid>
                        <uuid>7efadc3d-10e3-4498-939d-810d8fe8bb6f</uuid>
                        <uuid>1dbee816-0496-4c9d-9a34-9f704605181f</uuid>
                    </uuids>
                </item>
                <item>
                    <type>portlet</type>
                    <uuids/>
                </item>
                <item>
                    <type>page</type>
                    <uuids/>
                </item>
                <item>
                    <type>application</type>
                    <uuids/>
                </item>
                <item>
                    <type>tempoFeed</type>
                    <uuids>
                        <uuid>9de2c815-1538-40fd-84ca-a518bbd089ad</uuid>
                    </uuids>
                </item>
                <item>
                    <type>recordType</type>
                    <uuids>
                        <uuid>0846f47f-dfc2-403d-b758-4126c6a734cd</uuid>
                    </uuids>
                </item>
                <item>
                    <type>tempoReport</type>
                    <uuids>
                        <uuid>f4f9d0b6-d8ac-4ff6-9367-a14faaae7748</uuid>
                    </uuids>
                </item>
                <item>
                    <type>taskReport</type>
                    <uuids>
                        <uuid>3c29e93a-a619-429b-82c1-827a177b1d42</uuid>
                    </uuids>
                </item>
                <item>
                    <type>webApi</type>
                    <uuids/>
                </item>
                <item>
                    <type>site</type>
                    <uuids>
                        <uuid>6cc0cd42-bec6-4495-a33c-4179a8bd5f7c_SITE</uuid>
                    </uuids>
                </item>
                <item>
                    <type>adminSetting</type>
                    <uuids/>
                </item>
                <item>
                    <type>thirdPartyCredentials</type>
                    <uuids/>
                </item>
                <item>
                    <type>dataSource</type>
                    <uuids/>
                </item>
                <item>
                    <type>embeddedSailTheme</type>
                    <uuids/>
                </item>
                <item>
                    <type>connectedSystem</type>
                    <uuids/>
                </item>
            </globalIdMap>
        </associatedObjects>
        <applicationNavigation/>
        <applicationActions>
            <action>
                <displayLabel>New Vehicle</displayLabel>
                <description>Create a new Vehicle</description>
                <processModelUuid>1dbee816-0496-4c9d-9a34-9f704605181f</processModelUuid>
                <actionUuid>5a24d886-ec1f-4ec7-b2ae-80933da23eb5</actionUuid>
            </action>
        </applicationActions>
        <associatedApplications>
            <globalIdMap>
                <item>
                    <type>datatype</type>
                    <uuids/>
                </item>
                <item>
                    <type>dataStore</type>
                    <uuids/>
                </item>
                <item>
                    <type>user</type>
                    <uuids/>
                </item>
                <item>
                    <type>groupType</type>
                    <uuids/>
                </item>
                <item>
                    <type>group</type>
                    <uuids/>
                </item>
                <item>
                    <type>content</type>
                    <uuids/>
                </item>
                <item>
                    <type>forum</type>
                    <uuids/>
                </item>
                <item>
                    <type>processModelFolder</type>
                    <uuids/>
                </item>
                <item>
                    <type>processModel</type>
                    <uuids/>
                </item>
                <item>
                    <type>portlet</type>
                    <uuids/>
                </item>
                <item>
                    <type>page</type>
                    <uuids/>
                </item>
                <item>
                    <type>application</type>
                    <uuids/>
                </item>
                <item>
                    <type>tempoFeed</type>
                    <uuids/>
                </item>
                <item>
                    <type>recordType</type>
                    <uuids/>
                </item>
                <item>
                    <type>tempoReport</type>
                    <uuids/>
                </item>
                <item>
                    <type>taskReport</type>
                    <uuids/>
                </item>
                <item>
                    <type>webApi</type>
                    <uuids/>
                </item>
                <item>
                    <type>site</type>
                    <uuids/>
                </item>
                <item>
                    <type>adminSetting</type>
                    <uuids/>
                </item>
                <item>
                    <type>thirdPartyCredentials</type>
                    <uuids/>
                </item>
                <item>
                    <type>dataSource</type>
                    <uuids/>
                </item>
                <item>
                    <type>embeddedSailTheme</type>
                    <uuids/>
                </item>
                <item>
                    <type>connectedSystem</type>
                    <uuids/>
                </item>
            </globalIdMap>
        </associatedApplications>
    </application>
    <roleMap>
        <contentRoleMap public="true">
            <role inherit="false" allowForAll="false" name="readers">
                <users/>
                <groups/>
            </role>
            <role inherit="false" allowForAll="false" name="authors">
                <users/>
                <groups/>
            </role>
            <role inherit="false" allowForAll="false" name="administrators">
                <users/>
                <groups>
                    <groupUuid>_e-0000def6-d077-8000-9aee-01075c01075c_91</groupUuid>
                </groups>
            </role>
            <role inherit="false" allowForAll="false" name="denyReaders">
                <users/>
                <groups/>
            </role>
            <role inherit="false" allowForAll="false" name="denyAuthors">
                <users/>
                <groups/>
            </role>
            <role inherit="false" allowForAll="false" name="denyAdministrators">
                <users/>
                <groups/>
            </role>
        </contentRoleMap>
    </roleMap>
    <history>
        <historyInfo versionUuid="_a-0000df6a-d82f-8000-9ba2-011c48011c48_112726"/>
        <historyInfo versionUuid="_a-0000dfd8-6941-8000-9ba2-011c48011c48_181543"/>
    </history>
</applicationHaul>
