<?xml version="1.0" encoding="UTF-8" standalone="yes"?>
<recordTypeHaul xmlns:a="http://www.appian.com/ae/types/2009">
    <versionUuid>01c8c047-e421-4563-bcd0-e2632e5908ce</versionUuid>
    <recordType a:uuid="ba203ca9-b15a-4ff5-b17c-7ba82c32305b" name="User Profiles">
        <a:pluralName>User Profile</a:pluralName>
        <a:description>CTMS: Directory of site personnel</a:description>
        <a:urlStub>PYDbWw</a:urlStub>
        <a:source xmlns:xsi="http://www.w3.org/2001/XMLSchema-instance" xsi:type="a:DataStoreEntity" a:uuid="5da7b82f-4a82-4ffe-ba83-e6db24d83b49@_a-0000dcd5-e7b4-8000-daab-640000640000_6413"/>
        <a:listViewTemplateExpr>#"SYSTEM_SYSRULES_listViewItem"(
  image: touser(rf!userName),
  title: rf!lastName&amp;" "&amp;rf!firstName&amp;" | "&amp;rf!role,
  details: "Phone: "&amp;rf!workPhoneNumber &amp;" | email: "&amp;rf!emailAddress
)</a:listViewTemplateExpr>
        <a:detailViewCfg>
            <a:nameExpr>="Summary"</a:nameExpr>
            <a:uiExpr>#"2773beec-0945-4f1f-a981-d6e245df2d4e"(ID:rf!identifier)</a:uiExpr>
            <a:visibilityExpr>=true()</a:visibilityExpr>
            <a:urlStub>summary</a:urlStub>
            <a:headerExpr></a:headerExpr>
            <a:relatedActionCfg>f34d9c4b-b127-4d3b-a071-eb7feb5f150d</a:relatedActionCfg>
        </a:detailViewCfg>
        <a:defaultFilter>
            <a:field>userName</a:field>
            <a:operator>in</a:operator>
            <a:valueExpression>load(
    local!sites: #"_a-0000ddf1-7abf-8000-daab-640000640000_21230"(tostring(fn!loggedInUser())).siteIdentifier,
    if(length(local!sites) &gt; 0,
    #"_a-0000ddf1-7abf-8000-daab-640000640000_21704"(local!sites[1]).username,
    {""})
  )</a:valueExpression>
        </a:defaultFilter>
        <a:defaultSortInfo>
            <field>lastName</field>
            <ascending>true</ascending>
        </a:defaultSortInfo>
        <a:relatedActionCfg>
            <a:target xmlns:xsi="http://www.w3.org/2001/XMLSchema-instance" xsi:type="a:ProcessModel" a:uuid="0002dcde-0a88-8000-daab-640000640000"/>
            <a:contextExpr>{}</a:contextExpr>
            <a:visibilityExpr>true()</a:visibilityExpr>
            <a:iconId>f0e7</a:iconId>
            <a:refId>f34d9c4b-b127-4d3b-a071-eb7feb5f150d</a:refId>
        </a:relatedActionCfg>
        <a:isSystem>false</a:isSystem>
        <a:dataSrcExpr></a:dataSrcExpr>
        <a:facetsListExpr></a:facetsListExpr>
        <a:titleExpr></a:titleExpr>
        <a:defaultFiltersExpr></a:defaultFiltersExpr>
        <a:layoutType>FEED</a:layoutType>
        <a:security>16383</a:security>
        <a:hideLatestNews>false</a:hideLatestNews>
    </recordType>
    <roleMap>
        <role name="record_type_administrator">
            <users/>
            <groups>
                <groupUuid>_e-0000dd39-67e0-8000-daa7-640000640000_75</groupUuid>
            </groups>
        </role>
        <role name="record_type_viewer">
            <users/>
            <groups>
                <groupUuid>_e-0001dccd-fe85-8000-daa7-640000640000_67</groupUuid>
            </groups>
        </role>
    </roleMap>
    <history>
        <historyInfo versionUuid="01c8c047-e421-4563-bcd0-e2632e5908ce"/>
    </history>
</recordTypeHaul>
