<?xml version="1.0" encoding="UTF-8" standalone="yes"?>
<recordTypeHaul xmlns:a="http://www.appian.com/ae/types/2009">
    <versionUuid>e59f3def-8c1b-4c7d-a2ee-ba0709e091f8</versionUuid>
    <recordType a:uuid="cd6cb4e3-13ad-4f29-9ccd-3bdb70f9a89c" name="Protocol Site List">
        <a:pluralName>Protocol Site </a:pluralName>
        <a:description>CTMS: List of Protocol Sites</a:description>
        <a:urlStub>ys0PmA</a:urlStub>
        <a:source xmlns:xsi="http://www.w3.org/2001/XMLSchema-instance" xsi:type="a:DataStoreEntity" a:uuid="230b7c19-b4f1-4385-96a3-2c358774ed45@_a-0000ddcb-815e-8000-daab-640000640000_18429"/>
        <a:listViewTemplateExpr>#"feada343-e6ce-48f0-b935-5beef43e52c9"()</a:listViewTemplateExpr>
        <a:fieldCfg name="Status">
            <a:isSortable>false</a:isSortable>
            <a:isSearchable>false</a:isSearchable>
            <a:isFacet>true</a:isFacet>
            <a:facetType>EXPRESSION</a:facetType>
            <a:isExclusiveFacet>true</a:isExclusiveFacet>
            <a:facetExpr>#"ae7fc2b7-0da2-43af-aa2b-f678bf8bcbc1"()</a:facetExpr>
            <a:sortOrderIndex>0</a:sortOrderIndex>
            <a:facetOrderIndex>0</a:facetOrderIndex>
            <a:visibilityExpr></a:visibilityExpr>
            <a:defaultOptionExpr></a:defaultOptionExpr>
            <a:allowMultipleSelections>false</a:allowMultipleSelections>
        </a:fieldCfg>
        <a:fieldCfg name="Region">
            <a:isSortable>false</a:isSortable>
            <a:isSearchable>false</a:isSearchable>
            <a:isFacet>true</a:isFacet>
            <a:facetType>EXPRESSION</a:facetType>
            <a:isExclusiveFacet>true</a:isExclusiveFacet>
            <a:facetExpr>#"_a-0000dd4f-0404-8000-daab-640000640000_16712"()</a:facetExpr>
            <a:sortOrderIndex>1</a:sortOrderIndex>
            <a:facetOrderIndex>1</a:facetOrderIndex>
            <a:visibilityExpr></a:visibilityExpr>
            <a:defaultOptionExpr></a:defaultOptionExpr>
            <a:allowMultipleSelections>false</a:allowMultipleSelections>
        </a:fieldCfg>
        <a:fieldCfg name="Protocol">
            <a:isSortable>false</a:isSortable>
            <a:isSearchable>false</a:isSearchable>
            <a:isFacet>true</a:isFacet>
            <a:facetType>EXPRESSION</a:facetType>
            <a:isExclusiveFacet>true</a:isExclusiveFacet>
            <a:facetExpr>#"_a-0000dd4f-0404-8000-daab-640000640000_16720"()</a:facetExpr>
            <a:sortOrderIndex>2</a:sortOrderIndex>
            <a:facetOrderIndex>2</a:facetOrderIndex>
            <a:visibilityExpr></a:visibilityExpr>
            <a:defaultOptionExpr></a:defaultOptionExpr>
            <a:allowMultipleSelections>false</a:allowMultipleSelections>
        </a:fieldCfg>
        <a:detailViewCfg>
            <a:nameExpr>="Summary"</a:nameExpr>
            <a:uiExpr>#"_a-0000dcfa-ab37-8000-daab-640000640000_6859"(siteIdentifier:rf!siteIdentifier)</a:uiExpr>
            <a:visibilityExpr>=true()</a:visibilityExpr>
            <a:urlStub>summary</a:urlStub>
            <a:headerExpr></a:headerExpr>
        </a:detailViewCfg>
        <a:detailViewCfg>
            <a:nameExpr>"Site Document Compliance"</a:nameExpr>
            <a:uiExpr>#"_a-0000dcfa-ab37-8000-daab-640000640000_6970"(site:#"38c0b0ce-9c91-480f-9ee6-eda722584131"(ID:rf!siteIdentifier))</a:uiExpr>
            <a:visibilityExpr>=true()</a:visibilityExpr>
            <a:urlStub>_1mZnUw</a:urlStub>
            <a:headerExpr></a:headerExpr>
            <a:relatedActionCfg>37ee5879-92ac-4df9-a28a-88d28cba4793</a:relatedActionCfg>
        </a:detailViewCfg>
        <a:detailViewCfg>
            <a:nameExpr>"Payments"</a:nameExpr>
            <a:uiExpr>#"_a-0000dd3a-dada-8000-daab-640000640000_10990"(siteId: rf!siteIdentifier)</a:uiExpr>
            <a:visibilityExpr>=true()</a:visibilityExpr>
            <a:urlStub>_tpx8Ww</a:urlStub>
            <a:headerExpr></a:headerExpr>
            <a:relatedActionCfg>37ee5879-92ac-4df9-a28a-88d28cba4793</a:relatedActionCfg>
        </a:detailViewCfg>
        <a:detailViewCfg>
            <a:nameExpr>"Budgets"</a:nameExpr>
            <a:uiExpr>#"_a-0000dd3a-dada-8000-daab-640000640000_11007"(siteIdentifier:rf!siteIdentifier)</a:uiExpr>
            <a:visibilityExpr>=true()</a:visibilityExpr>
            <a:urlStub>_Hqn3PQ</a:urlStub>
            <a:headerExpr></a:headerExpr>
        </a:detailViewCfg>
        <a:detailViewCfg>
            <a:nameExpr>"Activities"</a:nameExpr>
            <a:uiExpr>#"_a-0000dd4f-0404-8000-daab-640000640000_16532"(siteId: rf!siteIdentifier)</a:uiExpr>
            <a:visibilityExpr>=true()</a:visibilityExpr>
            <a:urlStub>_c_Dz7A</a:urlStub>
            <a:headerExpr></a:headerExpr>
        </a:detailViewCfg>
        <a:defaultFilter>
            <a:field>hasAccess</a:field>
            <a:operator>includes</a:operator>
            <a:valueExpression>#"30601f19-d155-4551-abfe-f83286eae862"()</a:valueExpression>
        </a:defaultFilter>
        <a:defaultSortInfo>
            <field>siteIdentifier</field>
            <ascending>true</ascending>
        </a:defaultSortInfo>
        <a:relatedActionCfg>
            <a:target xmlns:xsi="http://www.w3.org/2001/XMLSchema-instance" xsi:type="a:ProcessModel" a:uuid="0002dd43-122b-8000-daab-640000640000"/>
            <a:contextExpr>{
  siteId: rf!siteIdentifier
}</a:contextExpr>
            <a:visibilityExpr>=true()</a:visibilityExpr>
            <a:iconId>f0e7</a:iconId>
            <a:refId>37ee5879-92ac-4df9-a28a-88d28cba4793</a:refId>
        </a:relatedActionCfg>
        <a:isSystem>false</a:isSystem>
        <a:dataSrcExpr></a:dataSrcExpr>
        <a:facetsListExpr></a:facetsListExpr>
        <a:titleExpr></a:titleExpr>
        <a:defaultFiltersExpr></a:defaultFiltersExpr>
        <a:layoutType>FEED</a:layoutType>
        <a:security>16383</a:security>
        <a:hideLatestNews>false</a:hideLatestNews>
    </recordType>
    <roleMap>
        <role name="record_type_administrator">
            <users/>
            <groups>
                <groupUuid>_e-0000dd39-67e0-8000-daa7-640000640000_75</groupUuid>
            </groups>
        </role>
        <role name="record_type_viewer">
            <users/>
            <groups>
                <groupUuid>_e-0001dccd-fe85-8000-daa7-640000640000_67</groupUuid>
            </groups>
        </role>
    </roleMap>
    <history>
        <historyInfo versionUuid="e59f3def-8c1b-4c7d-a2ee-ba0709e091f8"/>
    </history>
</recordTypeHaul>
