<?xml version="1.0" encoding="UTF-8" standalone="yes"?>
<processModelFolderHaul xmlns:a="http://www.appian.com/ae/types/2009">
    <versionUuid>_g-0000e026-1ca2-8000-f92f-7f0000014e7a_41</versionUuid>
    <processModelFolder>
        <name>IOT Models</name>
        <uuid>_g-0000df20-6987-8000-f335-014d98014d98_1</uuid>
        <description>Process models for the Appian IoT application</description>
    </processModelFolder>
    <roleMap>
        <role name="ADMIN_OWNER">
            <users/>
            <groups/>
        </role>
        <role name="EDITOR">
            <users/>
            <groups/>
        </role>
        <role name="EXPLICIT_NONMEMBER">
            <users/>
            <groups/>
        </role>
        <role name="VIEWER">
            <users/>
            <groups/>
        </role>
        <role name="MANAGER">
            <users/>
            <groups/>
        </role>
        <role name="INITIATOR">
            <users/>
            <groups/>
        </role>
    </roleMap>
    <history>
        <historyInfo versionUuid="_g-0000e026-1ca2-8000-f92f-7f0000014e7a_41"/>
    </history>
</processModelFolderHaul>
