<?xml version="1.0" encoding="UTF-8" standalone="yes"?>
<applicationHaul xmlns:a="http://www.appian.com/ae/types/2009">
    <versionUuid>_a-0000e026-1ca5-8000-9ba2-011c48011c48_380930</versionUuid>
    <application>
        <name>Appian IoT</name>
        <uuid>_a-0000df20-696c-8000-f367-01ef9001ef90_3321</uuid>
        <description>A base application for using IoT with Appian. Includes a process to deploy AWS Lambda functions.</description>
        <parentUuid>SYSTEM_APPLICATIONS_ROOT</parentUuid>
        <visibility>
            <advertise>false</advertise>
            <hierarchy>true</hierarchy>
            <indexable>true</indexable>
            <quota>false</quota>
            <searchable>true</searchable>
            <system>false</system>
            <unlogged>false</unlogged>
        </visibility>
        <urlIdentifier>zIIEqQ</urlIdentifier>
        <published>true</published>
        <public>false</public>
        <associatedObjects>
            <globalIdMap>
                <item>
                    <type>datatype</type>
                    <uuids/>
                </item>
                <item>
                    <type>dataStore</type>
                    <uuids/>
                </item>
                <item>
                    <type>user</type>
                    <uuids/>
                </item>
                <item>
                    <type>groupType</type>
                    <uuids/>
                </item>
                <item>
                    <type>group</type>
                    <uuids>
                        <uuid>_e-0000df20-697e-8000-f335-011e94011e94_12</uuid>
                    </uuids>
                </item>
                <item>
                    <type>content</type>
                    <uuids>
                        <uuid>_a-0000df20-696c-8000-f367-01ef9001ef90_3322</uuid>
                        <uuid>_a-0000df20-696c-8000-f367-01ef9001ef90_3323</uuid>
                        <uuid>_a-0000df20-696c-8000-f367-01ef9001ef90_3401</uuid>
                        <uuid>_a-0000df20-696c-8000-f367-01ef9001ef90_3402</uuid>
                        <uuid>_a-0000df20-696c-8000-f367-01ef9001ef90_3403</uuid>
                        <uuid>_a-0000df20-696c-8000-f367-01ef9001ef90_3404</uuid>
                        <uuid>_a-0000df20-696c-8000-f367-01ef9001ef90_3407</uuid>
                        <uuid>_a-0000df20-696c-8000-f367-01ef9001ef90_3410</uuid>
                        <uuid>_a-0000df20-696c-8000-f367-01ef9001ef90_3415</uuid>
                        <uuid>_a-0000df20-696c-8000-f367-01ef9001ef90_3417</uuid>
                    </uuids>
                </item>
                <item>
                    <type>forum</type>
                    <uuids/>
                </item>
                <item>
                    <type>processModelFolder</type>
                    <uuids>
                        <uuid>_g-0000df20-6987-8000-f335-014d98014d98_1</uuid>
                    </uuids>
                </item>
                <item>
                    <type>processModel</type>
                    <uuids>
                        <uuid>0002df20-8f1d-8000-f335-014d98014d98</uuid>
                        <uuid>0009df20-bce5-8000-f335-014d98014d98</uuid>
                        <uuid>0002df20-bdf0-8000-f335-014d98014d98</uuid>
                        <uuid>000fdf20-bf98-8000-f335-014d98014d98</uuid>
                        <uuid>0007df20-c115-8000-f335-014d98014d98</uuid>
                        <uuid>0005e02c-6807-8000-f92f-7f0000014e7a</uuid>
                    </uuids>
                </item>
                <item>
                    <type>portlet</type>
                    <uuids/>
                </item>
                <item>
                    <type>page</type>
                    <uuids/>
                </item>
                <item>
                    <type>application</type>
                    <uuids/>
                </item>
                <item>
                    <type>tempoFeed</type>
                    <uuids/>
                </item>
                <item>
                    <type>recordType</type>
                    <uuids/>
                </item>
                <item>
                    <type>tempoReport</type>
                    <uuids/>
                </item>
                <item>
                    <type>taskReport</type>
                    <uuids/>
                </item>
                <item>
                    <type>webApi</type>
                    <uuids>
                        <uuid>26107ba6-db18-4536-a0fc-50364a3cc6ef</uuid>
                    </uuids>
                </item>
                <item>
                    <type>site</type>
                    <uuids/>
                </item>
                <item>
                    <type>adminSetting</type>
                    <uuids/>
                </item>
                <item>
                    <type>thirdPartyCredentials</type>
                    <uuids/>
                </item>
                <item>
                    <type>dataSource</type>
                    <uuids/>
                </item>
                <item>
                    <type>embeddedSailTheme</type>
                    <uuids/>
                </item>
                <item>
                    <type>connectedSystem</type>
                    <uuids/>
                </item>
            </globalIdMap>
        </associatedObjects>
        <applicationNavigation/>
        <applicationActions>
            <action>
                <displayLabel>Start Alert</displayLabel>
                <description></description>
                <processModelUuid>000fdf20-bf98-8000-f335-014d98014d98</processModelUuid>
                <actionUuid>fa9e7b7a-60d2-43f5-9d41-0ec961bb352c</actionUuid>
            </action>
            <action>
                <displayLabel>Amazon Dash Controller </displayLabel>
                <description>Wrok</description>
                <processModelUuid>0009df20-bce5-8000-f335-014d98014d98</processModelUuid>
                <actionUuid>416b2b12-ffca-4a93-a6bb-01763fc672a1</actionUuid>
            </action>
            <action>
                <displayLabel>Deploy IoT Lambda Function</displayLabel>
                <description>Deploys Lambda Function to handle IoT events</description>
                <processModelUuid>0002df20-8f1d-8000-f335-014d98014d98</processModelUuid>
                <actionUuid>14056e81-880b-4b9a-87c7-779dea86b9ae</actionUuid>
            </action>
        </applicationActions>
        <associatedApplications>
            <globalIdMap>
                <item>
                    <type>datatype</type>
                    <uuids/>
                </item>
                <item>
                    <type>dataStore</type>
                    <uuids/>
                </item>
                <item>
                    <type>user</type>
                    <uuids/>
                </item>
                <item>
                    <type>groupType</type>
                    <uuids/>
                </item>
                <item>
                    <type>group</type>
                    <uuids/>
                </item>
                <item>
                    <type>content</type>
                    <uuids/>
                </item>
                <item>
                    <type>forum</type>
                    <uuids/>
                </item>
                <item>
                    <type>processModelFolder</type>
                    <uuids/>
                </item>
                <item>
                    <type>processModel</type>
                    <uuids/>
                </item>
                <item>
                    <type>portlet</type>
                    <uuids/>
                </item>
                <item>
                    <type>page</type>
                    <uuids/>
                </item>
                <item>
                    <type>application</type>
                    <uuids/>
                </item>
                <item>
                    <type>tempoFeed</type>
                    <uuids/>
                </item>
                <item>
                    <type>recordType</type>
                    <uuids/>
                </item>
                <item>
                    <type>tempoReport</type>
                    <uuids/>
                </item>
                <item>
                    <type>taskReport</type>
                    <uuids/>
                </item>
                <item>
                    <type>webApi</type>
                    <uuids/>
                </item>
                <item>
                    <type>site</type>
                    <uuids/>
                </item>
                <item>
                    <type>adminSetting</type>
                    <uuids/>
                </item>
                <item>
                    <type>thirdPartyCredentials</type>
                    <uuids/>
                </item>
                <item>
                    <type>dataSource</type>
                    <uuids/>
                </item>
                <item>
                    <type>embeddedSailTheme</type>
                    <uuids/>
                </item>
                <item>
                    <type>connectedSystem</type>
                    <uuids/>
                </item>
            </globalIdMap>
        </associatedApplications>
    </application>
    <roleMap>
        <contentRoleMap public="true">
            <role inherit="false" allowForAll="false" name="readers">
                <users/>
                <groups/>
            </role>
            <role inherit="false" allowForAll="false" name="authors">
                <users/>
                <groups/>
            </role>
            <role inherit="false" allowForAll="false" name="administrators">
                <users>
                    <userUuid>brad.chatham@appian.com</userUuid>
                </users>
                <groups/>
            </role>
            <role inherit="false" allowForAll="false" name="denyReaders">
                <users/>
                <groups/>
            </role>
            <role inherit="false" allowForAll="false" name="denyAuthors">
                <users/>
                <groups/>
            </role>
            <role inherit="false" allowForAll="false" name="denyAdministrators">
                <users/>
                <groups/>
            </role>
        </contentRoleMap>
    </roleMap>
    <history>
        <historyInfo versionUuid="_a-0000df75-0dfc-8000-9ba2-011c48011c48_22465"/>
        <historyInfo versionUuid="_a-0000e026-1ca5-8000-9ba2-011c48011c48_380928"/>
        <historyInfo versionUuid="_a-0000e026-1ca5-8000-9ba2-011c48011c48_380930"/>
    </history>
</applicationHaul>
